determine-services	Set up job	﻿2026-02-09T12:09:12.1875884Z Current runner version: '2.331.0'
determine-services	Set up job	2026-02-09T12:09:12.1901687Z ##[group]Runner Image Provisioner
determine-services	Set up job	2026-02-09T12:09:12.1902441Z Hosted Compute Agent
determine-services	Set up job	2026-02-09T12:09:12.1902990Z Version: 20260123.484
determine-services	Set up job	2026-02-09T12:09:12.1903596Z Commit: 6bd6555ca37d84114959e1c76d2c01448ff61c5d
determine-services	Set up job	2026-02-09T12:09:12.1904323Z Build Date: 2026-01-23T19:41:17Z
determine-services	Set up job	2026-02-09T12:09:12.1904926Z Worker ID: {240f024a-27ff-44a6-a2bb-2904d3e6441a}
determine-services	Set up job	2026-02-09T12:09:12.1905626Z Azure Region: eastus2
determine-services	Set up job	2026-02-09T12:09:12.1906181Z ##[endgroup]
determine-services	Set up job	2026-02-09T12:09:12.1907503Z ##[group]Operating System
determine-services	Set up job	2026-02-09T12:09:12.1908164Z Ubuntu
determine-services	Set up job	2026-02-09T12:09:12.1908657Z 24.04.3
determine-services	Set up job	2026-02-09T12:09:12.1909102Z LTS
determine-services	Set up job	2026-02-09T12:09:12.1909500Z ##[endgroup]
determine-services	Set up job	2026-02-09T12:09:12.1910392Z ##[group]Runner Image
determine-services	Set up job	2026-02-09T12:09:12.1910959Z Image: ubuntu-24.04
determine-services	Set up job	2026-02-09T12:09:12.1911443Z Version: 20260201.15.1
determine-services	Set up job	2026-02-09T12:09:12.1912513Z Included Software: https://github.com/actions/runner-images/blob/ubuntu24/20260201.15/images/ubuntu/Ubuntu2404-Readme.md
determine-services	Set up job	2026-02-09T12:09:12.1914114Z Image Release: https://github.com/actions/runner-images/releases/tag/ubuntu24%2F20260201.15
determine-services	Set up job	2026-02-09T12:09:12.1914965Z ##[endgroup]
determine-services	Set up job	2026-02-09T12:09:12.1916027Z ##[group]GITHUB_TOKEN Permissions
determine-services	Set up job	2026-02-09T12:09:12.1918685Z Contents: read
determine-services	Set up job	2026-02-09T12:09:12.1919252Z Metadata: read
determine-services	Set up job	2026-02-09T12:09:12.1920000Z Packages: read
determine-services	Set up job	2026-02-09T12:09:12.1920648Z ##[endgroup]
determine-services	Set up job	2026-02-09T12:09:12.1922753Z Secret source: Actions
determine-services	Set up job	2026-02-09T12:09:12.1923763Z Prepare workflow directory
determine-services	Set up job	2026-02-09T12:09:12.2250514Z Prepare all required actions
determine-services	Set up job	2026-02-09T12:09:12.2289118Z Getting action download info
determine-services	Set up job	2026-02-09T12:09:12.5218561Z Download action repository 'actions/checkout@v4' (SHA:34e114876b0b11c390a56381ad16ebd13914f8d5)
determine-services	Set up job	2026-02-09T12:09:12.7107041Z Complete job name: determine-services
determine-services	Checkout Code	﻿2026-02-09T12:09:12.7915321Z ##[group]Run actions/checkout@v4
determine-services	Checkout Code	2026-02-09T12:09:12.7916177Z with:
determine-services	Checkout Code	2026-02-09T12:09:12.7916573Z   fetch-depth: 0
determine-services	Checkout Code	2026-02-09T12:09:12.7916990Z   repository: ExecutESG/onton
determine-services	Checkout Code	2026-02-09T12:09:12.7917651Z   token: ***
determine-services	Checkout Code	2026-02-09T12:09:12.7918027Z   ssh-strict: true
determine-services	Checkout Code	2026-02-09T12:09:12.7918420Z   ssh-user: git
determine-services	Checkout Code	2026-02-09T12:09:12.7918809Z   persist-credentials: true
determine-services	Checkout Code	2026-02-09T12:09:12.7919252Z   clean: true
determine-services	Checkout Code	2026-02-09T12:09:12.7919809Z   sparse-checkout-cone-mode: true
determine-services	Checkout Code	2026-02-09T12:09:12.7920297Z   fetch-tags: false
determine-services	Checkout Code	2026-02-09T12:09:12.7920696Z   show-progress: true
determine-services	Checkout Code	2026-02-09T12:09:12.7921089Z   lfs: false
determine-services	Checkout Code	2026-02-09T12:09:12.7921450Z   submodules: false
determine-services	Checkout Code	2026-02-09T12:09:12.7921842Z   set-safe-directory: true
determine-services	Checkout Code	2026-02-09T12:09:12.7922517Z ##[endgroup]
determine-services	Checkout Code	2026-02-09T12:09:12.9035242Z Syncing repository: ExecutESG/onton
determine-services	Checkout Code	2026-02-09T12:09:12.9038038Z ##[group]Getting Git version info
determine-services	Checkout Code	2026-02-09T12:09:12.9039164Z Working directory is '/home/runner/work/onton/onton'
determine-services	Checkout Code	2026-02-09T12:09:12.9040995Z [command]/usr/bin/git version
determine-services	Checkout Code	2026-02-09T12:09:12.9106586Z git version 2.52.0
determine-services	Checkout Code	2026-02-09T12:09:12.9132490Z ##[endgroup]
determine-services	Checkout Code	2026-02-09T12:09:12.9154138Z Temporarily overriding HOME='/home/runner/work/_temp/1fa08ec8-4e86-4425-b77e-33f0ec05b3d4' before making global git config changes
determine-services	Checkout Code	2026-02-09T12:09:12.9155511Z Adding repository directory to the temporary git global config as a safe directory
determine-services	Checkout Code	2026-02-09T12:09:12.9160619Z [command]/usr/bin/git config --global --add safe.directory /home/runner/work/onton/onton
determine-services	Checkout Code	2026-02-09T12:09:12.9202414Z Deleting the contents of '/home/runner/work/onton/onton'
determine-services	Checkout Code	2026-02-09T12:09:12.9206283Z ##[group]Initializing the repository
determine-services	Checkout Code	2026-02-09T12:09:12.9211170Z [command]/usr/bin/git init /home/runner/work/onton/onton
determine-services	Checkout Code	2026-02-09T12:09:12.9320267Z hint: Using 'master' as the name for the initial branch. This default branch name
determine-services	Checkout Code	2026-02-09T12:09:12.9321740Z hint: will change to "main" in Git 3.0. To configure the initial branch name
determine-services	Checkout Code	2026-02-09T12:09:12.9322646Z hint: to use in all of your new repositories, which will suppress this warning,
determine-services	Checkout Code	2026-02-09T12:09:12.9323650Z hint: call:
determine-services	Checkout Code	2026-02-09T12:09:12.9324312Z hint:
determine-services	Checkout Code	2026-02-09T12:09:12.9324839Z hint: 	git config --global init.defaultBranch <name>
determine-services	Checkout Code	2026-02-09T12:09:12.9326030Z hint:
determine-services	Checkout Code	2026-02-09T12:09:12.9327012Z hint: Names commonly chosen instead of 'master' are 'main', 'trunk' and
determine-services	Checkout Code	2026-02-09T12:09:12.9328631Z hint: 'development'. The just-created branch can be renamed via this command:
determine-services	Checkout Code	2026-02-09T12:09:12.9330164Z hint:
determine-services	Checkout Code	2026-02-09T12:09:12.9330869Z hint: 	git branch -m <name>
determine-services	Checkout Code	2026-02-09T12:09:12.9331684Z hint:
determine-services	Checkout Code	2026-02-09T12:09:12.9332715Z hint: Disable this message with "git config set advice.defaultBranchName false"
determine-services	Checkout Code	2026-02-09T12:09:12.9334308Z Initialized empty Git repository in /home/runner/work/onton/onton/.git/
determine-services	Checkout Code	2026-02-09T12:09:12.9338626Z [command]/usr/bin/git remote add origin https://github.com/ExecutESG/onton
determine-services	Checkout Code	2026-02-09T12:09:12.9374288Z ##[endgroup]
determine-services	Checkout Code	2026-02-09T12:09:12.9375502Z ##[group]Disabling automatic garbage collection
determine-services	Checkout Code	2026-02-09T12:09:12.9379213Z [command]/usr/bin/git config --local gc.auto 0
determine-services	Checkout Code	2026-02-09T12:09:12.9407650Z ##[endgroup]
determine-services	Checkout Code	2026-02-09T12:09:12.9408846Z ##[group]Setting up auth
determine-services	Checkout Code	2026-02-09T12:09:12.9415268Z [command]/usr/bin/git config --local --name-only --get-regexp core\.sshCommand
determine-services	Checkout Code	2026-02-09T12:09:12.9445335Z [command]/usr/bin/git submodule foreach --recursive sh -c "git config --local --name-only --get-regexp 'core\.sshCommand' && git config --local --unset-all 'core.sshCommand' || :"
determine-services	Checkout Code	2026-02-09T12:09:12.9792633Z [command]/usr/bin/git config --local --name-only --get-regexp http\.https\:\/\/github\.com\/\.extraheader
determine-services	Checkout Code	2026-02-09T12:09:12.9823922Z [command]/usr/bin/git submodule foreach --recursive sh -c "git config --local --name-only --get-regexp 'http\.https\:\/\/github\.com\/\.extraheader' && git config --local --unset-all 'http.https://github.com/.extraheader' || :"
determine-services	Checkout Code	2026-02-09T12:09:13.0048524Z [command]/usr/bin/git config --local --name-only --get-regexp ^includeIf\.gitdir:
determine-services	Checkout Code	2026-02-09T12:09:13.0081965Z [command]/usr/bin/git submodule foreach --recursive git config --local --show-origin --name-only --get-regexp remote.origin.url
determine-services	Checkout Code	2026-02-09T12:09:13.0308224Z [command]/usr/bin/git config --local http.https://github.com/.extraheader AUTHORIZATION: basic ***
determine-services	Checkout Code	2026-02-09T12:09:13.0343417Z ##[endgroup]
determine-services	Checkout Code	2026-02-09T12:09:13.0352282Z ##[group]Fetching the repository
determine-services	Checkout Code	2026-02-09T12:09:13.0354341Z [command]/usr/bin/git -c protocol.version=2 fetch --prune --no-recurse-submodules origin +refs/heads/*:refs/remotes/origin/* +refs/tags/*:refs/tags/*
determine-services	Checkout Code	2026-02-09T12:09:14.8633317Z From https://github.com/ExecutESG/onton
determine-services	Checkout Code	2026-02-09T12:09:14.8636797Z  * [new branch]        codex/update-expired-tournament-activity-dates -> origin/codex/update-expired-tournament-activity-dates
determine-services	Checkout Code	2026-02-09T12:09:14.8640339Z  * [new branch]        dev                     -> origin/dev
determine-services	Checkout Code	2026-02-09T12:09:14.8641722Z  * [new branch]        feat/cats               -> origin/feat/cats
determine-services	Checkout Code	2026-02-09T12:09:14.8643097Z  * [new branch]        feat/claim_points       -> origin/feat/claim_points
determine-services	Checkout Code	2026-02-09T12:09:14.8644655Z  * [new branch]        feat/conflict           -> origin/feat/conflict
determine-services	Checkout Code	2026-02-09T12:09:14.8646072Z  * [new branch]        feat/giveaway           -> origin/feat/giveaway
determine-services	Checkout Code	2026-02-09T12:09:14.8647629Z  * [new branch]        feat/multi-ticket       -> origin/feat/multi-ticket
determine-services	Checkout Code	2026-02-09T12:09:14.8649929Z  * [new branch]        feat/nft-api            -> origin/feat/nft-api
determine-services	Checkout Code	2026-02-09T12:09:14.8651338Z  * [new branch]        feat/oauth              -> origin/feat/oauth
determine-services	Checkout Code	2026-02-09T12:09:14.8652766Z  * [new branch]        feat/point_details      -> origin/feat/point_details
determine-services	Checkout Code	2026-02-09T12:09:14.8654153Z  * [new branch]        main                    -> origin/main
determine-services	Checkout Code	2026-02-09T12:09:14.8655574Z  * [new branch]        muti-ticket-remove-ptma -> origin/muti-ticket-remove-ptma
determine-services	Checkout Code	2026-02-09T12:09:14.8657184Z  * [new branch]        staging                 -> origin/staging
determine-services	Checkout Code	2026-02-09T12:09:14.8658900Z  * [new branch]        update/promotion-code   -> origin/update/promotion-code
determine-services	Checkout Code	2026-02-09T12:09:14.8660899Z  * [new tag]           0.13.0                  -> 0.13.0
determine-services	Checkout Code	2026-02-09T12:09:14.8662212Z  * [new tag]           0.14.0                  -> 0.14.0
determine-services	Checkout Code	2026-02-09T12:09:14.8663482Z  * [new tag]           0.14.1                  -> 0.14.1
determine-services	Checkout Code	2026-02-09T12:09:14.8665048Z  * [new tag]           0.6.2                   -> 0.6.2
determine-services	Checkout Code	2026-02-09T12:09:14.8666296Z  * [new tag]           v0.5.1                  -> v0.5.1
determine-services	Checkout Code	2026-02-09T12:09:14.8667562Z  * [new tag]           v0.5.2                  -> v0.5.2
determine-services	Checkout Code	2026-02-09T12:09:14.8668811Z  * [new tag]           v0.5.3                  -> v0.5.3
determine-services	Checkout Code	2026-02-09T12:09:14.8670276Z  * [new tag]           v0.6.0                  -> v0.6.0
determine-services	Checkout Code	2026-02-09T12:09:14.8671528Z  * [new tag]           v0.7.0                  -> v0.7.0
determine-services	Checkout Code	2026-02-09T12:09:14.8672854Z  * [new tag]           v0.7.1                  -> v0.7.1
determine-services	Checkout Code	2026-02-09T12:09:14.8674089Z  * [new tag]           v0.7.2                  -> v0.7.2
determine-services	Checkout Code	2026-02-09T12:09:14.8675248Z  * [new tag]           v0.8.0                  -> v0.8.0
determine-services	Checkout Code	2026-02-09T12:09:14.8676436Z  * [new tag]           v0.9.4                  -> v0.9.4
determine-services	Checkout Code	2026-02-09T12:09:14.8677592Z  * [new tag]           v0.9.6                  -> v0.9.6
determine-services	Checkout Code	2026-02-09T12:09:14.8718606Z [command]/usr/bin/git branch --list --remote origin/dev
determine-services	Checkout Code	2026-02-09T12:09:14.8745836Z   origin/dev
determine-services	Checkout Code	2026-02-09T12:09:14.8755627Z [command]/usr/bin/git rev-parse refs/remotes/origin/dev
determine-services	Checkout Code	2026-02-09T12:09:14.8777164Z 0c3bec63c4903a99acde2a599f1cd5d98df508ae
determine-services	Checkout Code	2026-02-09T12:09:14.8782971Z ##[endgroup]
determine-services	Checkout Code	2026-02-09T12:09:14.8784150Z ##[group]Determining the checkout info
determine-services	Checkout Code	2026-02-09T12:09:14.8785613Z ##[endgroup]
determine-services	Checkout Code	2026-02-09T12:09:14.8790145Z [command]/usr/bin/git sparse-checkout disable
determine-services	Checkout Code	2026-02-09T12:09:14.8830714Z [command]/usr/bin/git config --local --unset-all extensions.worktreeConfig
determine-services	Checkout Code	2026-02-09T12:09:14.8860561Z ##[group]Checking out the ref
determine-services	Checkout Code	2026-02-09T12:09:14.8863881Z [command]/usr/bin/git checkout --progress --force -B dev refs/remotes/origin/dev
determine-services	Checkout Code	2026-02-09T12:09:15.1613358Z Switched to a new branch 'dev'
determine-services	Checkout Code	2026-02-09T12:09:15.1615002Z branch 'dev' set up to track 'origin/dev'.
determine-services	Checkout Code	2026-02-09T12:09:15.1650627Z ##[endgroup]
determine-services	Checkout Code	2026-02-09T12:09:15.1687418Z [command]/usr/bin/git log -1 --format=%H
determine-services	Checkout Code	2026-02-09T12:09:15.1710247Z 0c3bec63c4903a99acde2a599f1cd5d98df508ae
determine-services	Determine Services to Build	﻿2026-02-09T12:09:15.1930941Z ##[group]Run echo "Determining services that have changed..."
determine-services	Determine Services to Build	2026-02-09T12:09:15.1932265Z [36;1mecho "Determining services that have changed..."[0m
determine-services	Determine Services to Build	2026-02-09T12:09:15.1933766Z [36;1mchanged_files=$(git diff --name-only "beb2fcb93db685caf586df53791b4e56088f0a4c" "0c3bec63c4903a99acde2a599f1cd5d98df508ae")[0m
determine-services	Determine Services to Build	2026-02-09T12:09:15.1935207Z [36;1mecho "Changed files: $changed_files"[0m
determine-services	Determine Services to Build	2026-02-09T12:09:15.1936211Z [36;1mdeclare -a services_to_build=()[0m
determine-services	Determine Services to Build	2026-02-09T12:09:15.1937225Z [36;1m# Define service directory mappings[0m
determine-services	Determine Services to Build	2026-02-09T12:09:15.1938254Z [36;1m#  ["client-web"]="client-web-panel"[0m
determine-services	Determine Services to Build	2026-02-09T12:09:15.1939256Z [36;1mdeclare -A service_dirs=([0m
determine-services	Determine Services to Build	2026-02-09T12:09:15.1940447Z [36;1m  ["mini-app"]="mini-app"[0m
determine-services	Determine Services to Build	2026-02-09T12:09:15.1941505Z [36;1m  ["participant-tma"]="newton/apps/participant-tma"[0m
determine-services	Determine Services to Build	2026-02-09T12:09:15.1942618Z [36;1m  ["telegram-bot"]="telegram-bot"[0m
determine-services	Determine Services to Build	2026-02-09T12:09:15.1943593Z [36;1m  ["website"]="website"[0m
determine-services	Determine Services to Build	2026-02-09T12:09:15.1944517Z [36;1m  ["caddy"]="devops"[0m
determine-services	Determine Services to Build	2026-02-09T12:09:15.1945400Z [36;1m  ["swagger-ui"]="swagger"[0m
determine-services	Determine Services to Build	2026-02-09T12:09:15.1946236Z [36;1m)[0m
determine-services	Determine Services to Build	2026-02-09T12:09:15.1947150Z [36;1m# If Trigger-full-build.txt has changed, add all services[0m
determine-services	Determine Services to Build	2026-02-09T12:09:15.1948289Z [36;1mif echo "$changed_files" | grep -q "^Trigger-full-build.txt$"; then[0m
determine-services	Determine Services to Build	2026-02-09T12:09:15.1949467Z [36;1m  echo "Trigger-full-build.txt has changed, rebuilding all services."[0m
determine-services	Determine Services to Build	2026-02-09T12:09:15.1950749Z [36;1m  services_to_build=("${!service_dirs[@]}")[0m
determine-services	Determine Services to Build	2026-02-09T12:09:15.1951649Z [36;1melse[0m
determine-services	Determine Services to Build	2026-02-09T12:09:15.1952452Z [36;1m  for service in "${!service_dirs[@]}"; do[0m
determine-services	Determine Services to Build	2026-02-09T12:09:15.1953491Z [36;1m    if echo "$changed_files" | grep -q "^${service_dirs[$service]}"; then[0m
determine-services	Determine Services to Build	2026-02-09T12:09:15.1954509Z [36;1m      services_to_build+=("$service")[0m
determine-services	Determine Services to Build	2026-02-09T12:09:15.1955362Z [36;1m    fi[0m
determine-services	Determine Services to Build	2026-02-09T12:09:15.1956096Z [36;1m  done[0m
determine-services	Determine Services to Build	2026-02-09T12:09:15.1957045Z [36;1mfi[0m
determine-services	Determine Services to Build	2026-02-09T12:09:15.1957869Z [36;1m# Add 'telegram-bot' if no services have changed[0m
determine-services	Determine Services to Build	2026-02-09T12:09:15.1958852Z [36;1mif [ ${#services_to_build[@]} -eq 0 ]; then[0m
determine-services	Determine Services to Build	2026-02-09T12:09:15.1960077Z [36;1m  echo "No services have changed, defaulting to 'telegram-bot'."[0m
determine-services	Determine Services to Build	2026-02-09T12:09:15.1961129Z [36;1mservices_to_build+=("telegram-bot")[0m
determine-services	Determine Services to Build	2026-02-09T12:09:15.1961965Z [36;1mfi[0m
determine-services	Determine Services to Build	2026-02-09T12:09:15.1962741Z [36;1mif [ ${#services_to_build[@]} -eq 0 ]; then[0m
determine-services	Determine Services to Build	2026-02-09T12:09:15.1963726Z [36;1m  echo "No services have changes, skipping build."[0m
determine-services	Determine Services to Build	2026-02-09T12:09:15.1964635Z [36;1m  services_json="[]"[0m
determine-services	Determine Services to Build	2026-02-09T12:09:15.1965414Z [36;1melse[0m
determine-services	Determine Services to Build	2026-02-09T12:09:15.1966358Z [36;1m  services_json=$(printf '%s\n' "${services_to_build[@]}" | jq -R . | jq -s -c .)[0m
determine-services	Determine Services to Build	2026-02-09T12:09:15.1967387Z [36;1mfi[0m
determine-services	Determine Services to Build	2026-02-09T12:09:15.1968096Z [36;1m[0m
determine-services	Determine Services to Build	2026-02-09T12:09:15.1968866Z [36;1mecho "Services to build: $services_json"[0m
determine-services	Determine Services to Build	2026-02-09T12:09:15.1970050Z [36;1mecho "services=$services_json" >> $GITHUB_OUTPUT[0m
determine-services	Determine Services to Build	2026-02-09T12:09:15.1970993Z [36;1m[0m
determine-services	Determine Services to Build	2026-02-09T12:09:15.1971707Z [36;1m[0m
determine-services	Determine Services to Build	2026-02-09T12:09:15.1972717Z [36;1mif [ -z "TELEGRAM_BOT_TOKEN_FOR_DEPLOYMENT" ] || [ -z "$TELEGRAM_CHAT_ID_FOR_DEPLOYMENT" ]; then[0m
determine-services	Determine Services to Build	2026-02-09T12:09:15.1974008Z [36;1m  echo "Error: Telegram  deployment bot vars  are not set or are empty."[0m
determine-services	Determine Services to Build	2026-02-09T12:09:15.1975020Z [36;1m  exit 1[0m
determine-services	Determine Services to Build	2026-02-09T12:09:15.1975755Z [36;1mfi[0m
determine-services	Determine Services to Build	2026-02-09T12:09:15.1976470Z [36;1m[0m
determine-services	Determine Services to Build	2026-02-09T12:09:15.1977614Z [36;1mcurl -s -X POST "https://api.telegram.org/bot$TELEGRAM_BOT_TOKEN_FOR_DEPLOYMENT/sendMessage" \[0m
determine-services	Determine Services to Build	2026-02-09T12:09:15.1978852Z [36;1m  -d chat_id="$TELEGRAM_CHAT_ID_FOR_DEPLOYMENT" \[0m
determine-services	Determine Services to Build	2026-02-09T12:09:15.1979940Z [36;1m  -d text="[0m
determine-services	Determine Services to Build	2026-02-09T12:09:15.1980784Z [36;1m  🔄 Build Started for ExecutESG/onton[0m
determine-services	Determine Services to Build	2026-02-09T12:09:15.1981680Z [36;1m  🧑Actor: bemehrbani[0m
determine-services	Determine Services to Build	2026-02-09T12:09:15.1982552Z [36;1m  >> Changed services:  $services_json  [0m
determine-services	Determine Services to Build	2026-02-09T12:09:15.1983465Z [36;1m  📝 branch: refs/heads/dev[0m
determine-services	Determine Services to Build	2026-02-09T12:09:15.1984906Z [36;1m  🔍 See Changes: https://github.com/ExecutESG/onton/commit/0c3bec63c4903a99acde2a599f1cd5d98df508ae"[0m
determine-services	Determine Services to Build	2026-02-09T12:09:15.2021738Z shell: /usr/bin/bash -e {0}
determine-services	Determine Services to Build	2026-02-09T12:09:15.2022592Z env:
determine-services	Determine Services to Build	2026-02-09T12:09:15.2023542Z   TELEGRAM_BOT_TOKEN_FOR_DEPLOYMENT: 7604730825:AAHhtwa4bGhELsBn2VqUxIIFXVJkRJfKuDs
determine-services	Determine Services to Build	2026-02-09T12:09:15.2024685Z   TELEGRAM_CHAT_ID_FOR_DEPLOYMENT: -1003715829795
determine-services	Determine Services to Build	2026-02-09T12:09:15.2025571Z ##[endgroup]
determine-services	Determine Services to Build	2026-02-09T12:09:15.2100722Z Determining services that have changed...
determine-services	Determine Services to Build	2026-02-09T12:09:15.2120871Z Changed files: .github/workflows/build-push-deploy.yml
determine-services	Determine Services to Build	2026-02-09T12:09:15.2121836Z docker-compose-server-dev.yml
determine-services	Determine Services to Build	2026-02-09T12:09:15.2224771Z No services have changed, defaulting to 'telegram-bot'.
determine-services	Determine Services to Build	2026-02-09T12:09:15.2257433Z Services to build: ["telegram-bot"]
determine-services	Determine Services to Build	2026-02-09T12:09:15.6176330Z {"ok":true,"result":{"message_id":226,"sender_chat":{"id":-1003715829795,"title":"ONTON LOGs","type":"channel"},"chat":{"id":-1003715829795,"title":"ONTON LOGs","type":"channel"},"date":1770638955,"text":"\ud83d\udd04 Build Started for ExecutESG/onton\n  \ud83e\uddd1Actor: bemehrbani\n  >> Changed services:  [\"telegram-bot\"]  \n  \ud83d\udcdd branch: refs/heads/dev\n  \ud83d\udd0d See Changes: https://github.com/ExecutESG/onton/commit/0c3bec63c4903a99acde2a599f1cd5d98df508ae","entities":[{"offset":148,"length":82,"type":"url"}],"link_preview_options":{"url":"https://github.com/ExecutESG/onton/commit/0c3bec63c4903a99acde2a599f1cd5d98df508ae"}}}
determine-services	Post Checkout Code	﻿2026-02-09T12:09:15.6285762Z Post job cleanup.
determine-services	Post Checkout Code	2026-02-09T12:09:15.7212976Z [command]/usr/bin/git version
determine-services	Post Checkout Code	2026-02-09T12:09:15.7248009Z git version 2.52.0
determine-services	Post Checkout Code	2026-02-09T12:09:15.7291423Z Temporarily overriding HOME='/home/runner/work/_temp/39e7b651-3ffc-4a3c-83f9-0184132efa14' before making global git config changes
determine-services	Post Checkout Code	2026-02-09T12:09:15.7292870Z Adding repository directory to the temporary git global config as a safe directory
determine-services	Post Checkout Code	2026-02-09T12:09:15.7297914Z [command]/usr/bin/git config --global --add safe.directory /home/runner/work/onton/onton
determine-services	Post Checkout Code	2026-02-09T12:09:15.7338360Z [command]/usr/bin/git config --local --name-only --get-regexp core\.sshCommand
determine-services	Post Checkout Code	2026-02-09T12:09:15.7370026Z [command]/usr/bin/git submodule foreach --recursive sh -c "git config --local --name-only --get-regexp 'core\.sshCommand' && git config --local --unset-all 'core.sshCommand' || :"
determine-services	Post Checkout Code	2026-02-09T12:09:15.7598091Z [command]/usr/bin/git config --local --name-only --get-regexp http\.https\:\/\/github\.com\/\.extraheader
determine-services	Post Checkout Code	2026-02-09T12:09:15.7618614Z http.https://github.com/.extraheader
determine-services	Post Checkout Code	2026-02-09T12:09:15.7631101Z [command]/usr/bin/git config --local --unset-all http.https://github.com/.extraheader
determine-services	Post Checkout Code	2026-02-09T12:09:15.7660770Z [command]/usr/bin/git submodule foreach --recursive sh -c "git config --local --name-only --get-regexp 'http\.https\:\/\/github\.com\/\.extraheader' && git config --local --unset-all 'http.https://github.com/.extraheader' || :"
determine-services	Post Checkout Code	2026-02-09T12:09:15.7880350Z [command]/usr/bin/git config --local --name-only --get-regexp ^includeIf\.gitdir:
determine-services	Post Checkout Code	2026-02-09T12:09:15.7910478Z [command]/usr/bin/git submodule foreach --recursive git config --local --show-origin --name-only --get-regexp remote.origin.url
determine-services	Complete job	﻿2026-02-09T12:09:15.8256283Z Evaluate and set job outputs
determine-services	Complete job	2026-02-09T12:09:15.8262201Z Set output 'services_to_build'
determine-services	Complete job	2026-02-09T12:09:15.8263970Z Cleaning up orphan processes
build-and-push (telegram-bot)	Set up job	﻿2026-02-09T12:09:21.5529352Z Current runner version: '2.331.0'
build-and-push (telegram-bot)	Set up job	2026-02-09T12:09:21.5558498Z ##[group]Runner Image Provisioner
build-and-push (telegram-bot)	Set up job	2026-02-09T12:09:21.5560264Z Hosted Compute Agent
build-and-push (telegram-bot)	Set up job	2026-02-09T12:09:21.5561749Z Version: 20260123.484
build-and-push (telegram-bot)	Set up job	2026-02-09T12:09:21.5563248Z Commit: 6bd6555ca37d84114959e1c76d2c01448ff61c5d
build-and-push (telegram-bot)	Set up job	2026-02-09T12:09:21.5564865Z Build Date: 2026-01-23T19:41:17Z
build-and-push (telegram-bot)	Set up job	2026-02-09T12:09:21.5566813Z Worker ID: {eb7af26f-8d74-49c7-829a-963e1c373729}
build-and-push (telegram-bot)	Set up job	2026-02-09T12:09:21.5568382Z Azure Region: westus
build-and-push (telegram-bot)	Set up job	2026-02-09T12:09:21.5569767Z ##[endgroup]
build-and-push (telegram-bot)	Set up job	2026-02-09T12:09:21.5572120Z ##[group]Operating System
build-and-push (telegram-bot)	Set up job	2026-02-09T12:09:21.5573634Z Ubuntu
build-and-push (telegram-bot)	Set up job	2026-02-09T12:09:21.5574927Z 24.04.3
build-and-push (telegram-bot)	Set up job	2026-02-09T12:09:21.5576615Z LTS
build-and-push (telegram-bot)	Set up job	2026-02-09T12:09:21.5577912Z ##[endgroup]
build-and-push (telegram-bot)	Set up job	2026-02-09T12:09:21.5579325Z ##[group]Runner Image
build-and-push (telegram-bot)	Set up job	2026-02-09T12:09:21.5581064Z Image: ubuntu-24.04
build-and-push (telegram-bot)	Set up job	2026-02-09T12:09:21.5582426Z Version: 20260201.15.1
build-and-push (telegram-bot)	Set up job	2026-02-09T12:09:21.5584349Z Included Software: https://github.com/actions/runner-images/blob/ubuntu24/20260201.15/images/ubuntu/Ubuntu2404-Readme.md
build-and-push (telegram-bot)	Set up job	2026-02-09T12:09:21.5587215Z Image Release: https://github.com/actions/runner-images/releases/tag/ubuntu24%2F20260201.15
build-and-push (telegram-bot)	Set up job	2026-02-09T12:09:21.5588997Z ##[endgroup]
build-and-push (telegram-bot)	Set up job	2026-02-09T12:09:21.5591490Z ##[group]GITHUB_TOKEN Permissions
build-and-push (telegram-bot)	Set up job	2026-02-09T12:09:21.5594214Z Actions: write
build-and-push (telegram-bot)	Set up job	2026-02-09T12:09:21.5595968Z Contents: read
build-and-push (telegram-bot)	Set up job	2026-02-09T12:09:21.5597346Z Metadata: read
build-and-push (telegram-bot)	Set up job	2026-02-09T12:09:21.5598646Z Packages: write
build-and-push (telegram-bot)	Set up job	2026-02-09T12:09:21.5599975Z ##[endgroup]
build-and-push (telegram-bot)	Set up job	2026-02-09T12:09:21.5602953Z Secret source: Actions
build-and-push (telegram-bot)	Set up job	2026-02-09T12:09:21.5604558Z Prepare workflow directory
build-and-push (telegram-bot)	Set up job	2026-02-09T12:09:21.6258465Z Prepare all required actions
build-and-push (telegram-bot)	Set up job	2026-02-09T12:09:21.6295404Z Getting action download info
build-and-push (telegram-bot)	Set up job	2026-02-09T12:09:22.0958349Z Download action repository 'actions/checkout@v4' (SHA:34e114876b0b11c390a56381ad16ebd13914f8d5)
build-and-push (telegram-bot)	Set up job	2026-02-09T12:09:22.1862679Z Download action repository 'docker/setup-buildx-action@v3.7.1' (SHA:c47758b77c9736f4b2ef4073d4d51994fabfe349)
build-and-push (telegram-bot)	Set up job	2026-02-09T12:09:23.3530534Z Download action repository 'docker/login-action@v3' (SHA:c94ce9fb468520275***3c153574b00df6fe4bcc9)
build-and-push (telegram-bot)	Set up job	2026-02-09T12:09:24.7478759Z Complete job name: build-and-push (telegram-bot)
build-and-push (telegram-bot)	Send Telegram Message - Build Start	﻿2026-02-09T12:09:24.8214534Z ##[group]Run if [ -z "$TELEGRAM_BOT_TOKEN" ] || [ -z "$TELEGRAM_CHAT_ID" ]; then
build-and-push (telegram-bot)	Send Telegram Message - Build Start	2026-02-09T12:09:24.8217749Z [36;1mif [ -z "$TELEGRAM_BOT_TOKEN" ] || [ -z "$TELEGRAM_CHAT_ID" ]; then[0m
build-and-push (telegram-bot)	Send Telegram Message - Build Start	2026-02-09T12:09:24.8220708Z [36;1m  echo "Error: Telegram deployment bot vars are not set or are empty."[0m
build-and-push (telegram-bot)	Send Telegram Message - Build Start	2026-02-09T12:09:24.8223195Z [36;1m  exit 1[0m
build-and-push (telegram-bot)	Send Telegram Message - Build Start	2026-02-09T12:09:24.8224909Z [36;1mfi[0m
build-and-push (telegram-bot)	Send Telegram Message - Build Start	2026-02-09T12:09:24.8226745Z [36;1m[0m
build-and-push (telegram-bot)	Send Telegram Message - Build Start	2026-02-09T12:09:24.8229092Z [36;1mcurl -s -X POST "https://api.telegram.org/bot$TELEGRAM_BOT_TOKEN/sendMessage" \[0m
build-and-push (telegram-bot)	Send Telegram Message - Build Start	2026-02-09T12:09:24.8231920Z [36;1m  -d chat_id="$TELEGRAM_CHAT_ID" \[0m
build-and-push (telegram-bot)	Send Telegram Message - Build Start	2026-02-09T12:09:24.8234001Z [36;1m  -d text="[0m
build-and-push (telegram-bot)	Send Telegram Message - Build Start	2026-02-09T12:09:24.8236230Z [36;1m  🔄Build Start for ExecutESG/***[0m
build-and-push (telegram-bot)	Send Telegram Message - Build Start	2026-02-09T12:09:24.8238369Z [36;1m  📝 branch: refs/heads/dev[0m
build-and-push (telegram-bot)	Send Telegram Message - Build Start	2026-02-09T12:09:24.8240432Z [36;1m  🧑 ‍💻Actor: bemehrbani[0m
build-and-push (telegram-bot)	Send Telegram Message - Build Start	2026-02-09T12:09:24.8242896Z [36;1m  🖊   message: fix(deploy): strip quotes from env and inject bot vars[0m
build-and-push (telegram-bot)	Send Telegram Message - Build Start	2026-02-09T12:09:24.8246513Z [36;1m  🔍 See Changes: https://github.com/ExecutESG/***/commit/0c3bec63c4903a99acde2a599f1cd5d98df508ae"[0m
build-and-push (telegram-bot)	Send Telegram Message - Build Start	2026-02-09T12:09:24.8287494Z shell: /usr/bin/bash -e {0}
build-and-push (telegram-bot)	Send Telegram Message - Build Start	2026-02-09T12:09:24.8289651Z env:
build-and-push (telegram-bot)	Send Telegram Message - Build Start	2026-02-09T12:09:24.8398112Z   ALLMYSECRETS: {
build-and-push (telegram-bot)	Send Telegram Message - Build Start	  "DEV_MNEMONIC": "***",
build-and-push (telegram-bot)	Send Telegram Message - Build Start	  "MAIN_PGADMIN_DEFAULT_PASSWORD": "***",
build-and-push (telegram-bot)	Send Telegram Message - Build Start	  "DOCKER_HUB_TOKEN": "***",
build-and-push (telegram-bot)	Send Telegram Message - Build Start	  "STAGING_ONTON_API_KEY": "***",
build-and-push (telegram-bot)	Send Telegram Message - Build Start	  "STAGING_CLOUDFLARE_API_TOKEN": "***",
build-and-push (telegram-bot)	Send Telegram Message - Build Start	  "DEV_TON_CENTER_TOKEN": "***",
build-and-push (telegram-bot)	Send Telegram Message - Build Start	  "STAGING_ONTON_API_SECRET": "***",
build-and-push (telegram-bot)	Send Telegram Message - Build Start	  "STAGING_GITHUB_CLIENT_SECRET": "***",
build-and-push (telegram-bot)	Send Telegram Message - Build Start	  "SSH_MAIN_IP": "***",
build-and-push (telegram-bot)	Send Telegram Message - Build Start	  "MAIN_TWITTER_CLIENT_SECRET": "***",
build-and-push (telegram-bot)	Send Telegram Message - Build Start	  "STAGING_MINIO_ROOT_PASSWORD": "***",
build-and-push (telegram-bot)	Send Telegram Message - Build Start	  "MAIN_GITHUB_CLIENT_SECRET": "***",
build-and-push (telegram-bot)	Send Telegram Message - Build Start	  "STAGING_RABBITMQ_DEFAULT_PASS": "***",
build-and-push (telegram-bot)	Send Telegram Message - Build Start	  "SSH_DEV_IP": "***",
build-and-push (telegram-bot)	Send Telegram Message - Build Start	  "DEV_POSTGRES_PASSWORD": "***",
build-and-push (telegram-bot)	Send Telegram Message - Build Start	  "SSH_PASSPHRASE": "***",
build-and-push (telegram-bot)	Send Telegram Message - Build Start	  "STAGING_CLIENT_API_FIXED_KEY": "***",
build-and-push (telegram-bot)	Send Telegram Message - Build Start	  "MAIN_TON_CENTER_TOKEN": "***",
build-and-push (telegram-bot)	Send Telegram Message - Build Start	  "DOCKER_HUB_USERNAME": "***",
build-and-push (telegram-bot)	Send Telegram Message - Build Start	  "GIT_API_KEY": "***",
build-and-push (telegram-bot)	Send Telegram Message - Build Start	  "MAIN_CLOUDFLARE_EMAIL": "***",
build-and-push (telegram-bot)	Send Telegram Message - Build Start	  "MAIN_DATABASE_URL": "***",
build-and-push (telegram-bot)	Send Telegram Message - Build Start	  "MAIN_CLOUDFLARE_EMAIL_MAIN": "***",
build-and-push (telegram-bot)	Send Telegram Message - Build Start	  "STAGING_PGADMIN_DEFAULT_EMAIL": "***",
build-and-push (telegram-bot)	Send Telegram Message - Build Start	  "STAGING_SECRET_EVENT_WALLET_ENC_KEY": "***",
build-and-push (telegram-bot)	Send Telegram Message - Build Start	  "STAGING_PGADMIN_DEFAULT_PASSWORD": "***",
build-and-push (telegram-bot)	Send Telegram Message - Build Start	  "CR_PAT": "***",
build-and-push (telegram-bot)	Send Telegram Message - Build Start	  "MAIN_CLOUDFLARE_API_TOKEN_MAIN": "***",
build-and-push (telegram-bot)	Send Telegram Message - Build Start	  "MAIN_POSTGRES_USER": "***",
build-and-push (telegram-bot)	Send Telegram Message - Build Start	  "DEV_BOT_TOKEN": "***",
build-and-push (telegram-bot)	Send Telegram Message - Build Start	  "STAGING_REDIS_PASSWORD": "***",
build-and-push (telegram-bot)	Send Telegram Message - Build Start	  "TELEGRAM_CHAT_ID_FOR_DEPLOYMENT": "***",
build-and-push (telegram-bot)	Send Telegram Message - Build Start	  "STAGING_TONAPI_API_KEY": "***",
build-and-push (telegram-bot)	Send Telegram Message - Build Start	  "STAGING_CLOUDFLARE_API_TOKEN_MAIN": "***",
build-and-push (telegram-bot)	Send Telegram Message - Build Start	  "MAIN_BOT_TOKEN": "***",
build-and-push (telegram-bot)	Send Telegram Message - Build Start	  "MAIN_SENTRY_AUTH_TOKEN": "***",
build-and-push (telegram-bot)	Send Telegram Message - Build Start	  "github_token": "***",
build-and-push (telegram-bot)	Send Telegram Message - Build Start	  "STAGING_DATABASE_URL_NFT_MANAGER": "***",
build-and-push (telegram-bot)	Send Telegram Message - Build Start	  "DEV_CLOUDFLARE_API_TOKEN": "***",
build-and-push (telegram-bot)	Send Telegram Message - Build Start	  "STAGING_TON_SOCIETY_API_KEY": "***",
build-and-push (telegram-bot)	Send Telegram Message - Build Start	  "STAGING_POSTGRES_PASSWORD": "***",
build-and-push (telegram-bot)	Send Telegram Message - Build Start	  "MAIN_RABBITMQ_DEFAULT_USER": "***",
build-and-push (telegram-bot)	Send Telegram Message - Build Start	  "MAIN_CLOUDFLARE_API_TOKEN": "***",
build-and-push (telegram-bot)	Send Telegram Message - Build Start	  "MAIN_CLOUDFLARE_DNS_ZONE_ID": "***",
build-and-push (telegram-bot)	Send Telegram Message - Build Start	  "MAIN_REDIS_PASSWORD": "***",
build-and-push (telegram-bot)	Send Telegram Message - Build Start	  "STAGING_MINIO_ROOT_USER": "***",
build-and-push (telegram-bot)	Send Telegram Message - Build Start	  "MAIN_TON_SOCIETY_API_KEY": "***",
build-and-push (telegram-bot)	Send Telegram Message - Build Start	  "STAGING_CLOUDFLARE_DNS_ZONE_ID": "***",
build-and-push (telegram-bot)	Send Telegram Message - Build Start	  "DEV_CLIENT_API_JWT_SECRET": "***",
build-and-push (telegram-bot)	Send Telegram Message - Build Start	  "STAGING_BOT_TOKEN": "***",
build-and-push (telegram-bot)	Send Telegram Message - Build Start	  "MAIN_MB_ENCRYPTION_SECRET_KEY": "***",
build-and-push (telegram-bot)	Send Telegram Message - Build Start	  "USE_CLOUDFLARE": "***",
build-and-push (telegram-bot)	Send Telegram Message - Build Start	  "MAIN_TONAPI_API_KEY": "***",
build-and-push (telegram-bot)	Send Telegram Message - Build Start	  "SSH_PRIVATE_KEY": "***",
build-and-push (telegram-bot)	Send Telegram Message - Build Start	  "MAIN_LINKEDIN_CLIENT_SECRET": "***",
build-and-push (telegram-bot)	Send Telegram Message - Build Start	  "STAGING_MS_CLIENT_SECRET": "***",
build-and-push (telegram-bot)	Send Telegram Message - Build Start	  "SSH_DEV_KEY": "***",
build-and-push (telegram-bot)	Send Telegram Message - Build Start	  "STAGING_TWITTER_CLIENT_SECRET": "***",
build-and-push (telegram-bot)	Send Telegram Message - Build Start	  "STAGING_CLIENT_API_JWT_SECRET": "***",
build-and-push (telegram-bot)	Send Telegram Message - Build Start	  "MAIN_DATABASE_URL_NFT_MANAGER": "***",
build-and-push (telegram-bot)	Send Telegram Message - Build Start	  "DEV_ONTON_API_SECRET": "***",
build-and-push (telegram-bot)	Send Telegram Message - Build Start	  "MAIN_GOOGLE_CLIENT_SECRET": "***",
build-and-push (telegram-bot)	Send Telegram Message - Build Start	  "MAIN_MS_CLIENT_SECRET": "***",
build-and-push (telegram-bot)	Send Telegram Message - Build Start	  "STAGING_DATABASE_URL": "***",
build-and-push (telegram-bot)	Send Telegram Message - Build Start	  "STAGING_TON_CENTER_TOKEN": "***",
build-and-push (telegram-bot)	Send Telegram Message - Build Start	  "DEV_TON_SOCIETY_API_KEY": "***",
build-and-push (telegram-bot)	Send Telegram Message - Build Start	  "MAIN_EVENT_WALLET_ENC_KEY": "***",
build-and-push (telegram-bot)	Send Telegram Message - Build Start	  "STAGING_POSTGRES_USER": "***",
build-and-push (telegram-bot)	Send Telegram Message - Build Start	  "MAIN_PGADMIN_DEFAULT_EMAIL": "***",
build-and-push (telegram-bot)	Send Telegram Message - Build Start	  "SSH_MAIN_PORT": "***",
build-and-push (telegram-bot)	Send Telegram Message - Build Start	  "MAIN_MNEMONIC": "***",
build-and-push (telegram-bot)	Send Telegram Message - Build Start	  "MAIN_POSTGRES_PASSWORD": "***",
build-and-push (telegram-bot)	Send Telegram Message - Build Start	  "DEV_TONAPI_API_KEY": "***",
build-and-push (telegram-bot)	Send Telegram Message - Build Start	  "STAGING_GOOGLE_CLIENT_SECRET": "***",
build-and-push (telegram-bot)	Send Telegram Message - Build Start	  "DEV_MB_ENCRYPTION_SECRET_KEY": "***",
build-and-push (telegram-bot)	Send Telegram Message - Build Start	  "STAGING_SENTRY_AUTH_TOKEN": "***",
build-and-push (telegram-bot)	Send Telegram Message - Build Start	  "DEV_DATABASE_URL": "***",
build-and-push (telegram-bot)	Send Telegram Message - Build Start	  "DEV_MINIO_ROOT_PASSWORD": "***",
build-and-push (telegram-bot)	Send Telegram Message - Build Start	  "MAIN_RABBITMQ_DEFAULT_PASS": "***",
build-and-push (telegram-bot)	Send Telegram Message - Build Start	  "TELEGRAM_BOT_TOKEN_FOR_DEPLOYMENT": "***",
build-and-push (telegram-bot)	Send Telegram Message - Build Start	  "MAIN_ONTON_API_SECRET": "***",
build-and-push (telegram-bot)	Send Telegram Message - Build Start	  "MAIN_CLIENT_API_FIXED_KEY": "***",
build-and-push (telegram-bot)	Send Telegram Message - Build Start	  "SSH_DEV_PORT": "***",
build-and-push (telegram-bot)	Send Telegram Message - Build Start	  "DEV_ONTON_API_KEY": "***",
build-and-push (telegram-bot)	Send Telegram Message - Build Start	  "DEV_MINIO_ROOT_USER": "***",
build-and-push (telegram-bot)	Send Telegram Message - Build Start	  "STAGING_MNEMONIC": "***",
build-and-push (telegram-bot)	Send Telegram Message - Build Start	  "MAIN_MINIO_ROOT_USER": "***",
build-and-push (telegram-bot)	Send Telegram Message - Build Start	  "DEV_PGADMIN_DEFAULT_PASSWORD": "***",
build-and-push (telegram-bot)	Send Telegram Message - Build Start	  "DEV_CLIENT_API_FIXED_KEY": "***",
build-and-push (telegram-bot)	Send Telegram Message - Build Start	  "STAGING_CLOUDFLARE_EMAIL": "***",
build-and-push (telegram-bot)	Send Telegram Message - Build Start	  "STAGING_MB_ENCRYPTION_SECRET_KEY": "***",
build-and-push (telegram-bot)	Send Telegram Message - Build Start	  "MAIN_MINIO_ROOT_PASSWORD": "***",
build-and-push (telegram-bot)	Send Telegram Message - Build Start	  "MAIN_ONTON_API_KEY": "***",
build-and-push (telegram-bot)	Send Telegram Message - Build Start	  "STAGING_RABBITMQ_DEFAULT_USER": "***",
build-and-push (telegram-bot)	Send Telegram Message - Build Start	  "MAIN_CLIENT_API_JWT_SECRET": "***",
build-and-push (telegram-bot)	Send Telegram Message - Build Start	  "STAGING_LINKEDIN_CLIENT_SECRET": "***",
build-and-push (telegram-bot)	Send Telegram Message - Build Start	  "DEV_RABBITMQ_DEFAULT_PASS": "***"
build-and-push (telegram-bot)	Send Telegram Message - Build Start	}
build-and-push (telegram-bot)	Send Telegram Message - Build Start	2026-02-09T12:09:24.8678079Z   ALLMYVARS: {
build-and-push (telegram-bot)	Send Telegram Message - Build Start	  "DEV_ACME_AGREE": "true",
build-and-push (telegram-bot)	Send Telegram Message - Build Start	  "DEV_BRANCH_NAME": "dev",
build-and-push (telegram-bot)	Send Telegram Message - Build Start	  "DEV_CACHE_ENABLED": "true",
build-and-push (telegram-bot)	Send Telegram Message - Build Start	  "DEV_CLAMAV_PORT": "***10",
build-and-push (telegram-bot)	Send Telegram Message - Build Start	  "DEV_CLIENT_API_FIXED_ORGANIZER": "@Ontonadmin",
build-and-push (telegram-bot)	Send Telegram Message - Build Start	  "DEV_CLIENT_API_FIXED_USER": "@Ontonadmin",
build-and-push (telegram-bot)	Send Telegram Message - Build Start	  "DEV_CLIENT_WEB_DOMAIN": "dev-client-web.dev.***.live",
build-and-push (telegram-bot)	Send Telegram Message - Build Start	  "DEV_COMPOSE_PROJECT_NAME": "develop-***",
build-and-push (telegram-bot)	Send Telegram Message - Build Start	  "DEV_ENV": "development",
build-and-push (telegram-bot)	Send Telegram Message - Build Start	  "DEV_EVENT_WALLET_ENC_KEY": "Ci5M6/B4Wke4qX6tXViVeW0xM0iH0yh/qvD3Y1xu2v8",
build-and-push (telegram-bot)	Send Telegram Message - Build Start	  "DEV_GOLANG_SERVER_PORT": "3013",
build-and-push (telegram-bot)	Send Telegram Message - Build Start	  "DEV_IP_CADDY": "caddy",
build-and-push (telegram-bot)	Send Telegram Message - Build Start	  "DEV_IP_CLAMAV": "host.docker.internal",
build-and-push (telegram-bot)	Send Telegram Message - Build Start	  "DEV_IP_CLIENT_WEB": "client-web",
build-and-push (telegram-bot)	Send Telegram Message - Build Start	  "DEV_IP_GIVEAWAY_CHECKER": "giveaway-checker",
build-and-push (telegram-bot)	Send Telegram Message - Build Start	  "DEV_IP_GOLANG_SERVER": "golang-server",
build-and-push (telegram-bot)	Send Telegram Message - Build Start	  "DEV_IP_GOLANG_WORKER": "golang-worker",
build-and-push (telegram-bot)	Send Telegram Message - Build Start	  "DEV_IP_KIBANA": "kibana",
build-and-push (telegram-bot)	Send Telegram Message - Build Start	  "DEV_IP_METABASE": "metabase",
build-and-push (telegram-bot)	Send Telegram Message - Build Start	  "DEV_IP_MINIO": "minio",
build-and-push (telegram-bot)	Send Telegram Message - Build Start	  "DEV_IP_MINI_APP": "mini-app",
build-and-push (telegram-bot)	Send Telegram Message - Build Start	  "DEV_IP_MINI_APP_CRON": "mini-app-sbt-worker",
build-and-push (telegram-bot)	Send Telegram Message - Build Start	  "DEV_IP_NFT_MANAGER": "nft-manager",
build-and-push (telegram-bot)	Send Telegram Message - Build Start	  "DEV_IP_PARTICIPANT_TMA": "participant-tma",
build-and-push (telegram-bot)	Send Telegram Message - Build Start	  "DEV_IP_PGADMIN": "pgadmin",
build-and-push (telegram-bot)	Send Telegram Message - Build Start	  "DEV_IP_POA_WORKER": "mini-app-poa-worker",
build-and-push (telegram-bot)	Send Telegram Message - Build Start	  "DEV_IP_POSTGRES": "postgres",
build-and-push (telegram-bot)	Send Telegram Message - Build Start	  "DEV_IP_RABBITMQ": "rabbitmq",
build-and-push (telegram-bot)	Send Telegram Message - Build Start	  "DEV_IP_RANGE_BASE": "host.docker.internal",
build-and-push (telegram-bot)	Send Telegram Message - Build Start	  "DEV_IP_RANGE_START": "172.10",
build-and-push (telegram-bot)	Send Telegram Message - Build Start	  "DEV_IP_RANGE_SUBNET": "24",
build-and-push (telegram-bot)	Send Telegram Message - Build Start	  "DEV_IP_REDIS": "redis",
build-and-push (telegram-bot)	Send Telegram Message - Build Start	  "DEV_IP_SOCKET": "mini-app-notification-socket",
build-and-push (telegram-bot)	Send Telegram Message - Build Start	  "DEV_IP_SWAGGER_UI": "swagger-ui",
build-and-push (telegram-bot)	Send Telegram Message - Build Start	  "DEV_IP_TELEGRAM_BOT": "telegram-bot",
build-and-push (telegram-bot)	Send Telegram Message - Build Start	  "DEV_IP_WEBSITE": "website",
build-and-push (telegram-bot)	Send Telegram Message - Build Start	  "DEV_JWT_SECRET_SOCKET": "D3v@OnTonw3tds112ewq%KD___%1006-7-8-9-0OkMjKlll%909R9OOsf",
build-and-push (telegram-bot)	Send Telegram Message - Build Start	  "DEV_KIBANA_HASHED_PASSWORD": "$2a$14$6P83mnKs9BxP2qZDaMU.2OzBHY3SG0nnaVXJ8nKluEWEWD5RMmN/W",
build-and-push (telegram-bot)	Send Telegram Message - Build Start	  "DEV_KIBANA_PORT": "3023",
build-and-push (telegram-bot)	Send Telegram Message - Build Start	  "DEV_KIBANA_USERNAME": "monitor",
build-and-push (telegram-bot)	Send Telegram Message - Build Start	  "DEV_LOCAL_DOMAIN": "dev-app.dev.***.live",
build-and-push (telegram-bot)	Send Telegram Message - Build Start	  "DEV_MB_REDIRECT_ALL_REQUESTS_TO_HTTPS": "true",
build-and-push (telegram-bot)	Send Telegram Message - Build Start	  "DEV_METABASE_DOMAIN": "dev-metabase.dev.***.live",
build-and-push (telegram-bot)	Send Telegram Message - Build Start	  "DEV_MINIO_COLLECTION_BUCKET": "***collection",
build-and-push (telegram-bot)	Send Telegram Message - Build Start	  "DEV_MINIO_DASHBOARD_PORT": "3014",
build-and-push (telegram-bot)	Send Telegram Message - Build Start	  "DEV_MINIO_DOC_BUCKET": "***doc",
build-and-push (telegram-bot)	Send Telegram Message - Build Start	  "DEV_MINIO_DOC_DEFAULT_BUCKET": "***",
build-and-push (telegram-bot)	Send Telegram Message - Build Start	  "DEV_MINIO_ENDPOINT": "minio",
build-and-push (telegram-bot)	Send Telegram Message - Build Start	  "DEV_MINIO_IMAGE_BUCKET": "***image",
build-and-push (telegram-bot)	Send Telegram Message - Build Start	  "DEV_MINIO_ITEM_BUCKET": "***item",
build-and-push (telegram-bot)	Send Telegram Message - Build Start	  "DEV_MINIO_PORT": "3012",
build-and-push (telegram-bot)	Send Telegram Message - Build Start	  "DEV_MINIO_PUBLIC_URL": "https://dev-storage.dev.***.live",
build-and-push (telegram-bot)	Send Telegram Message - Build Start	  "DEV_MINIO_REGION_NAME": "default",
build-and-push (telegram-bot)	Send Telegram Message - Build Start	  "DEV_MINIO_SBT_COLLECTIONS_BUCKET": "sbt-collections",
build-and-push (telegram-bot)	Send Telegram Message - Build Start	  "DEV_MINIO_STORAGE_ADMIN_DOMAIN": "dev-storage-admin.dev.***.live",
build-and-push (telegram-bot)	Send Telegram Message - Build Start	  "DEV_MINIO_STORAGE_DOMAIN": "dev-storage.dev.***.live",
build-and-push (telegram-bot)	Send Telegram Message - Build Start	  "DEV_MINIO_VIDEO_BUCKET": "***video",
build-and-push (telegram-bot)	Send Telegram Message - Build Start	  "DEV_MINI_APP_DOMAIN": "dev-app.dev.***.live",
build-and-push (telegram-bot)	Send Telegram Message - Build Start	  "DEV_MINI_APP_PORT": "3000",
build-and-push (telegram-bot)	Send Telegram Message - Build Start	  "DEV_MINI_APP_SOCKET_DOMAIN": "dev-socket.dev.***.live",
build-and-push (telegram-bot)	Send Telegram Message - Build Start	  "DEV_MONITORING_DOMAIN": "dev-monitoring.dev.***.live",
build-and-push (telegram-bot)	Send Telegram Message - Build Start	  "DEV_NETWORK_NAME": "***-dev",
build-and-push (telegram-bot)	Send Telegram Message - Build Start	  "DEV_NETWORK_PUBLIC_IP": "***",
build-and-push (telegram-bot)	Send Telegram Message - Build Start	  "DEV_NEXT_PUBLIC_API_BASE_URL": "https://dev-app.dev.***.live/api/v1",
build-and-push (telegram-bot)	Send Telegram Message - Build Start	  "DEV_NEXT_PUBLIC_APP_BASE_URL": "https://dev-app.dev.***.live",
build-and-push (telegram-bot)	Send Telegram Message - Build Start	  "DEV_NEXT_PUBLIC_BACKEND_URL_CLIENT": "https://dev-app.dev.***.live/api/client/v1/",
build-and-push (telegram-bot)	Send Telegram Message - Build Start	  "DEV_NEXT_PUBLIC_BOT_USERNAME": "dev_ont0n_bot",
build-and-push (telegram-bot)	Send Telegram Message - Build Start	  "DEV_NEXT_PUBLIC_ENV": "development",
build-and-push (telegram-bot)	Send Telegram Message - Build Start	  "DEV_NEXT_PUBLIC_GTM": "GTM-dev",
build-and-push (telegram-bot)	Send Telegram Message - Build Start	  "DEV_NEXT_PUBLIC_SOCKET_URL": "dev-socket.dev.***.live",
build-and-push (telegram-bot)	Send Telegram Message - Build Start	  "DEV_NFT_INTERVAL_TIME": "60000",
build-and-push (telegram-bot)	Send Telegram Message - Build Start	  "DEV_NFT_MANAGER_PORT": "3004",
build-and-push (telegram-bot)	Send Telegram Message - Build Start	  "DEV_NODE_ENV": "production",
build-and-push (telegram-bot)	Send Telegram Message - Build Start	  "DEV_NODE_TLS_REJECT_UNAUTHORIZED": "0",
build-and-push (telegram-bot)	Send Telegram Message - Build Start	  "DEV_ONTON_DOMAIN": "dev.***.live",
build-and-push (telegram-bot)	Send Telegram Message - Build Start	  "DEV_PARTICIPANT_TMA_PORT": "3001",
build-and-push (telegram-bot)	Send Telegram Message - Build Start	  "DEV_PGADMIN_DOMAIN": "dev-pgadmin.dev.***.live",
build-and-push (telegram-bot)	Send Telegram Message - Build Start	  "DEV_PORT_CLIENT_WEB": "3007",
build-and-push (telegram-bot)	Send Telegram Message - Build Start	  "DEV_PORT_METABASE": "3009",
build-and-push (telegram-bot)	Send Telegram Message - Build Start	  "DEV_PORT_PGADMIN": "3006",
build-and-push (telegram-bot)	Send Telegram Message - Build Start	  "DEV_PORT_WEB_SITE": "3005",
build-and-push (telegram-bot)	Send Telegram Message - Build Start	  "DEV_POSTGRES_METABASE_DB": "dev-mini-app",
build-and-push (telegram-bot)	Send Telegram Message - Build Start	  "DEV_POSTGRES_MINI_APP_DB": "dev-mini-app",
build-and-push (telegram-bot)	Send Telegram Message - Build Start	  "DEV_POSTGRES_NFT_MANAGER_DB": "dev-nft-manager",
build-and-push (telegram-bot)	Send Telegram Message - Build Start	  "DEV_POSTGRES_PORT": "3008",
build-and-push (telegram-bot)	Send Telegram Message - Build Start	  "DEV_PTMA_API_BASE_URL": "https://dev-app.dev.***.live/api/v1",
build-and-push (telegram-bot)	Send Telegram Message - Build Start	  "DEV_RABBITMQ_DOMAIN": "dev-rabbitmq.dev.***.live",
build-and-push (telegram-bot)	Send Telegram Message - Build Start	  "DEV_RABBITMQ_MANAGEMENT_PORT": "3015",
build-and-push (telegram-bot)	Send Telegram Message - Build Start	  "DEV_RABBITMQ_NODE_PORT": "3016",
build-and-push (telegram-bot)	Send Telegram Message - Build Start	  "DEV_REDIS_DATABASES": "1",
build-and-push (telegram-bot)	Send Telegram Message - Build Start	  "DEV_REDIS_PORT": "3011",
build-and-push (telegram-bot)	Send Telegram Message - Build Start	  "DEV_REGISTRY_URL": "ghcr.io",
build-and-push (telegram-bot)	Send Telegram Message - Build Start	  "DEV_SOCKET_PORT": "30***",
build-and-push (telegram-bot)	Send Telegram Message - Build Start	  "DEV_STAGE_NAME": "dev-***",
build-and-push (telegram-bot)	Send Telegram Message - Build Start	  "DEV_SWAGGER_UI_DOMAIN": "dev-swagger-ui.dev.***.live",
build-and-push (telegram-bot)	Send Telegram Message - Build Start	  "DEV_SWAGGER_UI_PORT": "3024",
build-and-push (telegram-bot)	Send Telegram Message - Build Start	  "DEV_SYS_CADDY_REPLICAS": "1",
build-and-push (telegram-bot)	Send Telegram Message - Build Start	  "DEV_SYS_MINI_APP_REPLICAS": "1",
build-and-push (telegram-bot)	Send Telegram Message - Build Start	  "DEV_SYS_PARTICIPANT_TMA_REPLICAS": "1",
build-and-push (telegram-bot)	Send Telegram Message - Build Start	  "DEV_SYS_WEB_SITE_REPLICAS": "1",
build-and-push (telegram-bot)	Send Telegram Message - Build Start	  "DEV_TELEGRAM_BOT_PORT": "3002",
build-and-push (telegram-bot)	Send Telegram Message - Build Start	  "DEV_TG_EVENTS_TOPIC": "2",
build-and-push (telegram-bot)	Send Telegram Message - Build Start	  "DEV_TG_LOGS_GROUP_ID": "-1002308507308",
build-and-push (telegram-bot)	Send Telegram Message - Build Start	  "DEV_TG_LOG_BOT_TOKEN": "7604730825:AAE1WJHs5lFI2zX_tba6M-1HYfffA8ugFmA",
build-and-push (telegram-bot)	Send Telegram Message - Build Start	  "DEV_TG_NOTIFICATION_CHANELL": "-1002164161685",
build-and-push (telegram-bot)	Send Telegram Message - Build Start	  "DEV_TG_SYSTEM_TOPIC": "16",
build-and-push (telegram-bot)	Send Telegram Message - Build Start	  "DEV_TG_TICKETS_TOPIC": "4",
build-and-push (telegram-bot)	Send Telegram Message - Build Start	  "DEV_TON_CENTER_ENDPOINT": "https://toncenter.com/api/v2/jsonRPC",
build-and-push (telegram-bot)	Send Telegram Message - Build Start	  "DEV_TON_SOCIETY_BASE_URL": "https://id.ton.org/v1",
build-and-push (telegram-bot)	Send Telegram Message - Build Start	  "DEV_USE_CLOUDFLARE": "true",
build-and-push (telegram-bot)	Send Telegram Message - Build Start	  "DEV_USE_MAIN_IP_TO_EXPOSE": "true",
build-and-push (telegram-bot)	Send Telegram Message - Build Start	  "MAIN_ACME_AGREE": "true",
build-and-push (telegram-bot)	Send Telegram Message - Build Start	  "MAIN_BRANCH_NAME": "main",
build-and-push (telegram-bot)	Send Telegram Message - Build Start	  "MAIN_CACHE_ENABLED": "true",
build-and-push (telegram-bot)	Send Telegram Message - Build Start	  "MAIN_CLAMAV_PORT": "***10",
build-and-push (telegram-bot)	Send Telegram Message - Build Start	  "MAIN_CLIENT_API_FIXED_ORGANIZER": "@Ontonadmin",
build-and-push (telegram-bot)	Send Telegram Message - Build Start	  "MAIN_CLIENT_API_FIXED_USER": "@Ontonadmin",
build-and-push (telegram-bot)	Send Telegram Message - Build Start	  "MAIN_CLIENT_WEB_DOMAIN": "client-web.***.live",
build-and-push (telegram-bot)	Send Telegram Message - Build Start	  "MAIN_COMPOSE_PROJECT_NAME": "production-***",
build-and-push (telegram-bot)	Send Telegram Message - Build Start	  "MAIN_ENV": "production",
build-and-push (telegram-bot)	Send Telegram Message - Build Start	  "MAIN_GITHUB_CLIENT_ID": "Ov23liQFN1rMeZicYHnL",
build-and-push (telegram-bot)	Send Telegram Message - Build Start	  "MAIN_GITHUB_REPO": "***bot",
build-and-push (telegram-bot)	Send Telegram Message - Build Start	  "MAIN_GOLANG_SERVER_PORT": "8013",
build-and-push (telegram-bot)	Send Telegram Message - Build Start	  "MAIN_GOOGLE_CLIENT_ID": "174044865725-8urfv981fca74aj3bq2kqik7fbe2rggg.apps.googleusercontent.com",
build-and-push (telegram-bot)	Send Telegram Message - Build Start	  "MAIN_IP_CADDY": "caddy",
build-and-push (telegram-bot)	Send Telegram Message - Build Start	  "MAIN_IP_CLAMAV": "host.docker.internal",
build-and-push (telegram-bot)	Send Telegram Message - Build Start	  "MAIN_IP_CLIENT_WEB": "client-web",
build-and-push (telegram-bot)	Send Telegram Message - Build Start	  "MAIN_IP_GIVEAWAY_CHECKER": "giveaway-checker",
build-and-push (telegram-bot)	Send Telegram Message - Build Start	  "MAIN_IP_GOLANG_SERVER": "golang-server",
build-and-push (telegram-bot)	Send Telegram Message - Build Start	  "MAIN_IP_GOLANG_WORKER": "golang-worker",
build-and-push (telegram-bot)	Send Telegram Message - Build Start	  "MAIN_IP_KIBANA": "kibana",
build-and-push (telegram-bot)	Send Telegram Message - Build Start	  "MAIN_IP_METABASE": "metabase",
build-and-push (telegram-bot)	Send Telegram Message - Build Start	  "MAIN_IP_MINIO": "minio",
build-and-push (telegram-bot)	Send Telegram Message - Build Start	  "MAIN_IP_MINI_APP": "mini-app",
build-and-push (telegram-bot)	Send Telegram Message - Build Start	  "MAIN_IP_MINI_APP_CRON": "mini-app-sbt-worker",
build-and-push (telegram-bot)	Send Telegram Message - Build Start	  "MAIN_IP_NFT_MANAGER": "nft-manager",
build-and-push (telegram-bot)	Send Telegram Message - Build Start	  "MAIN_IP_PARTICIPANT_TMA": "participant-tma",
build-and-push (telegram-bot)	Send Telegram Message - Build Start	  "MAIN_IP_PGADMIN": "pgadmin",
build-and-push (telegram-bot)	Send Telegram Message - Build Start	  "MAIN_IP_POA_WORKER": "mini-app-poa-worker",
build-and-push (telegram-bot)	Send Telegram Message - Build Start	  "MAIN_IP_POSTGRES": "postgres",
build-and-push (telegram-bot)	Send Telegram Message - Build Start	  "MAIN_IP_RABBITMQ": "rabbitmq",
build-and-push (telegram-bot)	Send Telegram Message - Build Start	  "MAIN_IP_RANGE_BASE": "host.docker.internal",
build-and-push (telegram-bot)	Send Telegram Message - Build Start	  "MAIN_IP_REDIS": "redis",
build-and-push (telegram-bot)	Send Telegram Message - Build Start	  "MAIN_IP_SOCKET": "mini-app-notification-socket",
build-and-push (telegram-bot)	Send Telegram Message - Build Start	  "MAIN_IP_SWAGGER_UI": "swagger-ui",
build-and-push (telegram-bot)	Send Telegram Message - Build Start	  "MAIN_IP_TELEGRAM_BOT": "telegram-bot",
build-and-push (telegram-bot)	Send Telegram Message - Build Start	  "MAIN_IP_WEBSITE": "website",
build-and-push (telegram-bot)	Send Telegram Message - Build Start	  "MAIN_JWT_SECRET_SOCKET": "JFDmdjeu__@HF_KKSEEWR_ERW*ER_FGDFG_ET%DG%34534aasd_Rhuefli!hfsdlnf",
build-and-push (telegram-bot)	Send Telegram Message - Build Start	  "MAIN_KIBANA_HASHED_PASSWORD": "$2a$14$6P83mnKs9BxP2qZDaMU.2OzBHY3SG0nnaVXJ8nKluEWEWD5RMmN/W",
build-and-push (telegram-bot)	Send Telegram Message - Build Start	  "MAIN_KIBANA_PORT": "8023",
build-and-push (telegram-bot)	Send Telegram Message - Build Start	  "MAIN_KIBANA_USERNAME": "monitor",
build-and-push (telegram-bot)	Send Telegram Message - Build Start	  "MAIN_LINKEDIN_CLIENT_ID": "77osbnm9chxr4c",
build-and-push (telegram-bot)	Send Telegram Message - Build Start	  "MAIN_LOCAL_DOMAIN": "***.live",
build-and-push (telegram-bot)	Send Telegram Message - Build Start	  "MAIN_MB_REDIRECT_ALL_REQUESTS_TO_HTTPS": "true",
build-and-push (telegram-bot)	Send Telegram Message - Build Start	  "MAIN_METABASE_DOMAIN": "metabase.***.live",
build-and-push (telegram-bot)	Send Telegram Message - Build Start	  "MAIN_MINIO_COLLECTION_BUCKET": "***collection",
build-and-push (telegram-bot)	Send Telegram Message - Build Start	  "MAIN_MINIO_DASHBOARD_PORT": "8014",
build-and-push (telegram-bot)	Send Telegram Message - Build Start	  "MAIN_MINIO_DOC_BUCKET": "***doc",
build-and-push (telegram-bot)	Send Telegram Message - Build Start	  "MAIN_MINIO_DOC_DEFAULT_BUCKET": "***",
build-and-push (telegram-bot)	Send Telegram Message - Build Start	  "MAIN_MINIO_ENDPOINT": "minio",
build-and-push (telegram-bot)	Send Telegram Message - Build Start	  "MAIN_MINIO_IMAGE_BUCKET": "***image",
build-and-push (telegram-bot)	Send Telegram Message - Build Start	  "MAIN_MINIO_ITEM_BUCKET": "***item",
build-and-push (telegram-bot)	Send Telegram Message - Build Start	  "MAIN_MINIO_PORT": "8012",
build-and-push (telegram-bot)	Send Telegram Message - Build Start	  "MAIN_MINIO_PUBLIC_URL": "https://storage.***.live",
build-and-push (telegram-bot)	Send Telegram Message - Build Start	  "MAIN_MINIO_REGION_NAME": "default",
build-and-push (telegram-bot)	Send Telegram Message - Build Start	  "MAIN_MINIO_SBT_COLLECTIONS_BUCKET": "sbt-collections",
build-and-push (telegram-bot)	Send Telegram Message - Build Start	  "MAIN_MINIO_STORAGE_ADMIN_DOMAIN": "storage-admin.***.live",
build-and-push (telegram-bot)	Send Telegram Message - Build Start	  "MAIN_MINIO_STORAGE_DOMAIN": "storage.***.live",
build-and-push (telegram-bot)	Send Telegram Message - Build Start	  "MAIN_MINIO_VIDEO_BUCKET": "***video",
build-and-push (telegram-bot)	Send Telegram Message - Build Start	  "MAIN_MINI_APP_DOMAIN": "app.***.live",
build-and-push (telegram-bot)	Send Telegram Message - Build Start	  "MAIN_MINI_APP_PORT": "8000",
build-and-push (telegram-bot)	Send Telegram Message - Build Start	  "MAIN_MINI_APP_SOCKET_DOMAIN": "socket.***.live",
build-and-push (telegram-bot)	Send Telegram Message - Build Start	  "MAIN_MONITORING_DOMAIN": "monitoring.***.live",
build-and-push (telegram-bot)	Send Telegram Message - Build Start	  "MAIN_MS_CLIENT_ID": "916e0c9f-17bc-45c2-9cbc-025c48a0d449",
build-and-push (telegram-bot)	Send Telegram Message - Build Start	  "MAIN_NETWORK_NAME": "***-production",
build-and-push (telegram-bot)	Send Telegram Message - Build Start	  "MAIN_NETWORK_PUBLIC_IP": "***",
build-and-push (telegram-bot)	Send Telegram Message - Build Start	  "MAIN_NEXT_PUBLIC_API_BASE_URL": "https://app.***.live/api/v1",
build-and-push (telegram-bot)	Send Telegram Message - Build Start	  "MAIN_NEXT_PUBLIC_APP_BASE_URL": "https://app.***.live",
build-and-push (telegram-bot)	Send Telegram Message - Build Start	  "MAIN_NEXT_PUBLIC_BACKEND_URL_CLIENT": "https://app.***.live/api/client/v1/",
build-and-push (telegram-bot)	Send Telegram Message - Build Start	  "MAIN_NEXT_PUBLIC_BOT_USERNAME": "the***bot",
build-and-push (telegram-bot)	Send Telegram Message - Build Start	  "MAIN_NEXT_PUBLIC_ENV": "production",
build-and-push (telegram-bot)	Send Telegram Message - Build Start	  "MAIN_NEXT_PUBLIC_GTM": "GTM-TSCPWNCM",
build-and-push (telegram-bot)	Send Telegram Message - Build Start	  "MAIN_NEXT_PUBLIC_SOCKET_URL": "socket.***.live",
build-and-push (telegram-bot)	Send Telegram Message - Build Start	  "MAIN_NFT_INTERVAL_TIME": "60000",
build-and-push (telegram-bot)	Send Telegram Message - Build Start	  "MAIN_NFT_MANAGER_PORT": "8004",
build-and-push (telegram-bot)	Send Telegram Message - Build Start	  "MAIN_NODE_ENV": "production",
build-and-push (telegram-bot)	Send Telegram Message - Build Start	  "MAIN_NODE_TLS_REJECT_UNAUTHORIZED": "1",
build-and-push (telegram-bot)	Send Telegram Message - Build Start	  "MAIN_ONTON_DOMAIN": "***.live",
build-and-push (telegram-bot)	Send Telegram Message - Build Start	  "MAIN_PARTICIPANT_TMA_PORT": "8001",
build-and-push (telegram-bot)	Send Telegram Message - Build Start	  "MAIN_PGADMIN_DOMAIN": "pgadmin.***.live",
build-and-push (telegram-bot)	Send Telegram Message - Build Start	  "MAIN_PORT_CLIENT_WEB": "8007",
build-and-push (telegram-bot)	Send Telegram Message - Build Start	  "MAIN_PORT_METABASE": "8009",
build-and-push (telegram-bot)	Send Telegram Message - Build Start	  "MAIN_PORT_PGADMIN": "8006",
build-and-push (telegram-bot)	Send Telegram Message - Build Start	  "MAIN_PORT_WEB_SITE": "8005",
build-and-push (telegram-bot)	Send Telegram Message - Build Start	  "MAIN_POSTGRES_METABASE_DB": "production-mini-app",
build-and-push (telegram-bot)	Send Telegram Message - Build Start	  "MAIN_POSTGRES_MINI_APP_DB": "production-mini-app",
build-and-push (telegram-bot)	Send Telegram Message - Build Start	  "MAIN_POSTGRES_NFT_MANAGER_DB": "production-nft-manager",
build-and-push (telegram-bot)	Send Telegram Message - Build Start	  "MAIN_POSTGRES_PORT": "8008",
build-and-push (telegram-bot)	Send Telegram Message - Build Start	  "MAIN_PTMA_API_BASE_URL": "https://app.***.live/api/v1",
build-and-push (telegram-bot)	Send Telegram Message - Build Start	  "MAIN_RABBITMQ_DOMAIN": "rabbitmq.***.live",
build-and-push (telegram-bot)	Send Telegram Message - Build Start	  "MAIN_RABBITMQ_MANAGEMENT_PORT": "8015",
build-and-push (telegram-bot)	Send Telegram Message - Build Start	  "MAIN_RABBITMQ_NODE_PORT": "8016",
build-and-push (telegram-bot)	Send Telegram Message - Build Start	  "MAIN_REDIS_DATABASES": "1",
build-and-push (telegram-bot)	Send Telegram Message - Build Start	  "MAIN_REDIS_PORT": "8011",
build-and-push (telegram-bot)	Send Telegram Message - Build Start	  "MAIN_REGISTRY_URL": "registry.toncloud.observer",
build-and-push (telegram-bot)	Send Telegram Message - Build Start	  "MAIN_SOCKET_PORT": "80***",
build-and-push (telegram-bot)	Send Telegram Message - Build Start	  "MAIN_STAGE_NAME": "main-***",
build-and-push (telegram-bot)	Send Telegram Message - Build Start	  "MAIN_SWAGGER_UI_DOMAIN": "swagger-ui.***.live",
build-and-push (telegram-bot)	Send Telegram Message - Build Start	  "MAIN_SWAGGER_UI_PORT": "8024",
build-and-push (telegram-bot)	Send Telegram Message - Build Start	  "MAIN_SYS_CADDY_REPLICAS": "1",
build-and-push (telegram-bot)	Send Telegram Message - Build Start	  "MAIN_SYS_MINI_APP_REPLICAS": "12",
build-and-push (telegram-bot)	Send Telegram Message - Build Start	  "MAIN_SYS_PARTICIPANT_TMA_REPLICAS": "6",
build-and-push (telegram-bot)	Send Telegram Message - Build Start	  "MAIN_SYS_WEB_SITE_REPLICAS": "3",
build-and-push (telegram-bot)	Send Telegram Message - Build Start	  "MAIN_TELEGRAM_BOT_PORT": "8002",
build-and-push (telegram-bot)	Send Telegram Message - Build Start	  "MAIN_TG_EVENTS_TOPIC": "2",
build-and-push (telegram-bot)	Send Telegram Message - Build Start	  "MAIN_TG_LOGS_GROUP_ID": "-1002300666538",
build-and-push (telegram-bot)	Send Telegram Message - Build Start	  "MAIN_TG_LOG_BOT_TOKEN": "7604730825:AAE1WJHs5lFI2zX_tba6M-1HYfffA8ugFmA",
build-and-push (telegram-bot)	Send Telegram Message - Build Start	  "MAIN_TG_NOTIFICATION_CHANELL": "-100***32083***",
build-and-push (telegram-bot)	Send Telegram Message - Build Start	  "MAIN_TG_SYSTEM_TOPIC": "16",
build-and-push (telegram-bot)	Send Telegram Message - Build Start	  "MAIN_TG_TICKETS_TOPIC": "4",
build-and-push (telegram-bot)	Send Telegram Message - Build Start	  "MAIN_TON_CENTER_ENDPOINT": "https://toncenter.com/api/v2/jsonRPC",
build-and-push (telegram-bot)	Send Telegram Message - Build Start	  "MAIN_TON_SOCIETY_BASE_URL": "https://id.ton.org/v1",
build-and-push (telegram-bot)	Send Telegram Message - Build Start	  "MAIN_TWITTER_CLIENT_ID": "SU1RUS0xaHNsRk5kd014UlZieDQ6MTpjaQ",
build-and-push (telegram-bot)	Send Telegram Message - Build Start	  "MAIN_USE_CLOUDFLARE": "true",
build-and-push (telegram-bot)	Send Telegram Message - Build Start	  "MAIN_USE_MAIN_IP_TO_EXPOSE": "true",
build-and-push (telegram-bot)	Send Telegram Message - Build Start	  "NEXT_PUBLIC_BOT_USERNAME": "notnonstagebot",
build-and-push (telegram-bot)	Send Telegram Message - Build Start	  "SANDBOX_ACME_AGREE": "true",
build-and-push (telegram-bot)	Send Telegram Message - Build Start	  "SANDBOX_BRANCH_NAME": "sandbox",
build-and-push (telegram-bot)	Send Telegram Message - Build Start	  "SANDBOX_CACHE_ENABLED": "true",
build-and-push (telegram-bot)	Send Telegram Message - Build Start	  "SANDBOX_CLAMAV_PORT": "***10",
build-and-push (telegram-bot)	Send Telegram Message - Build Start	  "SANDBOX_CLIENT_API_FIXED_ORGANIZER": "@Ontonadmin",
build-and-push (telegram-bot)	Send Telegram Message - Build Start	  "SANDBOX_CLIENT_API_FIXED_USER": "@Ontonadmin",
build-and-push (telegram-bot)	Send Telegram Message - Build Start	  "SANDBOX_CLIENT_WEB_DOMAIN": "sandbox-client-web.toncloud.observer",
build-and-push (telegram-bot)	Send Telegram Message - Build Start	  "SANDBOX_COMPOSE_PROJECT_NAME": "sanbox-***",
build-and-push (telegram-bot)	Send Telegram Message - Build Start	  "SANDBOX_IP_CADDY": "caddy",
build-and-push (telegram-bot)	Send Telegram Message - Build Start	  "SANDBOX_IP_CLAMAV": "host.docker.internal",
build-and-push (telegram-bot)	Send Telegram Message - Build Start	  "SANDBOX_IP_KIBANA": "kibana",
build-and-push (telegram-bot)	Send Telegram Message - Build Start	  "SANDBOX_IP_METABASE": "metabase",
build-and-push (telegram-bot)	Send Telegram Message - Build Start	  "SANDBOX_IP_PGADMIN": "pgadmin",
build-and-push (telegram-bot)	Send Telegram Message - Build Start	  "SANDBOX_IP_POA_WORKER": "mini-app-poa-worker",
build-and-push (telegram-bot)	Send Telegram Message - Build Start	  "SANDBOX_IP_POSTGRES": "postgres",
build-and-push (telegram-bot)	Send Telegram Message - Build Start	  "SANDBOX_IP_SOCKET": "mini-app-notification-socket",
build-and-push (telegram-bot)	Send Telegram Message - Build Start	  "SANDBOX_IP_TELEGRAM_BOT": "telegram-bot",
build-and-push (telegram-bot)	Send Telegram Message - Build Start	  "SANDBOX_IP_WEBSITE": "website",
build-and-push (telegram-bot)	Send Telegram Message - Build Start	  "SANDBOX_JWT_SECRET_SOCKET": "D3v@OnTonw3tds112ewq%KD___%1006-7-8-9-0OkMjKlll%909R9OOsf",
build-and-push (telegram-bot)	Send Telegram Message - Build Start	  "SANDBOX_KIBANA_HASHED_PASSWORD": "$2a$14$6P83mnKs9BxP2qZDaMU.2OzBHY3SG0nnaVXJ8nKluEWEWD5RMmN/W",
build-and-push (telegram-bot)	Send Telegram Message - Build Start	  "SANDBOX_KIBANA_PORT": "6023",
build-and-push (telegram-bot)	Send Telegram Message - Build Start	  "SANDBOX_KIBANA_USERNAME": "monitor",
build-and-push (telegram-bot)	Send Telegram Message - Build Start	  "SANDBOX_LOCAL_DOMAIN": "sandbox-app.toncloud.observer",
build-and-push (telegram-bot)	Send Telegram Message - Build Start	  "SANDBOX_MB_REDIRECT_ALL_REQUESTS_TO_HTTPS": "true",
build-and-push (telegram-bot)	Send Telegram Message - Build Start	  "SANDBOX_METABASE_DOMAIN": "sandbox-metabase.toncloud.observer",
build-and-push (telegram-bot)	Send Telegram Message - Build Start	  "SANDBOX_MINIO_COLLECTION_BUCKET": "***collection",
build-and-push (telegram-bot)	Send Telegram Message - Build Start	  "SANDBOX_MINIO_DASHBOARD_PORT": "6014",
build-and-push (telegram-bot)	Send Telegram Message - Build Start	  "SANDBOX_MINIO_DOC_BUCKET": "***doc",
build-and-push (telegram-bot)	Send Telegram Message - Build Start	  "SANDBOX_MINIO_DOC_DEFAULT_BUCKET": "***",
build-and-push (telegram-bot)	Send Telegram Message - Build Start	  "SANDBOX_MINIO_ENDPOINT": "minio",
build-and-push (telegram-bot)	Send Telegram Message - Build Start	  "SANDBOX_MINIO_IMAGE_BUCKET": "***image",
build-and-push (telegram-bot)	Send Telegram Message - Build Start	  "SANDBOX_MINIO_ITEM_BUCKET": "***item",
build-and-push (telegram-bot)	Send Telegram Message - Build Start	  "SANDBOX_MINIO_PORT": "6012",
build-and-push (telegram-bot)	Send Telegram Message - Build Start	  "SANDBOX_MINIO_PUBLIC_URL": "https://sandbox-storage.toncloud.observer",
build-and-push (telegram-bot)	Send Telegram Message - Build Start	  "SANDBOX_MINIO_REGION_NAME": "default",
build-and-push (telegram-bot)	Send Telegram Message - Build Start	  "SANDBOX_MINIO_SBT_COLLECTIONS_BUCKET": "sbt-collections",
build-and-push (telegram-bot)	Send Telegram Message - Build Start	  "SANDBOX_MINIO_STORAGE_ADMIN_DOMAIN": "sandbox-storage-admin.toncloud.observer",
build-and-push (telegram-bot)	Send Telegram Message - Build Start	  "SANDBOX_MINIO_STORAGE_DOMAIN": "sandbox-storage.toncloud.observer",
build-and-push (telegram-bot)	Send Telegram Message - Build Start	  "SANDBOX_MINIO_VIDEO_BUCKET": "***video",
build-and-push (telegram-bot)	Send Telegram Message - Build Start	  "SANDBOX_MINI_APP_DOMAIN": "sandbox-app.toncloud.observer",
build-and-push (telegram-bot)	Send Telegram Message - Build Start	  "SANDBOX_MINI_APP_PORT": "6000",
build-and-push (telegram-bot)	Send Telegram Message - Build Start	  "SANDBOX_MINI_APP_SOCKET_DOMAIN": "sandbox-socket.toncloud.observer",
build-and-push (telegram-bot)	Send Telegram Message - Build Start	  "SANDBOX_MONITORING_DOMAIN": "sandbox-monitoring.toncloud.observer",
build-and-push (telegram-bot)	Send Telegram Message - Build Start	  "SANDBOX_NETWORK_NAME": "***-sandbox",
build-and-push (telegram-bot)	Send Telegram Message - Build Start	  "SANDBOX_NETWORK_PUBLIC_IP": "***",
build-and-push (telegram-bot)	Send Telegram Message - Build Start	  "SANDBOX_NEXT_PUBLIC_API_BASE_URL": "https://sandbox-app.toncloud.observer/api/v1",
build-and-push (telegram-bot)	Send Telegram Message - Build Start	  "SANDBOX_NEXT_PUBLIC_APP_BASE_URL": "https://sandbox-app.toncloud.observer",
build-and-push (telegram-bot)	Send Telegram Message - Build Start	  "SANDBOX_NEXT_PUBLIC_BACKEND_URL_CLIENT": "https://sandbox-app.toncloud.observer/api/client/v1/",
build-and-push (telegram-bot)	Send Telegram Message - Build Start	  "SANDBOX_NEXT_PUBLIC_BOT_USERNAME": "sandbox_ont0n_bot",
build-and-push (telegram-bot)	Send Telegram Message - Build Start	  "SANDBOX_NEXT_PUBLIC_GTM": "GTM-sandbox",
build-and-push (telegram-bot)	Send Telegram Message - Build Start	  "SANDBOX_NEXT_PUBLIC_SOCKET_URL": "sandbox-socket.toncloud.observer",
build-and-push (telegram-bot)	Send Telegram Message - Build Start	  "SANDBOX_NFT_INTERVAL_TIME": "60000",
build-and-push (telegram-bot)	Send Telegram Message - Build Start	  "SANDBOX_NFT_MANAGER_PORT": "6004",
build-and-push (telegram-bot)	Send Telegram Message - Build Start	  "SANDBOX_NODE_ENV": "production",
build-and-push (telegram-bot)	Send Telegram Message - Build Start	  "SANDBOX_NODE_TLS_REJECT_UNAUTHORIZED": "0",
build-and-push (telegram-bot)	Send Telegram Message - Build Start	  "SANDBOX_ONTON_DOMAIN": "sandbox.toncloud.observer",
build-and-push (telegram-bot)	Send Telegram Message - Build Start	  "SANDBOX_PARTICIPANT_TMA_PORT": "6001",
build-and-push (telegram-bot)	Send Telegram Message - Build Start	  "SANDBOX_PGADMIN_DOMAIN": "sandbox-pgadmin.toncloud.observer",
build-and-push (telegram-bot)	Send Telegram Message - Build Start	  "SANDBOX_PORT_CLIENT_WEB": "6007",
build-and-push (telegram-bot)	Send Telegram Message - Build Start	  "SANDBOX_PORT_METABASE": "6009",
build-and-push (telegram-bot)	Send Telegram Message - Build Start	  "SANDBOX_PORT_PGADMIN": "6006",
build-and-push (telegram-bot)	Send Telegram Message - Build Start	  "SANDBOX_PORT_WEB_SITE": "6005",
build-and-push (telegram-bot)	Send Telegram Message - Build Start	  "SANDBOX_POSTGRES_METABASE_DB": "sandbox-mini-app",
build-and-push (telegram-bot)	Send Telegram Message - Build Start	  "SANDBOX_POSTGRES_MINI_APP_DB": "sandbox-mini-app",
build-and-push (telegram-bot)	Send Telegram Message - Build Start	  "SANDBOX_POSTGRES_NFT_MANAGER_DB": "sandbox-nft-manager",
build-and-push (telegram-bot)	Send Telegram Message - Build Start	  "SANDBOX_POSTGRES_PORT": "6008",
build-and-push (telegram-bot)	Send Telegram Message - Build Start	  "SANDBOX_PTMA_API_BASE_URL": "https://sandbox-app.toncloud.observer/api/v1",
build-and-push (telegram-bot)	Send Telegram Message - Build Start	  "SANDBOX_RABBITMQ_DOMAIN": "sandbox-rabbitmq.toncloud.observer",
build-and-push (telegram-bot)	Send Telegram Message - Build Start	  "SANDBOX_RABBITMQ_MANAGEMENT_PORT": "6015",
build-and-push (telegram-bot)	Send Telegram Message - Build Start	  "SANDBOX_RABBITMQ_NODE_PORT": "6016",
build-and-push (telegram-bot)	Send Telegram Message - Build Start	  "SANDBOX_REDIS_DATABASES": "1",
build-and-push (telegram-bot)	Send Telegram Message - Build Start	  "SANDBOX_REDIS_PORT": "6011",
build-and-push (telegram-bot)	Send Telegram Message - Build Start	  "SANDBOX_REGISTRY_URL": "registry.toncloud.observer",
build-and-push (telegram-bot)	Send Telegram Message - Build Start	  "SANDBOX_SOCKET_PORT": "60***",
build-and-push (telegram-bot)	Send Telegram Message - Build Start	  "SANDBOX_STAGE_NAME": "sandbox-***",
build-and-push (telegram-bot)	Send Telegram Message - Build Start	  "SANDBOX_SYS_CADDY_REPLICAS": "1",
build-and-push (telegram-bot)	Send Telegram Message - Build Start	  "SANDBOX_SYS_MINI_APP_REPLICAS": "2",
build-and-push (telegram-bot)	Send Telegram Message - Build Start	  "SANDBOX_SYS_PARTICIPANT_TMA_REPLICAS": "2",
build-and-push (telegram-bot)	Send Telegram Message - Build Start	  "SANDBOX_SYS_WEB_SITE_REPLICAS": "1",
build-and-push (telegram-bot)	Send Telegram Message - Build Start	  "SANDBOX_TELEGRAM_BOT_PORT": "6002",
build-and-push (telegram-bot)	Send Telegram Message - Build Start	  "SANDBOX_TG_NOTIFICATION_CHANELL": "-1002164161685",
build-and-push (telegram-bot)	Send Telegram Message - Build Start	  "SANDBOX_TON_CENTER_ENDPOINT": "https://toncenter.com/api/v2/jsonRPC",
build-and-push (telegram-bot)	Send Telegram Message - Build Start	  "SANDBOX_TON_SOCIETY_BASE_URL": "https://society.ton.org/v1",
build-and-push (telegram-bot)	Send Telegram Message - Build Start	  "SANDBOX_USE_CLOUDFLARE": "true",
build-and-push (telegram-bot)	Send Telegram Message - Build Start	  "SANDBOX_USE_MAIN_IP_TO_EXPOSE": "true",
build-and-push (telegram-bot)	Send Telegram Message - Build Start	  "STAGING_ACME_AGREE": "true",
build-and-push (telegram-bot)	Send Telegram Message - Build Start	  "STAGING_BRANCH_NAME": "staging",
build-and-push (telegram-bot)	Send Telegram Message - Build Start	  "STAGING_CACHE_ENABLED": "true",
build-and-push (telegram-bot)	Send Telegram Message - Build Start	  "STAGING_CLAMAV_PORT": "***10",
build-and-push (telegram-bot)	Send Telegram Message - Build Start	  "STAGING_CLIENT_API_FIXED_ORGANIZER": "@Ontonadmin",
build-and-push (telegram-bot)	Send Telegram Message - Build Start	  "STAGING_CLIENT_API_FIXED_USER": "@Ontonadmin",
build-and-push (telegram-bot)	Send Telegram Message - Build Start	  "STAGING_CLIENT_WEB_DOMAIN": "staging-client-web.toncloud.observer",
build-and-push (telegram-bot)	Send Telegram Message - Build Start	  "STAGING_COMPOSE_PROJECT_NAME": "staging-***",
build-and-push (telegram-bot)	Send Telegram Message - Build Start	  "STAGING_ENV": "staging",
build-and-push (telegram-bot)	Send Telegram Message - Build Start	  "STAGING_EVENT_WALLET_ENC_KEY": "Ci5M6/B4Wke4qX6tXViVeW0xM0iH0yh/qvD3Y1xu2v8",
build-and-push (telegram-bot)	Send Telegram Message - Build Start	  "STAGING_GITHUB_CLIENT_ID": "Ov23liQFN1rMeZicYHnL",
build-and-push (telegram-bot)	Send Telegram Message - Build Start	  "STAGING_GITHUB_REPO": "***bot",
build-and-push (telegram-bot)	Send Telegram Message - Build Start	  "STAGING_GOLANG_SERVER_PORT": "4013",
build-and-push (telegram-bot)	Send Telegram Message - Build Start	  "STAGING_GOOGLE_CLIENT_ID": "174044865725-8urfv981fca74aj3bq2kqik7fbe2rggg.apps.googleusercontent.com",
build-and-push (telegram-bot)	Send Telegram Message - Build Start	  "STAGING_IP_CADDY": "caddy",
build-and-push (telegram-bot)	Send Telegram Message - Build Start	  "STAGING_IP_CLAMAV": "host.docker.internal",
build-and-push (telegram-bot)	Send Telegram Message - Build Start	  "STAGING_IP_CLIENT_WEB": "client-web",
build-and-push (telegram-bot)	Send Telegram Message - Build Start	  "STAGING_IP_GIVEAWAY_CHECKER": "giveaway-checker",
build-and-push (telegram-bot)	Send Telegram Message - Build Start	  "STAGING_IP_GOLANG_SERVER": "golang-server",
build-and-push (telegram-bot)	Send Telegram Message - Build Start	  "STAGING_IP_GOLANG_WORKER": "golang-worker",
build-and-push (telegram-bot)	Send Telegram Message - Build Start	  "STAGING_IP_KIBANA": "kibana",
build-and-push (telegram-bot)	Send Telegram Message - Build Start	  "STAGING_IP_METABASE": "metabase",
build-and-push (telegram-bot)	Send Telegram Message - Build Start	  "STAGING_IP_MINIO": "minio",
build-and-push (telegram-bot)	Send Telegram Message - Build Start	  "STAGING_IP_MINI_APP": "mini-app",
build-and-push (telegram-bot)	Send Telegram Message - Build Start	  "STAGING_IP_MINI_APP_CRON": "mini-app-sbt-worker",
build-and-push (telegram-bot)	Send Telegram Message - Build Start	  "STAGING_IP_NFT_MANAGER": "nft-manager",
build-and-push (telegram-bot)	Send Telegram Message - Build Start	  "STAGING_IP_PARTICIPANT_TMA": "participant-tma",
build-and-push (telegram-bot)	Send Telegram Message - Build Start	  "STAGING_IP_PGADMIN": "pgadmin",
build-and-push (telegram-bot)	Send Telegram Message - Build Start	  "STAGING_IP_POA_WORKER": "mini-app-poa-worker",
build-and-push (telegram-bot)	Send Telegram Message - Build Start	  "STAGING_IP_POSTGRES": "postgres",
build-and-push (telegram-bot)	Send Telegram Message - Build Start	  "STAGING_IP_RABBITMQ": "rabbitmq",
build-and-push (telegram-bot)	Send Telegram Message - Build Start	  "STAGING_IP_RANGE_BASE": "host.docker.internal",
build-and-push (telegram-bot)	Send Telegram Message - Build Start	  "STAGING_IP_RANGE_START": "172.11",
build-and-push (telegram-bot)	Send Telegram Message - Build Start	  "STAGING_IP_RANGE_SUBNET": "24",
build-and-push (telegram-bot)	Send Telegram Message - Build Start	  "STAGING_IP_REDIS": "redis",
build-and-push (telegram-bot)	Send Telegram Message - Build Start	  "STAGING_IP_SOCKET": "IP_SOCKET=mini-app-notification-socket",
build-and-push (telegram-bot)	Send Telegram Message - Build Start	  "STAGING_IP_SWAGGER_UI": "swagger-ui",
build-and-push (telegram-bot)	Send Telegram Message - Build Start	  "STAGING_IP_TELEGRAM_BOT": "telegram-bot",
build-and-push (telegram-bot)	Send Telegram Message - Build Start	  "STAGING_IP_WEBSITE": "website",
build-and-push (telegram-bot)	Send Telegram Message - Build Start	  "STAGING_JWT_SECRET_SOCKET": "JFDmdjeu__@HF_KKSEEWR_ERWER_FGDFG_ET%DG%34534aasd%_Rhueflihfsdlnf",
build-and-push (telegram-bot)	Send Telegram Message - Build Start	  "STAGING_KIBANA_HASHED_PASSWORD": "$2a$14$6P83mnKs9BxP2qZDaMU.2OzBHY3SG0nnaVXJ8nKluEWEWD5RMmN/W",
build-and-push (telegram-bot)	Send Telegram Message - Build Start	  "STAGING_KIBANA_PORT": "4023",
build-and-push (telegram-bot)	Send Telegram Message - Build Start	  "STAGING_KIBANA_USERNAME": "monitor",
build-and-push (telegram-bot)	Send Telegram Message - Build Start	  "STAGING_LINKEDIN_CLIENT_ID": "77osbnm9chxr4c",
build-and-push (telegram-bot)	Send Telegram Message - Build Start	  "STAGING_LOCAL_DOMAIN": "staging-app.toncloud.observer",
build-and-push (telegram-bot)	Send Telegram Message - Build Start	  "STAGING_MB_REDIRECT_ALL_REQUESTS_TO_HTTPS": "true",
build-and-push (telegram-bot)	Send Telegram Message - Build Start	  "STAGING_METABASE_DOMAIN": "staging-metabase.toncloud.observer",
build-and-push (telegram-bot)	Send Telegram Message - Build Start	  "STAGING_MINIO_COLLECTION_BUCKET": "***collection",
build-and-push (telegram-bot)	Send Telegram Message - Build Start	  "STAGING_MINIO_DASHBOARD_PORT": "4014",
build-and-push (telegram-bot)	Send Telegram Message - Build Start	  "STAGING_MINIO_DOC_BUCKET": "***doc",
build-and-push (telegram-bot)	Send Telegram Message - Build Start	  "STAGING_MINIO_DOC_DEFAULT_BUCKET": "***",
build-and-push (telegram-bot)	Send Telegram Message - Build Start	  "STAGING_MINIO_ENDPOINT": "minio",
build-and-push (telegram-bot)	Send Telegram Message - Build Start	  "STAGING_MINIO_IMAGE_BUCKET": "***image",
build-and-push (telegram-bot)	Send Telegram Message - Build Start	  "STAGING_MINIO_ITEM_BUCKET": "***item",
build-and-push (telegram-bot)	Send Telegram Message - Build Start	  "STAGING_MINIO_PORT": "4012",
build-and-push (telegram-bot)	Send Telegram Message - Build Start	  "STAGING_MINIO_PUBLIC_URL": "https://staging-storage.toncloud.observer",
build-and-push (telegram-bot)	Send Telegram Message - Build Start	  "STAGING_MINIO_REGION_NAME": "default",
build-and-push (telegram-bot)	Send Telegram Message - Build Start	  "STAGING_MINIO_SBT_COLLECTIONS_BUCKET": "sbt-collections",
build-and-push (telegram-bot)	Send Telegram Message - Build Start	  "STAGING_MINIO_STORAGE_ADMIN_DOMAIN": "staging-storage-admin.toncloud.observer",
build-and-push (telegram-bot)	Send Telegram Message - Build Start	  "STAGING_MINIO_STORAGE_DOMAIN": "staging-storage.toncloud.observer",
build-and-push (telegram-bot)	Send Telegram Message - Build Start	  "STAGING_MINIO_VIDEO_BUCKET": "***video",
build-and-push (telegram-bot)	Send Telegram Message - Build Start	  "STAGING_MINI_APP_DOMAIN": "staging-app.toncloud.observer",
build-and-push (telegram-bot)	Send Telegram Message - Build Start	  "STAGING_MINI_APP_PORT": "4000",
build-and-push (telegram-bot)	Send Telegram Message - Build Start	  "STAGING_MINI_APP_SOCKET_DOMAIN": "staging-socket.toncloud.observer",
build-and-push (telegram-bot)	Send Telegram Message - Build Start	  "STAGING_MONITORING_DOMAIN": "staging-monitoring.toncloud.observer",
build-and-push (telegram-bot)	Send Telegram Message - Build Start	  "STAGING_MS_CLIENT_ID": "916e0c9f-17bc-45c2-9cbc-025c48a0d449",
build-and-push (telegram-bot)	Send Telegram Message - Build Start	  "STAGING_NETWORK_NAME": "***-staging",
build-and-push (telegram-bot)	Send Telegram Message - Build Start	  "STAGING_NETWORK_PUBLIC_IP": "***",
build-and-push (telegram-bot)	Send Telegram Message - Build Start	  "STAGING_NEXT_PUBLIC_API_BASE_URL": "https://staging-app.toncloud.observer/api/v1",
build-and-push (telegram-bot)	Send Telegram Message - Build Start	  "STAGING_NEXT_PUBLIC_APP_BASE_URL": "https://staging-app.toncloud.observer",
build-and-push (telegram-bot)	Send Telegram Message - Build Start	  "STAGING_NEXT_PUBLIC_BACKEND_URL_CLIENT": "https://staging-app.toncloud.observer/api/client/v1/",
build-and-push (telegram-bot)	Send Telegram Message - Build Start	  "STAGING_NEXT_PUBLIC_BOT_USERNAME": "notnonstagebot",
build-and-push (telegram-bot)	Send Telegram Message - Build Start	  "STAGING_NEXT_PUBLIC_ENV": "staging",
build-and-push (telegram-bot)	Send Telegram Message - Build Start	  "STAGING_NEXT_PUBLIC_GTM": "GTM-staging",
build-and-push (telegram-bot)	Send Telegram Message - Build Start	  "STAGING_NEXT_PUBLIC_SOCKET_URL": "staging-socket.toncloud.observer",
build-and-push (telegram-bot)	Send Telegram Message - Build Start	  "STAGING_NEXT_PUBLIC_TRPC_BASE_URL": "https://staging-app.toncloud.observer",
build-and-push (telegram-bot)	Send Telegram Message - Build Start	  "STAGING_NFT_INTERVAL_TIME": "60000",
build-and-push (telegram-bot)	Send Telegram Message - Build Start	  "STAGING_NFT_MANAGER_PORT": "4004",
build-and-push (telegram-bot)	Send Telegram Message - Build Start	  "STAGING_NODE_ENV": "production",
build-and-push (telegram-bot)	Send Telegram Message - Build Start	  "STAGING_NODE_TLS_REJECT_UNAUTHORIZED": "0",
build-and-push (telegram-bot)	Send Telegram Message - Build Start	  "STAGING_ONTON_DOMAIN": "staging.toncloud.observer",
build-and-push (telegram-bot)	Send Telegram Message - Build Start	  "STAGING_PARTICIPANT_TMA_PORT": "4001",
build-and-push (telegram-bot)	Send Telegram Message - Build Start	  "STAGING_PGADMIN_DOMAIN": "staging-pgadmin.toncloud.observer",
build-and-push (telegram-bot)	Send Telegram Message - Build Start	  "STAGING_PORT_CLIENT_WEB": "4007",
build-and-push (telegram-bot)	Send Telegram Message - Build Start	  "STAGING_PORT_METABASE": "4009",
build-and-push (telegram-bot)	Send Telegram Message - Build Start	  "STAGING_PORT_PGADMIN": "4006",
build-and-push (telegram-bot)	Send Telegram Message - Build Start	  "STAGING_PORT_WEB_SITE": "4005",
build-and-push (telegram-bot)	Send Telegram Message - Build Start	  "STAGING_POSTGRES_METABASE_DB": "staging-mini-app",
build-and-push (telegram-bot)	Send Telegram Message - Build Start	  "STAGING_POSTGRES_MINI_APP_DB": "staging-mini-app",
build-and-push (telegram-bot)	Send Telegram Message - Build Start	  "STAGING_POSTGRES_NFT_MANAGER_DB": "staging-nft-manager",
build-and-push (telegram-bot)	Send Telegram Message - Build Start	  "STAGING_POSTGRES_PORT": "4008",
build-and-push (telegram-bot)	Send Telegram Message - Build Start	  "STAGING_PTMA_API_BASE_URL": "https://staging-app.toncloud.observer/api/v1",
build-and-push (telegram-bot)	Send Telegram Message - Build Start	  "STAGING_RABBITMQ_DOMAIN": "staging-rabbitmq.toncloud.observer",
build-and-push (telegram-bot)	Send Telegram Message - Build Start	  "STAGING_RABBITMQ_MANAGEMENT_PORT": "4015",
build-and-push (telegram-bot)	Send Telegram Message - Build Start	  "STAGING_RABBITMQ_NODE_PORT": "4016",
build-and-push (telegram-bot)	Send Telegram Message - Build Start	  "STAGING_REDIS_DATABASES": "1",
build-and-push (telegram-bot)	Send Telegram Message - Build Start	  "STAGING_REDIS_PORT": "4011",
build-and-push (telegram-bot)	Send Telegram Message - Build Start	  "STAGING_REGISTRY_URL": "registry.toncloud.observer",
build-and-push (telegram-bot)	Send Telegram Message - Build Start	  "STAGING_SOCKET_PORT": "40***",
build-and-push (telegram-bot)	Send Telegram Message - Build Start	  "STAGING_STAGE_NAME": "staging-***",
build-and-push (telegram-bot)	Send Telegram Message - Build Start	  "STAGING_SWAGGER_UI_DOMAIN": "staging-swagger-ui.toncloud.observer",
build-and-push (telegram-bot)	Send Telegram Message - Build Start	  "STAGING_SWAGGER_UI_PORT": "4024",
build-and-push (telegram-bot)	Send Telegram Message - Build Start	  "STAGING_SYS_CADDY_REPLICAS": "1",
build-and-push (telegram-bot)	Send Telegram Message - Build Start	  "STAGING_SYS_MINI_APP_REPLICAS": "2",
build-and-push (telegram-bot)	Send Telegram Message - Build Start	  "STAGING_SYS_PARTICIPANT_TMA_REPLICAS": "2",
build-and-push (telegram-bot)	Send Telegram Message - Build Start	  "STAGING_SYS_WEB_SITE_REPLICAS": "1",
build-and-push (telegram-bot)	Send Telegram Message - Build Start	  "STAGING_TELEGRAM_BOT_PORT": "4002",
build-and-push (telegram-bot)	Send Telegram Message - Build Start	  "STAGING_TG_EVENTS_TOPIC": "2",
build-and-push (telegram-bot)	Send Telegram Message - Build Start	  "STAGING_TG_LOGS_GROUP_ID": "-100***64975789",
build-and-push (telegram-bot)	Send Telegram Message - Build Start	  "STAGING_TG_LOG_BOT_TOKEN": "7604730825:AAE1WJHs5lFI2zX_tba6M-1HYfffA8ugFmA",
build-and-push (telegram-bot)	Send Telegram Message - Build Start	  "STAGING_TG_NOTIFICATION_CHANELL": "-1002164161685",
build-and-push (telegram-bot)	Send Telegram Message - Build Start	  "STAGING_TG_SYSTEM_TOPIC": "16",
build-and-push (telegram-bot)	Send Telegram Message - Build Start	  "STAGING_TG_TICKETS_TOPIC": "4",
build-and-push (telegram-bot)	Send Telegram Message - Build Start	  "STAGING_TON_CENTER_ENDPOINT": "https://toncenter.com/api/v2/jsonRPC",
build-and-push (telegram-bot)	Send Telegram Message - Build Start	  "STAGING_TON_SOCIETY_BASE_URL": "https://id.ton.org/v1",
build-and-push (telegram-bot)	Send Telegram Message - Build Start	  "STAGING_TWITTER_CLIENT_ID": "SU1RUS0xaHNsRk5kd014UlZieDQ6MTpjaQ",
build-and-push (telegram-bot)	Send Telegram Message - Build Start	  "STAGING_USE_CLOUDFLARE": "true",
build-and-push (telegram-bot)	Send Telegram Message - Build Start	  "STAGING_USE_MAIN_IP_TO_EXPOSE": "true",
build-and-push (telegram-bot)	Send Telegram Message - Build Start	  "TELEGRAM_BOT_TOKEN_FOR_DEPLOYMENT": "7604730825:AAHhtwa4bGhELsBn2VqUxIIFXVJkRJfKuDs",
build-and-push (telegram-bot)	Send Telegram Message - Build Start	  "TELEGRAM_CHAT_ID_FOR_DEPLOYMENT": "***"
build-and-push (telegram-bot)	Send Telegram Message - Build Start	}
build-and-push (telegram-bot)	Send Telegram Message - Build Start	2026-02-09T12:09:24.8927215Z   TELEGRAM_BOT_TOKEN: 7604730825:AAHhtwa4bGhELsBn2VqUxIIFXVJkRJfKuDs
build-and-push (telegram-bot)	Send Telegram Message - Build Start	2026-02-09T12:09:24.8929736Z   TELEGRAM_CHAT_ID: ***
build-and-push (telegram-bot)	Send Telegram Message - Build Start	2026-02-09T12:09:24.8931530Z ##[endgroup]
build-and-push (telegram-bot)	Send Telegram Message - Build Start	2026-02-09T12:09:25.4886125Z {"ok":true,"result":{"message_id":***7,"sender_chat":{"id":***,"title":"ONTON LOGs","type":"channel"},"chat":{"id":***,"title":"ONTON LOGs","type":"channel"},"date":1770638965,"text":"\ud83d\udd04Build Start for ExecutESG/***\n  \ud83d\udcdd branch: refs/heads/dev\n  \ud83e\uddd1 \u200d\ud83d\udcbbActor: bemehrbani\n  \ud83d\udd8a   message: fix(deploy): strip quotes from env and inject bot vars\n  \ud83d\udd0d See Changes: https://github.com/ExecutESG/***/commit/0c3bec63c4903a99acde2a599f1cd5d98df508ae","entities":[{"offset":177,"length":82,"type":"url"}],"link_preview_options":{"url":"https://github.com/ExecutESG/***/commit/0c3bec63c4903a99acde2a599f1cd5d98df508ae"}}}
build-and-push (telegram-bot)	Checkout Code	﻿2026-02-09T12:09:25.5090703Z ##[group]Run actions/checkout@v4
build-and-push (telegram-bot)	Checkout Code	2026-02-09T12:09:25.5091306Z with:
build-and-push (telegram-bot)	Checkout Code	2026-02-09T12:09:25.5091797Z   repository: ExecutESG/***
build-and-push (telegram-bot)	Checkout Code	2026-02-09T12:09:25.5092426Z   token: ***
build-and-push (telegram-bot)	Checkout Code	2026-02-09T12:09:25.5092881Z   ssh-strict: true
build-and-push (telegram-bot)	Checkout Code	2026-02-09T12:09:25.5093359Z   ssh-user: git
build-and-push (telegram-bot)	Checkout Code	2026-02-09T12:09:25.5093845Z   persist-credentials: true
build-and-push (telegram-bot)	Checkout Code	2026-02-09T12:09:25.5094331Z   clean: true
build-and-push (telegram-bot)	Checkout Code	2026-02-09T12:09:25.5094801Z   sparse-checkout-cone-mode: true
build-and-push (telegram-bot)	Checkout Code	2026-02-09T12:09:25.5095524Z   fetch-depth: 1
build-and-push (telegram-bot)	Checkout Code	2026-02-09T12:09:25.5096000Z   fetch-tags: ***
build-and-push (telegram-bot)	Checkout Code	2026-02-09T12:09:25.5096461Z   show-progress: true
build-and-push (telegram-bot)	Checkout Code	2026-02-09T12:09:25.5096928Z   lfs: ***
build-and-push (telegram-bot)	Checkout Code	2026-02-09T12:09:25.5097360Z   submodules: ***
build-and-push (telegram-bot)	Checkout Code	2026-02-09T12:09:25.5097821Z   set-safe-directory: true
build-and-push (telegram-bot)	Checkout Code	2026-02-09T12:09:25.5098484Z env:
build-and-push (telegram-bot)	Checkout Code	2026-02-09T12:09:25.5128450Z   ALLMYSECRETS: {
build-and-push (telegram-bot)	Checkout Code	  "DEV_MNEMONIC": "***",
build-and-push (telegram-bot)	Checkout Code	  "MAIN_PGADMIN_DEFAULT_PASSWORD": "***",
build-and-push (telegram-bot)	Checkout Code	  "DOCKER_HUB_TOKEN": "***",
build-and-push (telegram-bot)	Checkout Code	  "STAGING_ONTON_API_KEY": "***",
build-and-push (telegram-bot)	Checkout Code	  "STAGING_CLOUDFLARE_API_TOKEN": "***",
build-and-push (telegram-bot)	Checkout Code	  "DEV_TON_CENTER_TOKEN": "***",
build-and-push (telegram-bot)	Checkout Code	  "STAGING_ONTON_API_SECRET": "***",
build-and-push (telegram-bot)	Checkout Code	  "STAGING_GITHUB_CLIENT_SECRET": "***",
build-and-push (telegram-bot)	Checkout Code	  "SSH_MAIN_IP": "***",
build-and-push (telegram-bot)	Checkout Code	  "MAIN_TWITTER_CLIENT_SECRET": "***",
build-and-push (telegram-bot)	Checkout Code	  "STAGING_MINIO_ROOT_PASSWORD": "***",
build-and-push (telegram-bot)	Checkout Code	  "MAIN_GITHUB_CLIENT_SECRET": "***",
build-and-push (telegram-bot)	Checkout Code	  "STAGING_RABBITMQ_DEFAULT_PASS": "***",
build-and-push (telegram-bot)	Checkout Code	  "SSH_DEV_IP": "***",
build-and-push (telegram-bot)	Checkout Code	  "DEV_POSTGRES_PASSWORD": "***",
build-and-push (telegram-bot)	Checkout Code	  "SSH_PASSPHRASE": "***",
build-and-push (telegram-bot)	Checkout Code	  "STAGING_CLIENT_API_FIXED_KEY": "***",
build-and-push (telegram-bot)	Checkout Code	  "MAIN_TON_CENTER_TOKEN": "***",
build-and-push (telegram-bot)	Checkout Code	  "DOCKER_HUB_USERNAME": "***",
build-and-push (telegram-bot)	Checkout Code	  "GIT_API_KEY": "***",
build-and-push (telegram-bot)	Checkout Code	  "MAIN_CLOUDFLARE_EMAIL": "***",
build-and-push (telegram-bot)	Checkout Code	  "MAIN_DATABASE_URL": "***",
build-and-push (telegram-bot)	Checkout Code	  "MAIN_CLOUDFLARE_EMAIL_MAIN": "***",
build-and-push (telegram-bot)	Checkout Code	  "STAGING_PGADMIN_DEFAULT_EMAIL": "***",
build-and-push (telegram-bot)	Checkout Code	  "STAGING_SECRET_EVENT_WALLET_ENC_KEY": "***",
build-and-push (telegram-bot)	Checkout Code	  "STAGING_PGADMIN_DEFAULT_PASSWORD": "***",
build-and-push (telegram-bot)	Checkout Code	  "CR_PAT": "***",
build-and-push (telegram-bot)	Checkout Code	  "MAIN_CLOUDFLARE_API_TOKEN_MAIN": "***",
build-and-push (telegram-bot)	Checkout Code	  "MAIN_POSTGRES_USER": "***",
build-and-push (telegram-bot)	Checkout Code	  "DEV_BOT_TOKEN": "***",
build-and-push (telegram-bot)	Checkout Code	  "STAGING_REDIS_PASSWORD": "***",
build-and-push (telegram-bot)	Checkout Code	  "TELEGRAM_CHAT_ID_FOR_DEPLOYMENT": "***",
build-and-push (telegram-bot)	Checkout Code	  "STAGING_TONAPI_API_KEY": "***",
build-and-push (telegram-bot)	Checkout Code	  "STAGING_CLOUDFLARE_API_TOKEN_MAIN": "***",
build-and-push (telegram-bot)	Checkout Code	  "MAIN_BOT_TOKEN": "***",
build-and-push (telegram-bot)	Checkout Code	  "MAIN_SENTRY_AUTH_TOKEN": "***",
build-and-push (telegram-bot)	Checkout Code	  "github_token": "***",
build-and-push (telegram-bot)	Checkout Code	  "STAGING_DATABASE_URL_NFT_MANAGER": "***",
build-and-push (telegram-bot)	Checkout Code	  "DEV_CLOUDFLARE_API_TOKEN": "***",
build-and-push (telegram-bot)	Checkout Code	  "STAGING_TON_SOCIETY_API_KEY": "***",
build-and-push (telegram-bot)	Checkout Code	  "STAGING_POSTGRES_PASSWORD": "***",
build-and-push (telegram-bot)	Checkout Code	  "MAIN_RABBITMQ_DEFAULT_USER": "***",
build-and-push (telegram-bot)	Checkout Code	  "MAIN_CLOUDFLARE_API_TOKEN": "***",
build-and-push (telegram-bot)	Checkout Code	  "MAIN_CLOUDFLARE_DNS_ZONE_ID": "***",
build-and-push (telegram-bot)	Checkout Code	  "MAIN_REDIS_PASSWORD": "***",
build-and-push (telegram-bot)	Checkout Code	  "STAGING_MINIO_ROOT_USER": "***",
build-and-push (telegram-bot)	Checkout Code	  "MAIN_TON_SOCIETY_API_KEY": "***",
build-and-push (telegram-bot)	Checkout Code	  "STAGING_CLOUDFLARE_DNS_ZONE_ID": "***",
build-and-push (telegram-bot)	Checkout Code	  "DEV_CLIENT_API_JWT_SECRET": "***",
build-and-push (telegram-bot)	Checkout Code	  "STAGING_BOT_TOKEN": "***",
build-and-push (telegram-bot)	Checkout Code	  "MAIN_MB_ENCRYPTION_SECRET_KEY": "***",
build-and-push (telegram-bot)	Checkout Code	  "USE_CLOUDFLARE": "***",
build-and-push (telegram-bot)	Checkout Code	  "MAIN_TONAPI_API_KEY": "***",
build-and-push (telegram-bot)	Checkout Code	  "SSH_PRIVATE_KEY": "***",
build-and-push (telegram-bot)	Checkout Code	  "MAIN_LINKEDIN_CLIENT_SECRET": "***",
build-and-push (telegram-bot)	Checkout Code	  "STAGING_MS_CLIENT_SECRET": "***",
build-and-push (telegram-bot)	Checkout Code	  "SSH_DEV_KEY": "***",
build-and-push (telegram-bot)	Checkout Code	  "STAGING_TWITTER_CLIENT_SECRET": "***",
build-and-push (telegram-bot)	Checkout Code	  "STAGING_CLIENT_API_JWT_SECRET": "***",
build-and-push (telegram-bot)	Checkout Code	  "MAIN_DATABASE_URL_NFT_MANAGER": "***",
build-and-push (telegram-bot)	Checkout Code	  "DEV_ONTON_API_SECRET": "***",
build-and-push (telegram-bot)	Checkout Code	  "MAIN_GOOGLE_CLIENT_SECRET": "***",
build-and-push (telegram-bot)	Checkout Code	  "MAIN_MS_CLIENT_SECRET": "***",
build-and-push (telegram-bot)	Checkout Code	  "STAGING_DATABASE_URL": "***",
build-and-push (telegram-bot)	Checkout Code	  "STAGING_TON_CENTER_TOKEN": "***",
build-and-push (telegram-bot)	Checkout Code	  "DEV_TON_SOCIETY_API_KEY": "***",
build-and-push (telegram-bot)	Checkout Code	  "MAIN_EVENT_WALLET_ENC_KEY": "***",
build-and-push (telegram-bot)	Checkout Code	  "STAGING_POSTGRES_USER": "***",
build-and-push (telegram-bot)	Checkout Code	  "MAIN_PGADMIN_DEFAULT_EMAIL": "***",
build-and-push (telegram-bot)	Checkout Code	  "SSH_MAIN_PORT": "***",
build-and-push (telegram-bot)	Checkout Code	  "MAIN_MNEMONIC": "***",
build-and-push (telegram-bot)	Checkout Code	  "MAIN_POSTGRES_PASSWORD": "***",
build-and-push (telegram-bot)	Checkout Code	  "DEV_TONAPI_API_KEY": "***",
build-and-push (telegram-bot)	Checkout Code	  "STAGING_GOOGLE_CLIENT_SECRET": "***",
build-and-push (telegram-bot)	Checkout Code	  "DEV_MB_ENCRYPTION_SECRET_KEY": "***",
build-and-push (telegram-bot)	Checkout Code	  "STAGING_SENTRY_AUTH_TOKEN": "***",
build-and-push (telegram-bot)	Checkout Code	  "DEV_DATABASE_URL": "***",
build-and-push (telegram-bot)	Checkout Code	  "DEV_MINIO_ROOT_PASSWORD": "***",
build-and-push (telegram-bot)	Checkout Code	  "MAIN_RABBITMQ_DEFAULT_PASS": "***",
build-and-push (telegram-bot)	Checkout Code	  "TELEGRAM_BOT_TOKEN_FOR_DEPLOYMENT": "***",
build-and-push (telegram-bot)	Checkout Code	  "MAIN_ONTON_API_SECRET": "***",
build-and-push (telegram-bot)	Checkout Code	  "MAIN_CLIENT_API_FIXED_KEY": "***",
build-and-push (telegram-bot)	Checkout Code	  "SSH_DEV_PORT": "***",
build-and-push (telegram-bot)	Checkout Code	  "DEV_ONTON_API_KEY": "***",
build-and-push (telegram-bot)	Checkout Code	  "DEV_MINIO_ROOT_USER": "***",
build-and-push (telegram-bot)	Checkout Code	  "STAGING_MNEMONIC": "***",
build-and-push (telegram-bot)	Checkout Code	  "MAIN_MINIO_ROOT_USER": "***",
build-and-push (telegram-bot)	Checkout Code	  "DEV_PGADMIN_DEFAULT_PASSWORD": "***",
build-and-push (telegram-bot)	Checkout Code	  "DEV_CLIENT_API_FIXED_KEY": "***",
build-and-push (telegram-bot)	Checkout Code	  "STAGING_CLOUDFLARE_EMAIL": "***",
build-and-push (telegram-bot)	Checkout Code	  "STAGING_MB_ENCRYPTION_SECRET_KEY": "***",
build-and-push (telegram-bot)	Checkout Code	  "MAIN_MINIO_ROOT_PASSWORD": "***",
build-and-push (telegram-bot)	Checkout Code	  "MAIN_ONTON_API_KEY": "***",
build-and-push (telegram-bot)	Checkout Code	  "STAGING_RABBITMQ_DEFAULT_USER": "***",
build-and-push (telegram-bot)	Checkout Code	  "MAIN_CLIENT_API_JWT_SECRET": "***",
build-and-push (telegram-bot)	Checkout Code	  "STAGING_LINKEDIN_CLIENT_SECRET": "***",
build-and-push (telegram-bot)	Checkout Code	  "DEV_RABBITMQ_DEFAULT_PASS": "***"
build-and-push (telegram-bot)	Checkout Code	}
build-and-push (telegram-bot)	Checkout Code	2026-02-09T12:09:25.5210356Z   ALLMYVARS: {
build-and-push (telegram-bot)	Checkout Code	  "DEV_ACME_AGREE": "true",
build-and-push (telegram-bot)	Checkout Code	  "DEV_BRANCH_NAME": "dev",
build-and-push (telegram-bot)	Checkout Code	  "DEV_CACHE_ENABLED": "true",
build-and-push (telegram-bot)	Checkout Code	  "DEV_CLAMAV_PORT": "***10",
build-and-push (telegram-bot)	Checkout Code	  "DEV_CLIENT_API_FIXED_ORGANIZER": "@Ontonadmin",
build-and-push (telegram-bot)	Checkout Code	  "DEV_CLIENT_API_FIXED_USER": "@Ontonadmin",
build-and-push (telegram-bot)	Checkout Code	  "DEV_CLIENT_WEB_DOMAIN": "dev-client-web.dev.***.live",
build-and-push (telegram-bot)	Checkout Code	  "DEV_COMPOSE_PROJECT_NAME": "develop-***",
build-and-push (telegram-bot)	Checkout Code	  "DEV_ENV": "development",
build-and-push (telegram-bot)	Checkout Code	  "DEV_EVENT_WALLET_ENC_KEY": "Ci5M6/B4Wke4qX6tXViVeW0xM0iH0yh/qvD3Y1xu2v8",
build-and-push (telegram-bot)	Checkout Code	  "DEV_GOLANG_SERVER_PORT": "3013",
build-and-push (telegram-bot)	Checkout Code	  "DEV_IP_CADDY": "caddy",
build-and-push (telegram-bot)	Checkout Code	  "DEV_IP_CLAMAV": "host.docker.internal",
build-and-push (telegram-bot)	Checkout Code	  "DEV_IP_CLIENT_WEB": "client-web",
build-and-push (telegram-bot)	Checkout Code	  "DEV_IP_GIVEAWAY_CHECKER": "giveaway-checker",
build-and-push (telegram-bot)	Checkout Code	  "DEV_IP_GOLANG_SERVER": "golang-server",
build-and-push (telegram-bot)	Checkout Code	  "DEV_IP_GOLANG_WORKER": "golang-worker",
build-and-push (telegram-bot)	Checkout Code	  "DEV_IP_KIBANA": "kibana",
build-and-push (telegram-bot)	Checkout Code	  "DEV_IP_METABASE": "metabase",
build-and-push (telegram-bot)	Checkout Code	  "DEV_IP_MINIO": "minio",
build-and-push (telegram-bot)	Checkout Code	  "DEV_IP_MINI_APP": "mini-app",
build-and-push (telegram-bot)	Checkout Code	  "DEV_IP_MINI_APP_CRON": "mini-app-sbt-worker",
build-and-push (telegram-bot)	Checkout Code	  "DEV_IP_NFT_MANAGER": "nft-manager",
build-and-push (telegram-bot)	Checkout Code	  "DEV_IP_PARTICIPANT_TMA": "participant-tma",
build-and-push (telegram-bot)	Checkout Code	  "DEV_IP_PGADMIN": "pgadmin",
build-and-push (telegram-bot)	Checkout Code	  "DEV_IP_POA_WORKER": "mini-app-poa-worker",
build-and-push (telegram-bot)	Checkout Code	  "DEV_IP_POSTGRES": "postgres",
build-and-push (telegram-bot)	Checkout Code	  "DEV_IP_RABBITMQ": "rabbitmq",
build-and-push (telegram-bot)	Checkout Code	  "DEV_IP_RANGE_BASE": "host.docker.internal",
build-and-push (telegram-bot)	Checkout Code	  "DEV_IP_RANGE_START": "172.10",
build-and-push (telegram-bot)	Checkout Code	  "DEV_IP_RANGE_SUBNET": "24",
build-and-push (telegram-bot)	Checkout Code	  "DEV_IP_REDIS": "redis",
build-and-push (telegram-bot)	Checkout Code	  "DEV_IP_SOCKET": "mini-app-notification-socket",
build-and-push (telegram-bot)	Checkout Code	  "DEV_IP_SWAGGER_UI": "swagger-ui",
build-and-push (telegram-bot)	Checkout Code	  "DEV_IP_TELEGRAM_BOT": "telegram-bot",
build-and-push (telegram-bot)	Checkout Code	  "DEV_IP_WEBSITE": "website",
build-and-push (telegram-bot)	Checkout Code	  "DEV_JWT_SECRET_SOCKET": "D3v@OnTonw3tds112ewq%KD___%1006-7-8-9-0OkMjKlll%909R9OOsf",
build-and-push (telegram-bot)	Checkout Code	  "DEV_KIBANA_HASHED_PASSWORD": "$2a$14$6P83mnKs9BxP2qZDaMU.2OzBHY3SG0nnaVXJ8nKluEWEWD5RMmN/W",
build-and-push (telegram-bot)	Checkout Code	  "DEV_KIBANA_PORT": "3023",
build-and-push (telegram-bot)	Checkout Code	  "DEV_KIBANA_USERNAME": "monitor",
build-and-push (telegram-bot)	Checkout Code	  "DEV_LOCAL_DOMAIN": "dev-app.dev.***.live",
build-and-push (telegram-bot)	Checkout Code	  "DEV_MB_REDIRECT_ALL_REQUESTS_TO_HTTPS": "true",
build-and-push (telegram-bot)	Checkout Code	  "DEV_METABASE_DOMAIN": "dev-metabase.dev.***.live",
build-and-push (telegram-bot)	Checkout Code	  "DEV_MINIO_COLLECTION_BUCKET": "***collection",
build-and-push (telegram-bot)	Checkout Code	  "DEV_MINIO_DASHBOARD_PORT": "3014",
build-and-push (telegram-bot)	Checkout Code	  "DEV_MINIO_DOC_BUCKET": "***doc",
build-and-push (telegram-bot)	Checkout Code	  "DEV_MINIO_DOC_DEFAULT_BUCKET": "***",
build-and-push (telegram-bot)	Checkout Code	  "DEV_MINIO_ENDPOINT": "minio",
build-and-push (telegram-bot)	Checkout Code	  "DEV_MINIO_IMAGE_BUCKET": "***image",
build-and-push (telegram-bot)	Checkout Code	  "DEV_MINIO_ITEM_BUCKET": "***item",
build-and-push (telegram-bot)	Checkout Code	  "DEV_MINIO_PORT": "3012",
build-and-push (telegram-bot)	Checkout Code	  "DEV_MINIO_PUBLIC_URL": "https://dev-storage.dev.***.live",
build-and-push (telegram-bot)	Checkout Code	  "DEV_MINIO_REGION_NAME": "default",
build-and-push (telegram-bot)	Checkout Code	  "DEV_MINIO_SBT_COLLECTIONS_BUCKET": "sbt-collections",
build-and-push (telegram-bot)	Checkout Code	  "DEV_MINIO_STORAGE_ADMIN_DOMAIN": "dev-storage-admin.dev.***.live",
build-and-push (telegram-bot)	Checkout Code	  "DEV_MINIO_STORAGE_DOMAIN": "dev-storage.dev.***.live",
build-and-push (telegram-bot)	Checkout Code	  "DEV_MINIO_VIDEO_BUCKET": "***video",
build-and-push (telegram-bot)	Checkout Code	  "DEV_MINI_APP_DOMAIN": "dev-app.dev.***.live",
build-and-push (telegram-bot)	Checkout Code	  "DEV_MINI_APP_PORT": "3000",
build-and-push (telegram-bot)	Checkout Code	  "DEV_MINI_APP_SOCKET_DOMAIN": "dev-socket.dev.***.live",
build-and-push (telegram-bot)	Checkout Code	  "DEV_MONITORING_DOMAIN": "dev-monitoring.dev.***.live",
build-and-push (telegram-bot)	Checkout Code	  "DEV_NETWORK_NAME": "***-dev",
build-and-push (telegram-bot)	Checkout Code	  "DEV_NETWORK_PUBLIC_IP": "***",
build-and-push (telegram-bot)	Checkout Code	  "DEV_NEXT_PUBLIC_API_BASE_URL": "https://dev-app.dev.***.live/api/v1",
build-and-push (telegram-bot)	Checkout Code	  "DEV_NEXT_PUBLIC_APP_BASE_URL": "https://dev-app.dev.***.live",
build-and-push (telegram-bot)	Checkout Code	  "DEV_NEXT_PUBLIC_BACKEND_URL_CLIENT": "https://dev-app.dev.***.live/api/client/v1/",
build-and-push (telegram-bot)	Checkout Code	  "DEV_NEXT_PUBLIC_BOT_USERNAME": "dev_ont0n_bot",
build-and-push (telegram-bot)	Checkout Code	  "DEV_NEXT_PUBLIC_ENV": "development",
build-and-push (telegram-bot)	Checkout Code	  "DEV_NEXT_PUBLIC_GTM": "GTM-dev",
build-and-push (telegram-bot)	Checkout Code	  "DEV_NEXT_PUBLIC_SOCKET_URL": "dev-socket.dev.***.live",
build-and-push (telegram-bot)	Checkout Code	  "DEV_NFT_INTERVAL_TIME": "60000",
build-and-push (telegram-bot)	Checkout Code	  "DEV_NFT_MANAGER_PORT": "3004",
build-and-push (telegram-bot)	Checkout Code	  "DEV_NODE_ENV": "production",
build-and-push (telegram-bot)	Checkout Code	  "DEV_NODE_TLS_REJECT_UNAUTHORIZED": "0",
build-and-push (telegram-bot)	Checkout Code	  "DEV_ONTON_DOMAIN": "dev.***.live",
build-and-push (telegram-bot)	Checkout Code	  "DEV_PARTICIPANT_TMA_PORT": "3001",
build-and-push (telegram-bot)	Checkout Code	  "DEV_PGADMIN_DOMAIN": "dev-pgadmin.dev.***.live",
build-and-push (telegram-bot)	Checkout Code	  "DEV_PORT_CLIENT_WEB": "3007",
build-and-push (telegram-bot)	Checkout Code	  "DEV_PORT_METABASE": "3009",
build-and-push (telegram-bot)	Checkout Code	  "DEV_PORT_PGADMIN": "3006",
build-and-push (telegram-bot)	Checkout Code	  "DEV_PORT_WEB_SITE": "3005",
build-and-push (telegram-bot)	Checkout Code	  "DEV_POSTGRES_METABASE_DB": "dev-mini-app",
build-and-push (telegram-bot)	Checkout Code	  "DEV_POSTGRES_MINI_APP_DB": "dev-mini-app",
build-and-push (telegram-bot)	Checkout Code	  "DEV_POSTGRES_NFT_MANAGER_DB": "dev-nft-manager",
build-and-push (telegram-bot)	Checkout Code	  "DEV_POSTGRES_PORT": "3008",
build-and-push (telegram-bot)	Checkout Code	  "DEV_PTMA_API_BASE_URL": "https://dev-app.dev.***.live/api/v1",
build-and-push (telegram-bot)	Checkout Code	  "DEV_RABBITMQ_DOMAIN": "dev-rabbitmq.dev.***.live",
build-and-push (telegram-bot)	Checkout Code	  "DEV_RABBITMQ_MANAGEMENT_PORT": "3015",
build-and-push (telegram-bot)	Checkout Code	  "DEV_RABBITMQ_NODE_PORT": "3016",
build-and-push (telegram-bot)	Checkout Code	  "DEV_REDIS_DATABASES": "1",
build-and-push (telegram-bot)	Checkout Code	  "DEV_REDIS_PORT": "3011",
build-and-push (telegram-bot)	Checkout Code	  "DEV_REGISTRY_URL": "ghcr.io",
build-and-push (telegram-bot)	Checkout Code	  "DEV_SOCKET_PORT": "30***",
build-and-push (telegram-bot)	Checkout Code	  "DEV_STAGE_NAME": "dev-***",
build-and-push (telegram-bot)	Checkout Code	  "DEV_SWAGGER_UI_DOMAIN": "dev-swagger-ui.dev.***.live",
build-and-push (telegram-bot)	Checkout Code	  "DEV_SWAGGER_UI_PORT": "3024",
build-and-push (telegram-bot)	Checkout Code	  "DEV_SYS_CADDY_REPLICAS": "1",
build-and-push (telegram-bot)	Checkout Code	  "DEV_SYS_MINI_APP_REPLICAS": "1",
build-and-push (telegram-bot)	Checkout Code	  "DEV_SYS_PARTICIPANT_TMA_REPLICAS": "1",
build-and-push (telegram-bot)	Checkout Code	  "DEV_SYS_WEB_SITE_REPLICAS": "1",
build-and-push (telegram-bot)	Checkout Code	  "DEV_TELEGRAM_BOT_PORT": "3002",
build-and-push (telegram-bot)	Checkout Code	  "DEV_TG_EVENTS_TOPIC": "2",
build-and-push (telegram-bot)	Checkout Code	  "DEV_TG_LOGS_GROUP_ID": "-1002308507308",
build-and-push (telegram-bot)	Checkout Code	  "DEV_TG_LOG_BOT_TOKEN": "7604730825:AAE1WJHs5lFI2zX_tba6M-1HYfffA8ugFmA",
build-and-push (telegram-bot)	Checkout Code	  "DEV_TG_NOTIFICATION_CHANELL": "-1002164161685",
build-and-push (telegram-bot)	Checkout Code	  "DEV_TG_SYSTEM_TOPIC": "16",
build-and-push (telegram-bot)	Checkout Code	  "DEV_TG_TICKETS_TOPIC": "4",
build-and-push (telegram-bot)	Checkout Code	  "DEV_TON_CENTER_ENDPOINT": "https://toncenter.com/api/v2/jsonRPC",
build-and-push (telegram-bot)	Checkout Code	  "DEV_TON_SOCIETY_BASE_URL": "https://id.ton.org/v1",
build-and-push (telegram-bot)	Checkout Code	  "DEV_USE_CLOUDFLARE": "true",
build-and-push (telegram-bot)	Checkout Code	  "DEV_USE_MAIN_IP_TO_EXPOSE": "true",
build-and-push (telegram-bot)	Checkout Code	  "MAIN_ACME_AGREE": "true",
build-and-push (telegram-bot)	Checkout Code	  "MAIN_BRANCH_NAME": "main",
build-and-push (telegram-bot)	Checkout Code	  "MAIN_CACHE_ENABLED": "true",
build-and-push (telegram-bot)	Checkout Code	  "MAIN_CLAMAV_PORT": "***10",
build-and-push (telegram-bot)	Checkout Code	  "MAIN_CLIENT_API_FIXED_ORGANIZER": "@Ontonadmin",
build-and-push (telegram-bot)	Checkout Code	  "MAIN_CLIENT_API_FIXED_USER": "@Ontonadmin",
build-and-push (telegram-bot)	Checkout Code	  "MAIN_CLIENT_WEB_DOMAIN": "client-web.***.live",
build-and-push (telegram-bot)	Checkout Code	  "MAIN_COMPOSE_PROJECT_NAME": "production-***",
build-and-push (telegram-bot)	Checkout Code	  "MAIN_ENV": "production",
build-and-push (telegram-bot)	Checkout Code	  "MAIN_GITHUB_CLIENT_ID": "Ov23liQFN1rMeZicYHnL",
build-and-push (telegram-bot)	Checkout Code	  "MAIN_GITHUB_REPO": "***bot",
build-and-push (telegram-bot)	Checkout Code	  "MAIN_GOLANG_SERVER_PORT": "8013",
build-and-push (telegram-bot)	Checkout Code	  "MAIN_GOOGLE_CLIENT_ID": "174044865725-8urfv981fca74aj3bq2kqik7fbe2rggg.apps.googleusercontent.com",
build-and-push (telegram-bot)	Checkout Code	  "MAIN_IP_CADDY": "caddy",
build-and-push (telegram-bot)	Checkout Code	  "MAIN_IP_CLAMAV": "host.docker.internal",
build-and-push (telegram-bot)	Checkout Code	  "MAIN_IP_CLIENT_WEB": "client-web",
build-and-push (telegram-bot)	Checkout Code	  "MAIN_IP_GIVEAWAY_CHECKER": "giveaway-checker",
build-and-push (telegram-bot)	Checkout Code	  "MAIN_IP_GOLANG_SERVER": "golang-server",
build-and-push (telegram-bot)	Checkout Code	  "MAIN_IP_GOLANG_WORKER": "golang-worker",
build-and-push (telegram-bot)	Checkout Code	  "MAIN_IP_KIBANA": "kibana",
build-and-push (telegram-bot)	Checkout Code	  "MAIN_IP_METABASE": "metabase",
build-and-push (telegram-bot)	Checkout Code	  "MAIN_IP_MINIO": "minio",
build-and-push (telegram-bot)	Checkout Code	  "MAIN_IP_MINI_APP": "mini-app",
build-and-push (telegram-bot)	Checkout Code	  "MAIN_IP_MINI_APP_CRON": "mini-app-sbt-worker",
build-and-push (telegram-bot)	Checkout Code	  "MAIN_IP_NFT_MANAGER": "nft-manager",
build-and-push (telegram-bot)	Checkout Code	  "MAIN_IP_PARTICIPANT_TMA": "participant-tma",
build-and-push (telegram-bot)	Checkout Code	  "MAIN_IP_PGADMIN": "pgadmin",
build-and-push (telegram-bot)	Checkout Code	  "MAIN_IP_POA_WORKER": "mini-app-poa-worker",
build-and-push (telegram-bot)	Checkout Code	  "MAIN_IP_POSTGRES": "postgres",
build-and-push (telegram-bot)	Checkout Code	  "MAIN_IP_RABBITMQ": "rabbitmq",
build-and-push (telegram-bot)	Checkout Code	  "MAIN_IP_RANGE_BASE": "host.docker.internal",
build-and-push (telegram-bot)	Checkout Code	  "MAIN_IP_REDIS": "redis",
build-and-push (telegram-bot)	Checkout Code	  "MAIN_IP_SOCKET": "mini-app-notification-socket",
build-and-push (telegram-bot)	Checkout Code	  "MAIN_IP_SWAGGER_UI": "swagger-ui",
build-and-push (telegram-bot)	Checkout Code	  "MAIN_IP_TELEGRAM_BOT": "telegram-bot",
build-and-push (telegram-bot)	Checkout Code	  "MAIN_IP_WEBSITE": "website",
build-and-push (telegram-bot)	Checkout Code	  "MAIN_JWT_SECRET_SOCKET": "JFDmdjeu__@HF_KKSEEWR_ERW*ER_FGDFG_ET%DG%34534aasd_Rhuefli!hfsdlnf",
build-and-push (telegram-bot)	Checkout Code	  "MAIN_KIBANA_HASHED_PASSWORD": "$2a$14$6P83mnKs9BxP2qZDaMU.2OzBHY3SG0nnaVXJ8nKluEWEWD5RMmN/W",
build-and-push (telegram-bot)	Checkout Code	  "MAIN_KIBANA_PORT": "8023",
build-and-push (telegram-bot)	Checkout Code	  "MAIN_KIBANA_USERNAME": "monitor",
build-and-push (telegram-bot)	Checkout Code	  "MAIN_LINKEDIN_CLIENT_ID": "77osbnm9chxr4c",
build-and-push (telegram-bot)	Checkout Code	  "MAIN_LOCAL_DOMAIN": "***.live",
build-and-push (telegram-bot)	Checkout Code	  "MAIN_MB_REDIRECT_ALL_REQUESTS_TO_HTTPS": "true",
build-and-push (telegram-bot)	Checkout Code	  "MAIN_METABASE_DOMAIN": "metabase.***.live",
build-and-push (telegram-bot)	Checkout Code	  "MAIN_MINIO_COLLECTION_BUCKET": "***collection",
build-and-push (telegram-bot)	Checkout Code	  "MAIN_MINIO_DASHBOARD_PORT": "8014",
build-and-push (telegram-bot)	Checkout Code	  "MAIN_MINIO_DOC_BUCKET": "***doc",
build-and-push (telegram-bot)	Checkout Code	  "MAIN_MINIO_DOC_DEFAULT_BUCKET": "***",
build-and-push (telegram-bot)	Checkout Code	  "MAIN_MINIO_ENDPOINT": "minio",
build-and-push (telegram-bot)	Checkout Code	  "MAIN_MINIO_IMAGE_BUCKET": "***image",
build-and-push (telegram-bot)	Checkout Code	  "MAIN_MINIO_ITEM_BUCKET": "***item",
build-and-push (telegram-bot)	Checkout Code	  "MAIN_MINIO_PORT": "8012",
build-and-push (telegram-bot)	Checkout Code	  "MAIN_MINIO_PUBLIC_URL": "https://storage.***.live",
build-and-push (telegram-bot)	Checkout Code	  "MAIN_MINIO_REGION_NAME": "default",
build-and-push (telegram-bot)	Checkout Code	  "MAIN_MINIO_SBT_COLLECTIONS_BUCKET": "sbt-collections",
build-and-push (telegram-bot)	Checkout Code	  "MAIN_MINIO_STORAGE_ADMIN_DOMAIN": "storage-admin.***.live",
build-and-push (telegram-bot)	Checkout Code	  "MAIN_MINIO_STORAGE_DOMAIN": "storage.***.live",
build-and-push (telegram-bot)	Checkout Code	  "MAIN_MINIO_VIDEO_BUCKET": "***video",
build-and-push (telegram-bot)	Checkout Code	  "MAIN_MINI_APP_DOMAIN": "app.***.live",
build-and-push (telegram-bot)	Checkout Code	  "MAIN_MINI_APP_PORT": "8000",
build-and-push (telegram-bot)	Checkout Code	  "MAIN_MINI_APP_SOCKET_DOMAIN": "socket.***.live",
build-and-push (telegram-bot)	Checkout Code	  "MAIN_MONITORING_DOMAIN": "monitoring.***.live",
build-and-push (telegram-bot)	Checkout Code	  "MAIN_MS_CLIENT_ID": "916e0c9f-17bc-45c2-9cbc-025c48a0d449",
build-and-push (telegram-bot)	Checkout Code	  "MAIN_NETWORK_NAME": "***-production",
build-and-push (telegram-bot)	Checkout Code	  "MAIN_NETWORK_PUBLIC_IP": "***",
build-and-push (telegram-bot)	Checkout Code	  "MAIN_NEXT_PUBLIC_API_BASE_URL": "https://app.***.live/api/v1",
build-and-push (telegram-bot)	Checkout Code	  "MAIN_NEXT_PUBLIC_APP_BASE_URL": "https://app.***.live",
build-and-push (telegram-bot)	Checkout Code	  "MAIN_NEXT_PUBLIC_BACKEND_URL_CLIENT": "https://app.***.live/api/client/v1/",
build-and-push (telegram-bot)	Checkout Code	  "MAIN_NEXT_PUBLIC_BOT_USERNAME": "the***bot",
build-and-push (telegram-bot)	Checkout Code	  "MAIN_NEXT_PUBLIC_ENV": "production",
build-and-push (telegram-bot)	Checkout Code	  "MAIN_NEXT_PUBLIC_GTM": "GTM-TSCPWNCM",
build-and-push (telegram-bot)	Checkout Code	  "MAIN_NEXT_PUBLIC_SOCKET_URL": "socket.***.live",
build-and-push (telegram-bot)	Checkout Code	  "MAIN_NFT_INTERVAL_TIME": "60000",
build-and-push (telegram-bot)	Checkout Code	  "MAIN_NFT_MANAGER_PORT": "8004",
build-and-push (telegram-bot)	Checkout Code	  "MAIN_NODE_ENV": "production",
build-and-push (telegram-bot)	Checkout Code	  "MAIN_NODE_TLS_REJECT_UNAUTHORIZED": "1",
build-and-push (telegram-bot)	Checkout Code	  "MAIN_ONTON_DOMAIN": "***.live",
build-and-push (telegram-bot)	Checkout Code	  "MAIN_PARTICIPANT_TMA_PORT": "8001",
build-and-push (telegram-bot)	Checkout Code	  "MAIN_PGADMIN_DOMAIN": "pgadmin.***.live",
build-and-push (telegram-bot)	Checkout Code	  "MAIN_PORT_CLIENT_WEB": "8007",
build-and-push (telegram-bot)	Checkout Code	  "MAIN_PORT_METABASE": "8009",
build-and-push (telegram-bot)	Checkout Code	  "MAIN_PORT_PGADMIN": "8006",
build-and-push (telegram-bot)	Checkout Code	  "MAIN_PORT_WEB_SITE": "8005",
build-and-push (telegram-bot)	Checkout Code	  "MAIN_POSTGRES_METABASE_DB": "production-mini-app",
build-and-push (telegram-bot)	Checkout Code	  "MAIN_POSTGRES_MINI_APP_DB": "production-mini-app",
build-and-push (telegram-bot)	Checkout Code	  "MAIN_POSTGRES_NFT_MANAGER_DB": "production-nft-manager",
build-and-push (telegram-bot)	Checkout Code	  "MAIN_POSTGRES_PORT": "8008",
build-and-push (telegram-bot)	Checkout Code	  "MAIN_PTMA_API_BASE_URL": "https://app.***.live/api/v1",
build-and-push (telegram-bot)	Checkout Code	  "MAIN_RABBITMQ_DOMAIN": "rabbitmq.***.live",
build-and-push (telegram-bot)	Checkout Code	  "MAIN_RABBITMQ_MANAGEMENT_PORT": "8015",
build-and-push (telegram-bot)	Checkout Code	  "MAIN_RABBITMQ_NODE_PORT": "8016",
build-and-push (telegram-bot)	Checkout Code	  "MAIN_REDIS_DATABASES": "1",
build-and-push (telegram-bot)	Checkout Code	  "MAIN_REDIS_PORT": "8011",
build-and-push (telegram-bot)	Checkout Code	  "MAIN_REGISTRY_URL": "registry.toncloud.observer",
build-and-push (telegram-bot)	Checkout Code	  "MAIN_SOCKET_PORT": "80***",
build-and-push (telegram-bot)	Checkout Code	  "MAIN_STAGE_NAME": "main-***",
build-and-push (telegram-bot)	Checkout Code	  "MAIN_SWAGGER_UI_DOMAIN": "swagger-ui.***.live",
build-and-push (telegram-bot)	Checkout Code	  "MAIN_SWAGGER_UI_PORT": "8024",
build-and-push (telegram-bot)	Checkout Code	  "MAIN_SYS_CADDY_REPLICAS": "1",
build-and-push (telegram-bot)	Checkout Code	  "MAIN_SYS_MINI_APP_REPLICAS": "12",
build-and-push (telegram-bot)	Checkout Code	  "MAIN_SYS_PARTICIPANT_TMA_REPLICAS": "6",
build-and-push (telegram-bot)	Checkout Code	  "MAIN_SYS_WEB_SITE_REPLICAS": "3",
build-and-push (telegram-bot)	Checkout Code	  "MAIN_TELEGRAM_BOT_PORT": "8002",
build-and-push (telegram-bot)	Checkout Code	  "MAIN_TG_EVENTS_TOPIC": "2",
build-and-push (telegram-bot)	Checkout Code	  "MAIN_TG_LOGS_GROUP_ID": "-1002300666538",
build-and-push (telegram-bot)	Checkout Code	  "MAIN_TG_LOG_BOT_TOKEN": "7604730825:AAE1WJHs5lFI2zX_tba6M-1HYfffA8ugFmA",
build-and-push (telegram-bot)	Checkout Code	  "MAIN_TG_NOTIFICATION_CHANELL": "-100***32083***",
build-and-push (telegram-bot)	Checkout Code	  "MAIN_TG_SYSTEM_TOPIC": "16",
build-and-push (telegram-bot)	Checkout Code	  "MAIN_TG_TICKETS_TOPIC": "4",
build-and-push (telegram-bot)	Checkout Code	  "MAIN_TON_CENTER_ENDPOINT": "https://toncenter.com/api/v2/jsonRPC",
build-and-push (telegram-bot)	Checkout Code	  "MAIN_TON_SOCIETY_BASE_URL": "https://id.ton.org/v1",
build-and-push (telegram-bot)	Checkout Code	  "MAIN_TWITTER_CLIENT_ID": "SU1RUS0xaHNsRk5kd014UlZieDQ6MTpjaQ",
build-and-push (telegram-bot)	Checkout Code	  "MAIN_USE_CLOUDFLARE": "true",
build-and-push (telegram-bot)	Checkout Code	  "MAIN_USE_MAIN_IP_TO_EXPOSE": "true",
build-and-push (telegram-bot)	Checkout Code	  "NEXT_PUBLIC_BOT_USERNAME": "notnonstagebot",
build-and-push (telegram-bot)	Checkout Code	  "SANDBOX_ACME_AGREE": "true",
build-and-push (telegram-bot)	Checkout Code	  "SANDBOX_BRANCH_NAME": "sandbox",
build-and-push (telegram-bot)	Checkout Code	  "SANDBOX_CACHE_ENABLED": "true",
build-and-push (telegram-bot)	Checkout Code	  "SANDBOX_CLAMAV_PORT": "***10",
build-and-push (telegram-bot)	Checkout Code	  "SANDBOX_CLIENT_API_FIXED_ORGANIZER": "@Ontonadmin",
build-and-push (telegram-bot)	Checkout Code	  "SANDBOX_CLIENT_API_FIXED_USER": "@Ontonadmin",
build-and-push (telegram-bot)	Checkout Code	  "SANDBOX_CLIENT_WEB_DOMAIN": "sandbox-client-web.toncloud.observer",
build-and-push (telegram-bot)	Checkout Code	  "SANDBOX_COMPOSE_PROJECT_NAME": "sanbox-***",
build-and-push (telegram-bot)	Checkout Code	  "SANDBOX_IP_CADDY": "caddy",
build-and-push (telegram-bot)	Checkout Code	  "SANDBOX_IP_CLAMAV": "host.docker.internal",
build-and-push (telegram-bot)	Checkout Code	  "SANDBOX_IP_KIBANA": "kibana",
build-and-push (telegram-bot)	Checkout Code	  "SANDBOX_IP_METABASE": "metabase",
build-and-push (telegram-bot)	Checkout Code	  "SANDBOX_IP_PGADMIN": "pgadmin",
build-and-push (telegram-bot)	Checkout Code	  "SANDBOX_IP_POA_WORKER": "mini-app-poa-worker",
build-and-push (telegram-bot)	Checkout Code	  "SANDBOX_IP_POSTGRES": "postgres",
build-and-push (telegram-bot)	Checkout Code	  "SANDBOX_IP_SOCKET": "mini-app-notification-socket",
build-and-push (telegram-bot)	Checkout Code	  "SANDBOX_IP_TELEGRAM_BOT": "telegram-bot",
build-and-push (telegram-bot)	Checkout Code	  "SANDBOX_IP_WEBSITE": "website",
build-and-push (telegram-bot)	Checkout Code	  "SANDBOX_JWT_SECRET_SOCKET": "D3v@OnTonw3tds112ewq%KD___%1006-7-8-9-0OkMjKlll%909R9OOsf",
build-and-push (telegram-bot)	Checkout Code	  "SANDBOX_KIBANA_HASHED_PASSWORD": "$2a$14$6P83mnKs9BxP2qZDaMU.2OzBHY3SG0nnaVXJ8nKluEWEWD5RMmN/W",
build-and-push (telegram-bot)	Checkout Code	  "SANDBOX_KIBANA_PORT": "6023",
build-and-push (telegram-bot)	Checkout Code	  "SANDBOX_KIBANA_USERNAME": "monitor",
build-and-push (telegram-bot)	Checkout Code	  "SANDBOX_LOCAL_DOMAIN": "sandbox-app.toncloud.observer",
build-and-push (telegram-bot)	Checkout Code	  "SANDBOX_MB_REDIRECT_ALL_REQUESTS_TO_HTTPS": "true",
build-and-push (telegram-bot)	Checkout Code	  "SANDBOX_METABASE_DOMAIN": "sandbox-metabase.toncloud.observer",
build-and-push (telegram-bot)	Checkout Code	  "SANDBOX_MINIO_COLLECTION_BUCKET": "***collection",
build-and-push (telegram-bot)	Checkout Code	  "SANDBOX_MINIO_DASHBOARD_PORT": "6014",
build-and-push (telegram-bot)	Checkout Code	  "SANDBOX_MINIO_DOC_BUCKET": "***doc",
build-and-push (telegram-bot)	Checkout Code	  "SANDBOX_MINIO_DOC_DEFAULT_BUCKET": "***",
build-and-push (telegram-bot)	Checkout Code	  "SANDBOX_MINIO_ENDPOINT": "minio",
build-and-push (telegram-bot)	Checkout Code	  "SANDBOX_MINIO_IMAGE_BUCKET": "***image",
build-and-push (telegram-bot)	Checkout Code	  "SANDBOX_MINIO_ITEM_BUCKET": "***item",
build-and-push (telegram-bot)	Checkout Code	  "SANDBOX_MINIO_PORT": "6012",
build-and-push (telegram-bot)	Checkout Code	  "SANDBOX_MINIO_PUBLIC_URL": "https://sandbox-storage.toncloud.observer",
build-and-push (telegram-bot)	Checkout Code	  "SANDBOX_MINIO_REGION_NAME": "default",
build-and-push (telegram-bot)	Checkout Code	  "SANDBOX_MINIO_SBT_COLLECTIONS_BUCKET": "sbt-collections",
build-and-push (telegram-bot)	Checkout Code	  "SANDBOX_MINIO_STORAGE_ADMIN_DOMAIN": "sandbox-storage-admin.toncloud.observer",
build-and-push (telegram-bot)	Checkout Code	  "SANDBOX_MINIO_STORAGE_DOMAIN": "sandbox-storage.toncloud.observer",
build-and-push (telegram-bot)	Checkout Code	  "SANDBOX_MINIO_VIDEO_BUCKET": "***video",
build-and-push (telegram-bot)	Checkout Code	  "SANDBOX_MINI_APP_DOMAIN": "sandbox-app.toncloud.observer",
build-and-push (telegram-bot)	Checkout Code	  "SANDBOX_MINI_APP_PORT": "6000",
build-and-push (telegram-bot)	Checkout Code	  "SANDBOX_MINI_APP_SOCKET_DOMAIN": "sandbox-socket.toncloud.observer",
build-and-push (telegram-bot)	Checkout Code	  "SANDBOX_MONITORING_DOMAIN": "sandbox-monitoring.toncloud.observer",
build-and-push (telegram-bot)	Checkout Code	  "SANDBOX_NETWORK_NAME": "***-sandbox",
build-and-push (telegram-bot)	Checkout Code	  "SANDBOX_NETWORK_PUBLIC_IP": "***",
build-and-push (telegram-bot)	Checkout Code	  "SANDBOX_NEXT_PUBLIC_API_BASE_URL": "https://sandbox-app.toncloud.observer/api/v1",
build-and-push (telegram-bot)	Checkout Code	  "SANDBOX_NEXT_PUBLIC_APP_BASE_URL": "https://sandbox-app.toncloud.observer",
build-and-push (telegram-bot)	Checkout Code	  "SANDBOX_NEXT_PUBLIC_BACKEND_URL_CLIENT": "https://sandbox-app.toncloud.observer/api/client/v1/",
build-and-push (telegram-bot)	Checkout Code	  "SANDBOX_NEXT_PUBLIC_BOT_USERNAME": "sandbox_ont0n_bot",
build-and-push (telegram-bot)	Checkout Code	  "SANDBOX_NEXT_PUBLIC_GTM": "GTM-sandbox",
build-and-push (telegram-bot)	Checkout Code	  "SANDBOX_NEXT_PUBLIC_SOCKET_URL": "sandbox-socket.toncloud.observer",
build-and-push (telegram-bot)	Checkout Code	  "SANDBOX_NFT_INTERVAL_TIME": "60000",
build-and-push (telegram-bot)	Checkout Code	  "SANDBOX_NFT_MANAGER_PORT": "6004",
build-and-push (telegram-bot)	Checkout Code	  "SANDBOX_NODE_ENV": "production",
build-and-push (telegram-bot)	Checkout Code	  "SANDBOX_NODE_TLS_REJECT_UNAUTHORIZED": "0",
build-and-push (telegram-bot)	Checkout Code	  "SANDBOX_ONTON_DOMAIN": "sandbox.toncloud.observer",
build-and-push (telegram-bot)	Checkout Code	  "SANDBOX_PARTICIPANT_TMA_PORT": "6001",
build-and-push (telegram-bot)	Checkout Code	  "SANDBOX_PGADMIN_DOMAIN": "sandbox-pgadmin.toncloud.observer",
build-and-push (telegram-bot)	Checkout Code	  "SANDBOX_PORT_CLIENT_WEB": "6007",
build-and-push (telegram-bot)	Checkout Code	  "SANDBOX_PORT_METABASE": "6009",
build-and-push (telegram-bot)	Checkout Code	  "SANDBOX_PORT_PGADMIN": "6006",
build-and-push (telegram-bot)	Checkout Code	  "SANDBOX_PORT_WEB_SITE": "6005",
build-and-push (telegram-bot)	Checkout Code	  "SANDBOX_POSTGRES_METABASE_DB": "sandbox-mini-app",
build-and-push (telegram-bot)	Checkout Code	  "SANDBOX_POSTGRES_MINI_APP_DB": "sandbox-mini-app",
build-and-push (telegram-bot)	Checkout Code	  "SANDBOX_POSTGRES_NFT_MANAGER_DB": "sandbox-nft-manager",
build-and-push (telegram-bot)	Checkout Code	  "SANDBOX_POSTGRES_PORT": "6008",
build-and-push (telegram-bot)	Checkout Code	  "SANDBOX_PTMA_API_BASE_URL": "https://sandbox-app.toncloud.observer/api/v1",
build-and-push (telegram-bot)	Checkout Code	  "SANDBOX_RABBITMQ_DOMAIN": "sandbox-rabbitmq.toncloud.observer",
build-and-push (telegram-bot)	Checkout Code	  "SANDBOX_RABBITMQ_MANAGEMENT_PORT": "6015",
build-and-push (telegram-bot)	Checkout Code	  "SANDBOX_RABBITMQ_NODE_PORT": "6016",
build-and-push (telegram-bot)	Checkout Code	  "SANDBOX_REDIS_DATABASES": "1",
build-and-push (telegram-bot)	Checkout Code	  "SANDBOX_REDIS_PORT": "6011",
build-and-push (telegram-bot)	Checkout Code	  "SANDBOX_REGISTRY_URL": "registry.toncloud.observer",
build-and-push (telegram-bot)	Checkout Code	  "SANDBOX_SOCKET_PORT": "60***",
build-and-push (telegram-bot)	Checkout Code	  "SANDBOX_STAGE_NAME": "sandbox-***",
build-and-push (telegram-bot)	Checkout Code	  "SANDBOX_SYS_CADDY_REPLICAS": "1",
build-and-push (telegram-bot)	Checkout Code	  "SANDBOX_SYS_MINI_APP_REPLICAS": "2",
build-and-push (telegram-bot)	Checkout Code	  "SANDBOX_SYS_PARTICIPANT_TMA_REPLICAS": "2",
build-and-push (telegram-bot)	Checkout Code	  "SANDBOX_SYS_WEB_SITE_REPLICAS": "1",
build-and-push (telegram-bot)	Checkout Code	  "SANDBOX_TELEGRAM_BOT_PORT": "6002",
build-and-push (telegram-bot)	Checkout Code	  "SANDBOX_TG_NOTIFICATION_CHANELL": "-1002164161685",
build-and-push (telegram-bot)	Checkout Code	  "SANDBOX_TON_CENTER_ENDPOINT": "https://toncenter.com/api/v2/jsonRPC",
build-and-push (telegram-bot)	Checkout Code	  "SANDBOX_TON_SOCIETY_BASE_URL": "https://society.ton.org/v1",
build-and-push (telegram-bot)	Checkout Code	  "SANDBOX_USE_CLOUDFLARE": "true",
build-and-push (telegram-bot)	Checkout Code	  "SANDBOX_USE_MAIN_IP_TO_EXPOSE": "true",
build-and-push (telegram-bot)	Checkout Code	  "STAGING_ACME_AGREE": "true",
build-and-push (telegram-bot)	Checkout Code	  "STAGING_BRANCH_NAME": "staging",
build-and-push (telegram-bot)	Checkout Code	  "STAGING_CACHE_ENABLED": "true",
build-and-push (telegram-bot)	Checkout Code	  "STAGING_CLAMAV_PORT": "***10",
build-and-push (telegram-bot)	Checkout Code	  "STAGING_CLIENT_API_FIXED_ORGANIZER": "@Ontonadmin",
build-and-push (telegram-bot)	Checkout Code	  "STAGING_CLIENT_API_FIXED_USER": "@Ontonadmin",
build-and-push (telegram-bot)	Checkout Code	  "STAGING_CLIENT_WEB_DOMAIN": "staging-client-web.toncloud.observer",
build-and-push (telegram-bot)	Checkout Code	  "STAGING_COMPOSE_PROJECT_NAME": "staging-***",
build-and-push (telegram-bot)	Checkout Code	  "STAGING_ENV": "staging",
build-and-push (telegram-bot)	Checkout Code	  "STAGING_EVENT_WALLET_ENC_KEY": "Ci5M6/B4Wke4qX6tXViVeW0xM0iH0yh/qvD3Y1xu2v8",
build-and-push (telegram-bot)	Checkout Code	  "STAGING_GITHUB_CLIENT_ID": "Ov23liQFN1rMeZicYHnL",
build-and-push (telegram-bot)	Checkout Code	  "STAGING_GITHUB_REPO": "***bot",
build-and-push (telegram-bot)	Checkout Code	  "STAGING_GOLANG_SERVER_PORT": "4013",
build-and-push (telegram-bot)	Checkout Code	  "STAGING_GOOGLE_CLIENT_ID": "174044865725-8urfv981fca74aj3bq2kqik7fbe2rggg.apps.googleusercontent.com",
build-and-push (telegram-bot)	Checkout Code	  "STAGING_IP_CADDY": "caddy",
build-and-push (telegram-bot)	Checkout Code	  "STAGING_IP_CLAMAV": "host.docker.internal",
build-and-push (telegram-bot)	Checkout Code	  "STAGING_IP_CLIENT_WEB": "client-web",
build-and-push (telegram-bot)	Checkout Code	  "STAGING_IP_GIVEAWAY_CHECKER": "giveaway-checker",
build-and-push (telegram-bot)	Checkout Code	  "STAGING_IP_GOLANG_SERVER": "golang-server",
build-and-push (telegram-bot)	Checkout Code	  "STAGING_IP_GOLANG_WORKER": "golang-worker",
build-and-push (telegram-bot)	Checkout Code	  "STAGING_IP_KIBANA": "kibana",
build-and-push (telegram-bot)	Checkout Code	  "STAGING_IP_METABASE": "metabase",
build-and-push (telegram-bot)	Checkout Code	  "STAGING_IP_MINIO": "minio",
build-and-push (telegram-bot)	Checkout Code	  "STAGING_IP_MINI_APP": "mini-app",
build-and-push (telegram-bot)	Checkout Code	  "STAGING_IP_MINI_APP_CRON": "mini-app-sbt-worker",
build-and-push (telegram-bot)	Checkout Code	  "STAGING_IP_NFT_MANAGER": "nft-manager",
build-and-push (telegram-bot)	Checkout Code	  "STAGING_IP_PARTICIPANT_TMA": "participant-tma",
build-and-push (telegram-bot)	Checkout Code	  "STAGING_IP_PGADMIN": "pgadmin",
build-and-push (telegram-bot)	Checkout Code	  "STAGING_IP_POA_WORKER": "mini-app-poa-worker",
build-and-push (telegram-bot)	Checkout Code	  "STAGING_IP_POSTGRES": "postgres",
build-and-push (telegram-bot)	Checkout Code	  "STAGING_IP_RABBITMQ": "rabbitmq",
build-and-push (telegram-bot)	Checkout Code	  "STAGING_IP_RANGE_BASE": "host.docker.internal",
build-and-push (telegram-bot)	Checkout Code	  "STAGING_IP_RANGE_START": "172.11",
build-and-push (telegram-bot)	Checkout Code	  "STAGING_IP_RANGE_SUBNET": "24",
build-and-push (telegram-bot)	Checkout Code	  "STAGING_IP_REDIS": "redis",
build-and-push (telegram-bot)	Checkout Code	  "STAGING_IP_SOCKET": "IP_SOCKET=mini-app-notification-socket",
build-and-push (telegram-bot)	Checkout Code	  "STAGING_IP_SWAGGER_UI": "swagger-ui",
build-and-push (telegram-bot)	Checkout Code	  "STAGING_IP_TELEGRAM_BOT": "telegram-bot",
build-and-push (telegram-bot)	Checkout Code	  "STAGING_IP_WEBSITE": "website",
build-and-push (telegram-bot)	Checkout Code	  "STAGING_JWT_SECRET_SOCKET": "JFDmdjeu__@HF_KKSEEWR_ERWER_FGDFG_ET%DG%34534aasd%_Rhueflihfsdlnf",
build-and-push (telegram-bot)	Checkout Code	  "STAGING_KIBANA_HASHED_PASSWORD": "$2a$14$6P83mnKs9BxP2qZDaMU.2OzBHY3SG0nnaVXJ8nKluEWEWD5RMmN/W",
build-and-push (telegram-bot)	Checkout Code	  "STAGING_KIBANA_PORT": "4023",
build-and-push (telegram-bot)	Checkout Code	  "STAGING_KIBANA_USERNAME": "monitor",
build-and-push (telegram-bot)	Checkout Code	  "STAGING_LINKEDIN_CLIENT_ID": "77osbnm9chxr4c",
build-and-push (telegram-bot)	Checkout Code	  "STAGING_LOCAL_DOMAIN": "staging-app.toncloud.observer",
build-and-push (telegram-bot)	Checkout Code	  "STAGING_MB_REDIRECT_ALL_REQUESTS_TO_HTTPS": "true",
build-and-push (telegram-bot)	Checkout Code	  "STAGING_METABASE_DOMAIN": "staging-metabase.toncloud.observer",
build-and-push (telegram-bot)	Checkout Code	  "STAGING_MINIO_COLLECTION_BUCKET": "***collection",
build-and-push (telegram-bot)	Checkout Code	  "STAGING_MINIO_DASHBOARD_PORT": "4014",
build-and-push (telegram-bot)	Checkout Code	  "STAGING_MINIO_DOC_BUCKET": "***doc",
build-and-push (telegram-bot)	Checkout Code	  "STAGING_MINIO_DOC_DEFAULT_BUCKET": "***",
build-and-push (telegram-bot)	Checkout Code	  "STAGING_MINIO_ENDPOINT": "minio",
build-and-push (telegram-bot)	Checkout Code	  "STAGING_MINIO_IMAGE_BUCKET": "***image",
build-and-push (telegram-bot)	Checkout Code	  "STAGING_MINIO_ITEM_BUCKET": "***item",
build-and-push (telegram-bot)	Checkout Code	  "STAGING_MINIO_PORT": "4012",
build-and-push (telegram-bot)	Checkout Code	  "STAGING_MINIO_PUBLIC_URL": "https://staging-storage.toncloud.observer",
build-and-push (telegram-bot)	Checkout Code	  "STAGING_MINIO_REGION_NAME": "default",
build-and-push (telegram-bot)	Checkout Code	  "STAGING_MINIO_SBT_COLLECTIONS_BUCKET": "sbt-collections",
build-and-push (telegram-bot)	Checkout Code	  "STAGING_MINIO_STORAGE_ADMIN_DOMAIN": "staging-storage-admin.toncloud.observer",
build-and-push (telegram-bot)	Checkout Code	  "STAGING_MINIO_STORAGE_DOMAIN": "staging-storage.toncloud.observer",
build-and-push (telegram-bot)	Checkout Code	  "STAGING_MINIO_VIDEO_BUCKET": "***video",
build-and-push (telegram-bot)	Checkout Code	  "STAGING_MINI_APP_DOMAIN": "staging-app.toncloud.observer",
build-and-push (telegram-bot)	Checkout Code	  "STAGING_MINI_APP_PORT": "4000",
build-and-push (telegram-bot)	Checkout Code	  "STAGING_MINI_APP_SOCKET_DOMAIN": "staging-socket.toncloud.observer",
build-and-push (telegram-bot)	Checkout Code	  "STAGING_MONITORING_DOMAIN": "staging-monitoring.toncloud.observer",
build-and-push (telegram-bot)	Checkout Code	  "STAGING_MS_CLIENT_ID": "916e0c9f-17bc-45c2-9cbc-025c48a0d449",
build-and-push (telegram-bot)	Checkout Code	  "STAGING_NETWORK_NAME": "***-staging",
build-and-push (telegram-bot)	Checkout Code	  "STAGING_NETWORK_PUBLIC_IP": "***",
build-and-push (telegram-bot)	Checkout Code	  "STAGING_NEXT_PUBLIC_API_BASE_URL": "https://staging-app.toncloud.observer/api/v1",
build-and-push (telegram-bot)	Checkout Code	  "STAGING_NEXT_PUBLIC_APP_BASE_URL": "https://staging-app.toncloud.observer",
build-and-push (telegram-bot)	Checkout Code	  "STAGING_NEXT_PUBLIC_BACKEND_URL_CLIENT": "https://staging-app.toncloud.observer/api/client/v1/",
build-and-push (telegram-bot)	Checkout Code	  "STAGING_NEXT_PUBLIC_BOT_USERNAME": "notnonstagebot",
build-and-push (telegram-bot)	Checkout Code	  "STAGING_NEXT_PUBLIC_ENV": "staging",
build-and-push (telegram-bot)	Checkout Code	  "STAGING_NEXT_PUBLIC_GTM": "GTM-staging",
build-and-push (telegram-bot)	Checkout Code	  "STAGING_NEXT_PUBLIC_SOCKET_URL": "staging-socket.toncloud.observer",
build-and-push (telegram-bot)	Checkout Code	  "STAGING_NEXT_PUBLIC_TRPC_BASE_URL": "https://staging-app.toncloud.observer",
build-and-push (telegram-bot)	Checkout Code	  "STAGING_NFT_INTERVAL_TIME": "60000",
build-and-push (telegram-bot)	Checkout Code	  "STAGING_NFT_MANAGER_PORT": "4004",
build-and-push (telegram-bot)	Checkout Code	  "STAGING_NODE_ENV": "production",
build-and-push (telegram-bot)	Checkout Code	  "STAGING_NODE_TLS_REJECT_UNAUTHORIZED": "0",
build-and-push (telegram-bot)	Checkout Code	  "STAGING_ONTON_DOMAIN": "staging.toncloud.observer",
build-and-push (telegram-bot)	Checkout Code	  "STAGING_PARTICIPANT_TMA_PORT": "4001",
build-and-push (telegram-bot)	Checkout Code	  "STAGING_PGADMIN_DOMAIN": "staging-pgadmin.toncloud.observer",
build-and-push (telegram-bot)	Checkout Code	  "STAGING_PORT_CLIENT_WEB": "4007",
build-and-push (telegram-bot)	Checkout Code	  "STAGING_PORT_METABASE": "4009",
build-and-push (telegram-bot)	Checkout Code	  "STAGING_PORT_PGADMIN": "4006",
build-and-push (telegram-bot)	Checkout Code	  "STAGING_PORT_WEB_SITE": "4005",
build-and-push (telegram-bot)	Checkout Code	  "STAGING_POSTGRES_METABASE_DB": "staging-mini-app",
build-and-push (telegram-bot)	Checkout Code	  "STAGING_POSTGRES_MINI_APP_DB": "staging-mini-app",
build-and-push (telegram-bot)	Checkout Code	  "STAGING_POSTGRES_NFT_MANAGER_DB": "staging-nft-manager",
build-and-push (telegram-bot)	Checkout Code	  "STAGING_POSTGRES_PORT": "4008",
build-and-push (telegram-bot)	Checkout Code	  "STAGING_PTMA_API_BASE_URL": "https://staging-app.toncloud.observer/api/v1",
build-and-push (telegram-bot)	Checkout Code	  "STAGING_RABBITMQ_DOMAIN": "staging-rabbitmq.toncloud.observer",
build-and-push (telegram-bot)	Checkout Code	  "STAGING_RABBITMQ_MANAGEMENT_PORT": "4015",
build-and-push (telegram-bot)	Checkout Code	  "STAGING_RABBITMQ_NODE_PORT": "4016",
build-and-push (telegram-bot)	Checkout Code	  "STAGING_REDIS_DATABASES": "1",
build-and-push (telegram-bot)	Checkout Code	  "STAGING_REDIS_PORT": "4011",
build-and-push (telegram-bot)	Checkout Code	  "STAGING_REGISTRY_URL": "registry.toncloud.observer",
build-and-push (telegram-bot)	Checkout Code	  "STAGING_SOCKET_PORT": "40***",
build-and-push (telegram-bot)	Checkout Code	  "STAGING_STAGE_NAME": "staging-***",
build-and-push (telegram-bot)	Checkout Code	  "STAGING_SWAGGER_UI_DOMAIN": "staging-swagger-ui.toncloud.observer",
build-and-push (telegram-bot)	Checkout Code	  "STAGING_SWAGGER_UI_PORT": "4024",
build-and-push (telegram-bot)	Checkout Code	  "STAGING_SYS_CADDY_REPLICAS": "1",
build-and-push (telegram-bot)	Checkout Code	  "STAGING_SYS_MINI_APP_REPLICAS": "2",
build-and-push (telegram-bot)	Checkout Code	  "STAGING_SYS_PARTICIPANT_TMA_REPLICAS": "2",
build-and-push (telegram-bot)	Checkout Code	  "STAGING_SYS_WEB_SITE_REPLICAS": "1",
build-and-push (telegram-bot)	Checkout Code	  "STAGING_TELEGRAM_BOT_PORT": "4002",
build-and-push (telegram-bot)	Checkout Code	  "STAGING_TG_EVENTS_TOPIC": "2",
build-and-push (telegram-bot)	Checkout Code	  "STAGING_TG_LOGS_GROUP_ID": "-100***64975789",
build-and-push (telegram-bot)	Checkout Code	  "STAGING_TG_LOG_BOT_TOKEN": "7604730825:AAE1WJHs5lFI2zX_tba6M-1HYfffA8ugFmA",
build-and-push (telegram-bot)	Checkout Code	  "STAGING_TG_NOTIFICATION_CHANELL": "-1002164161685",
build-and-push (telegram-bot)	Checkout Code	  "STAGING_TG_SYSTEM_TOPIC": "16",
build-and-push (telegram-bot)	Checkout Code	  "STAGING_TG_TICKETS_TOPIC": "4",
build-and-push (telegram-bot)	Checkout Code	  "STAGING_TON_CENTER_ENDPOINT": "https://toncenter.com/api/v2/jsonRPC",
build-and-push (telegram-bot)	Checkout Code	  "STAGING_TON_SOCIETY_BASE_URL": "https://id.ton.org/v1",
build-and-push (telegram-bot)	Checkout Code	  "STAGING_TWITTER_CLIENT_ID": "SU1RUS0xaHNsRk5kd014UlZieDQ6MTpjaQ",
build-and-push (telegram-bot)	Checkout Code	  "STAGING_USE_CLOUDFLARE": "true",
build-and-push (telegram-bot)	Checkout Code	  "STAGING_USE_MAIN_IP_TO_EXPOSE": "true",
build-and-push (telegram-bot)	Checkout Code	  "TELEGRAM_BOT_TOKEN_FOR_DEPLOYMENT": "7604730825:AAHhtwa4bGhELsBn2VqUxIIFXVJkRJfKuDs",
build-and-push (telegram-bot)	Checkout Code	  "TELEGRAM_CHAT_ID_FOR_DEPLOYMENT": "***"
build-and-push (telegram-bot)	Checkout Code	}
build-and-push (telegram-bot)	Checkout Code	2026-02-09T12:09:25.5280047Z ##[endgroup]
build-and-push (telegram-bot)	Checkout Code	2026-02-09T12:09:25.6411923Z Syncing repository: ExecutESG/***
build-and-push (telegram-bot)	Checkout Code	2026-02-09T12:09:25.6413661Z ##[group]Getting Git version info
build-and-push (telegram-bot)	Checkout Code	2026-02-09T12:09:25.6414386Z Working directory is '/home/runner/work/***/***'
build-and-push (telegram-bot)	Checkout Code	2026-02-09T12:09:25.6416393Z [command]/usr/bin/git version
build-and-push (telegram-bot)	Checkout Code	2026-02-09T12:09:25.6503995Z git version 2.52.0
build-and-push (telegram-bot)	Checkout Code	2026-02-09T12:09:25.6546446Z ##[endgroup]
build-and-push (telegram-bot)	Checkout Code	2026-02-09T12:09:25.6572906Z Temporarily overriding HOME='/home/runner/work/_temp/0ad2d918-1e2f-42b7-81dc-a4846a8c9984' before making global git config changes
build-and-push (telegram-bot)	Checkout Code	2026-02-09T12:09:25.6574494Z Adding repository directory to the temporary git global config as a safe directory
build-and-push (telegram-bot)	Checkout Code	2026-02-09T12:09:25.6581079Z [command]/usr/bin/git config --global --add safe.directory /home/runner/work/***/***
build-and-push (telegram-bot)	Checkout Code	2026-02-09T12:09:25.6626400Z Deleting the contents of '/home/runner/work/***/***'
build-and-push (telegram-bot)	Checkout Code	2026-02-09T12:09:25.6630779Z ##[group]Initializing the repository
build-and-push (telegram-bot)	Checkout Code	2026-02-09T12:09:25.6636700Z [command]/usr/bin/git init /home/runner/work/***/***
build-and-push (telegram-bot)	Checkout Code	2026-02-09T12:09:25.6762899Z hint: Using 'master' as the name for the initial branch. This default branch name
build-and-push (telegram-bot)	Checkout Code	2026-02-09T12:09:25.6763943Z hint: will change to "main" in Git 3.0. To configure the initial branch name
build-and-push (telegram-bot)	Checkout Code	2026-02-09T12:09:25.6765216Z hint: to use in all of your new repositories, which will suppress this warning,
build-and-push (telegram-bot)	Checkout Code	2026-02-09T12:09:25.6766418Z hint: call:
build-and-push (telegram-bot)	Checkout Code	2026-02-09T12:09:25.6767206Z hint:
build-and-push (telegram-bot)	Checkout Code	2026-02-09T12:09:25.6768143Z hint: 	git config --global init.defaultBranch <name>
build-and-push (telegram-bot)	Checkout Code	2026-02-09T12:09:25.6769080Z hint:
build-and-push (telegram-bot)	Checkout Code	2026-02-09T12:09:25.6770035Z hint: Names commonly chosen instead of 'master' are 'main', 'trunk' and
build-and-push (telegram-bot)	Checkout Code	2026-02-09T12:09:25.6770881Z hint: 'development'. The just-created branch can be renamed via this command:
build-and-push (telegram-bot)	Checkout Code	2026-02-09T12:09:25.6771509Z hint:
build-and-push (telegram-bot)	Checkout Code	2026-02-09T12:09:25.6771952Z hint: 	git branch -m <name>
build-and-push (telegram-bot)	Checkout Code	2026-02-09T12:09:25.6772416Z hint:
build-and-push (telegram-bot)	Checkout Code	2026-02-09T12:09:25.6773059Z hint: Disable this message with "git config set advice.defaultBranchName ***"
build-and-push (telegram-bot)	Checkout Code	2026-02-09T12:09:25.6774003Z Initialized empty Git repository in /home/runner/work/***/***/.git/
build-and-push (telegram-bot)	Checkout Code	2026-02-09T12:09:25.6780473Z [command]/usr/bin/git remote add origin https://github.com/ExecutESG/***
build-and-push (telegram-bot)	Checkout Code	2026-02-09T12:09:25.6815499Z ##[endgroup]
build-and-push (telegram-bot)	Checkout Code	2026-02-09T12:09:25.6816766Z ##[group]Disabling automatic garbage collection
build-and-push (telegram-bot)	Checkout Code	2026-02-09T12:09:25.6819389Z [command]/usr/bin/git config --local gc.auto 0
build-and-push (telegram-bot)	Checkout Code	2026-02-09T12:09:25.6847405Z ##[endgroup]
build-and-push (telegram-bot)	Checkout Code	2026-02-09T12:09:25.6848176Z ##[group]Setting up auth
build-and-push (telegram-bot)	Checkout Code	2026-02-09T12:09:25.6853875Z [command]/usr/bin/git config --local --name-only --get-regexp core\.sshCommand
build-and-push (telegram-bot)	Checkout Code	2026-02-09T12:09:25.6885326Z [command]/usr/bin/git submodule foreach --recursive sh -c "git config --local --name-only --get-regexp 'core\.sshCommand' && git config --local --unset-all 'core.sshCommand' || :"
build-and-push (telegram-bot)	Checkout Code	2026-02-09T12:09:25.7248451Z [command]/usr/bin/git config --local --name-only --get-regexp http\.https\:\/\/github\.com\/\.extraheader
build-and-push (telegram-bot)	Checkout Code	2026-02-09T12:09:25.7284214Z [command]/usr/bin/git submodule foreach --recursive sh -c "git config --local --name-only --get-regexp 'http\.https\:\/\/github\.com\/\.extraheader' && git config --local --unset-all 'http.https://github.com/.extraheader' || :"
build-and-push (telegram-bot)	Checkout Code	2026-02-09T12:09:25.7511768Z [command]/usr/bin/git config --local --name-only --get-regexp ^includeIf\.gitdir:
build-and-push (telegram-bot)	Checkout Code	2026-02-09T12:09:25.7541917Z [command]/usr/bin/git submodule foreach --recursive git config --local --show-origin --name-only --get-regexp remote.origin.url
build-and-push (telegram-bot)	Checkout Code	2026-02-09T12:09:25.7762565Z [command]/usr/bin/git config --local http.https://github.com/.extraheader AUTHORIZATION: basic ***
build-and-push (telegram-bot)	Checkout Code	2026-02-09T12:09:25.7795674Z ##[endgroup]
build-and-push (telegram-bot)	Checkout Code	2026-02-09T12:09:25.7803816Z ##[group]Fetching the repository
build-and-push (telegram-bot)	Checkout Code	2026-02-09T12:09:25.7805972Z [command]/usr/bin/git -c protocol.version=2 fetch --no-tags --prune --no-recurse-submodules --depth=1 origin +0c3bec63c4903a99acde2a599f1cd5d98df508ae:refs/remotes/origin/dev
build-and-push (telegram-bot)	Checkout Code	2026-02-09T12:09:27.7641417Z From https://github.com/ExecutESG/***
build-and-push (telegram-bot)	Checkout Code	2026-02-09T12:09:27.7642440Z  * [new ref]         0c3bec63c4903a99acde2a599f1cd5d98df508ae -> origin/dev
build-and-push (telegram-bot)	Checkout Code	2026-02-09T12:09:27.7672214Z ##[endgroup]
build-and-push (telegram-bot)	Checkout Code	2026-02-09T12:09:27.7673021Z ##[group]Determining the checkout info
build-and-push (telegram-bot)	Checkout Code	2026-02-09T12:09:27.7675465Z ##[endgroup]
build-and-push (telegram-bot)	Checkout Code	2026-02-09T12:09:27.7682380Z [command]/usr/bin/git sparse-checkout disable
build-and-push (telegram-bot)	Checkout Code	2026-02-09T12:09:27.7723261Z [command]/usr/bin/git config --local --unset-all extensions.worktreeConfig
build-and-push (telegram-bot)	Checkout Code	2026-02-09T12:09:27.7750648Z ##[group]Checking out the ref
build-and-push (telegram-bot)	Checkout Code	2026-02-09T12:09:27.7755741Z [command]/usr/bin/git checkout --progress --force -B dev refs/remotes/origin/dev
build-and-push (telegram-bot)	Checkout Code	2026-02-09T12:09:28.0456044Z Switched to a new branch 'dev'
build-and-push (telegram-bot)	Checkout Code	2026-02-09T12:09:28.0457116Z branch 'dev' set up to track 'origin/dev'.
build-and-push (telegram-bot)	Checkout Code	2026-02-09T12:09:28.0488819Z ##[endgroup]
build-and-push (telegram-bot)	Checkout Code	2026-02-09T12:09:28.0529021Z [command]/usr/bin/git log -1 --format=%H
build-and-push (telegram-bot)	Checkout Code	2026-02-09T12:09:28.0552017Z 0c3bec63c4903a99acde2a599f1cd5d98df508ae
build-and-push (telegram-bot)	Set up Docker Buildx	﻿2026-02-09T12:09:28.0759209Z ##[group]Run docker/setup-buildx-action@v3.7.1
build-and-push (telegram-bot)	Set up Docker Buildx	2026-02-09T12:09:28.0759845Z with:
build-and-push (telegram-bot)	Set up Docker Buildx	2026-02-09T12:09:28.0760481Z   driver: docker-container
build-and-push (telegram-bot)	Set up Docker Buildx	2026-02-09T12:09:28.0760989Z   install: ***
build-and-push (telegram-bot)	Set up Docker Buildx	2026-02-09T12:09:28.0761421Z   use: true
build-and-push (telegram-bot)	Set up Docker Buildx	2026-02-09T12:09:28.0761849Z   cache-binary: true
build-and-push (telegram-bot)	Set up Docker Buildx	2026-02-09T12:09:28.0762295Z   cleanup: true
build-and-push (telegram-bot)	Set up Docker Buildx	2026-02-09T12:09:28.0762704Z env:
build-and-push (telegram-bot)	Set up Docker Buildx	2026-02-09T12:09:28.0792451Z   ALLMYSECRETS: {
build-and-push (telegram-bot)	Set up Docker Buildx	  "DEV_MNEMONIC": "***",
build-and-push (telegram-bot)	Set up Docker Buildx	  "MAIN_PGADMIN_DEFAULT_PASSWORD": "***",
build-and-push (telegram-bot)	Set up Docker Buildx	  "DOCKER_HUB_TOKEN": "***",
build-and-push (telegram-bot)	Set up Docker Buildx	  "STAGING_ONTON_API_KEY": "***",
build-and-push (telegram-bot)	Set up Docker Buildx	  "STAGING_CLOUDFLARE_API_TOKEN": "***",
build-and-push (telegram-bot)	Set up Docker Buildx	  "DEV_TON_CENTER_TOKEN": "***",
build-and-push (telegram-bot)	Set up Docker Buildx	  "STAGING_ONTON_API_SECRET": "***",
build-and-push (telegram-bot)	Set up Docker Buildx	  "STAGING_GITHUB_CLIENT_SECRET": "***",
build-and-push (telegram-bot)	Set up Docker Buildx	  "SSH_MAIN_IP": "***",
build-and-push (telegram-bot)	Set up Docker Buildx	  "MAIN_TWITTER_CLIENT_SECRET": "***",
build-and-push (telegram-bot)	Set up Docker Buildx	  "STAGING_MINIO_ROOT_PASSWORD": "***",
build-and-push (telegram-bot)	Set up Docker Buildx	  "MAIN_GITHUB_CLIENT_SECRET": "***",
build-and-push (telegram-bot)	Set up Docker Buildx	  "STAGING_RABBITMQ_DEFAULT_PASS": "***",
build-and-push (telegram-bot)	Set up Docker Buildx	  "SSH_DEV_IP": "***",
build-and-push (telegram-bot)	Set up Docker Buildx	  "DEV_POSTGRES_PASSWORD": "***",
build-and-push (telegram-bot)	Set up Docker Buildx	  "SSH_PASSPHRASE": "***",
build-and-push (telegram-bot)	Set up Docker Buildx	  "STAGING_CLIENT_API_FIXED_KEY": "***",
build-and-push (telegram-bot)	Set up Docker Buildx	  "MAIN_TON_CENTER_TOKEN": "***",
build-and-push (telegram-bot)	Set up Docker Buildx	  "DOCKER_HUB_USERNAME": "***",
build-and-push (telegram-bot)	Set up Docker Buildx	  "GIT_API_KEY": "***",
build-and-push (telegram-bot)	Set up Docker Buildx	  "MAIN_CLOUDFLARE_EMAIL": "***",
build-and-push (telegram-bot)	Set up Docker Buildx	  "MAIN_DATABASE_URL": "***",
build-and-push (telegram-bot)	Set up Docker Buildx	  "MAIN_CLOUDFLARE_EMAIL_MAIN": "***",
build-and-push (telegram-bot)	Set up Docker Buildx	  "STAGING_PGADMIN_DEFAULT_EMAIL": "***",
build-and-push (telegram-bot)	Set up Docker Buildx	  "STAGING_SECRET_EVENT_WALLET_ENC_KEY": "***",
build-and-push (telegram-bot)	Set up Docker Buildx	  "STAGING_PGADMIN_DEFAULT_PASSWORD": "***",
build-and-push (telegram-bot)	Set up Docker Buildx	  "CR_PAT": "***",
build-and-push (telegram-bot)	Set up Docker Buildx	  "MAIN_CLOUDFLARE_API_TOKEN_MAIN": "***",
build-and-push (telegram-bot)	Set up Docker Buildx	  "MAIN_POSTGRES_USER": "***",
build-and-push (telegram-bot)	Set up Docker Buildx	  "DEV_BOT_TOKEN": "***",
build-and-push (telegram-bot)	Set up Docker Buildx	  "STAGING_REDIS_PASSWORD": "***",
build-and-push (telegram-bot)	Set up Docker Buildx	  "TELEGRAM_CHAT_ID_FOR_DEPLOYMENT": "***",
build-and-push (telegram-bot)	Set up Docker Buildx	  "STAGING_TONAPI_API_KEY": "***",
build-and-push (telegram-bot)	Set up Docker Buildx	  "STAGING_CLOUDFLARE_API_TOKEN_MAIN": "***",
build-and-push (telegram-bot)	Set up Docker Buildx	  "MAIN_BOT_TOKEN": "***",
build-and-push (telegram-bot)	Set up Docker Buildx	  "MAIN_SENTRY_AUTH_TOKEN": "***",
build-and-push (telegram-bot)	Set up Docker Buildx	  "github_token": "***",
build-and-push (telegram-bot)	Set up Docker Buildx	  "STAGING_DATABASE_URL_NFT_MANAGER": "***",
build-and-push (telegram-bot)	Set up Docker Buildx	  "DEV_CLOUDFLARE_API_TOKEN": "***",
build-and-push (telegram-bot)	Set up Docker Buildx	  "STAGING_TON_SOCIETY_API_KEY": "***",
build-and-push (telegram-bot)	Set up Docker Buildx	  "STAGING_POSTGRES_PASSWORD": "***",
build-and-push (telegram-bot)	Set up Docker Buildx	  "MAIN_RABBITMQ_DEFAULT_USER": "***",
build-and-push (telegram-bot)	Set up Docker Buildx	  "MAIN_CLOUDFLARE_API_TOKEN": "***",
build-and-push (telegram-bot)	Set up Docker Buildx	  "MAIN_CLOUDFLARE_DNS_ZONE_ID": "***",
build-and-push (telegram-bot)	Set up Docker Buildx	  "MAIN_REDIS_PASSWORD": "***",
build-and-push (telegram-bot)	Set up Docker Buildx	  "STAGING_MINIO_ROOT_USER": "***",
build-and-push (telegram-bot)	Set up Docker Buildx	  "MAIN_TON_SOCIETY_API_KEY": "***",
build-and-push (telegram-bot)	Set up Docker Buildx	  "STAGING_CLOUDFLARE_DNS_ZONE_ID": "***",
build-and-push (telegram-bot)	Set up Docker Buildx	  "DEV_CLIENT_API_JWT_SECRET": "***",
build-and-push (telegram-bot)	Set up Docker Buildx	  "STAGING_BOT_TOKEN": "***",
build-and-push (telegram-bot)	Set up Docker Buildx	  "MAIN_MB_ENCRYPTION_SECRET_KEY": "***",
build-and-push (telegram-bot)	Set up Docker Buildx	  "USE_CLOUDFLARE": "***",
build-and-push (telegram-bot)	Set up Docker Buildx	  "MAIN_TONAPI_API_KEY": "***",
build-and-push (telegram-bot)	Set up Docker Buildx	  "SSH_PRIVATE_KEY": "***",
build-and-push (telegram-bot)	Set up Docker Buildx	  "MAIN_LINKEDIN_CLIENT_SECRET": "***",
build-and-push (telegram-bot)	Set up Docker Buildx	  "STAGING_MS_CLIENT_SECRET": "***",
build-and-push (telegram-bot)	Set up Docker Buildx	  "SSH_DEV_KEY": "***",
build-and-push (telegram-bot)	Set up Docker Buildx	  "STAGING_TWITTER_CLIENT_SECRET": "***",
build-and-push (telegram-bot)	Set up Docker Buildx	  "STAGING_CLIENT_API_JWT_SECRET": "***",
build-and-push (telegram-bot)	Set up Docker Buildx	  "MAIN_DATABASE_URL_NFT_MANAGER": "***",
build-and-push (telegram-bot)	Set up Docker Buildx	  "DEV_ONTON_API_SECRET": "***",
build-and-push (telegram-bot)	Set up Docker Buildx	  "MAIN_GOOGLE_CLIENT_SECRET": "***",
build-and-push (telegram-bot)	Set up Docker Buildx	  "MAIN_MS_CLIENT_SECRET": "***",
build-and-push (telegram-bot)	Set up Docker Buildx	  "STAGING_DATABASE_URL": "***",
build-and-push (telegram-bot)	Set up Docker Buildx	  "STAGING_TON_CENTER_TOKEN": "***",
build-and-push (telegram-bot)	Set up Docker Buildx	  "DEV_TON_SOCIETY_API_KEY": "***",
build-and-push (telegram-bot)	Set up Docker Buildx	  "MAIN_EVENT_WALLET_ENC_KEY": "***",
build-and-push (telegram-bot)	Set up Docker Buildx	  "STAGING_POSTGRES_USER": "***",
build-and-push (telegram-bot)	Set up Docker Buildx	  "MAIN_PGADMIN_DEFAULT_EMAIL": "***",
build-and-push (telegram-bot)	Set up Docker Buildx	  "SSH_MAIN_PORT": "***",
build-and-push (telegram-bot)	Set up Docker Buildx	  "MAIN_MNEMONIC": "***",
build-and-push (telegram-bot)	Set up Docker Buildx	  "MAIN_POSTGRES_PASSWORD": "***",
build-and-push (telegram-bot)	Set up Docker Buildx	  "DEV_TONAPI_API_KEY": "***",
build-and-push (telegram-bot)	Set up Docker Buildx	  "STAGING_GOOGLE_CLIENT_SECRET": "***",
build-and-push (telegram-bot)	Set up Docker Buildx	  "DEV_MB_ENCRYPTION_SECRET_KEY": "***",
build-and-push (telegram-bot)	Set up Docker Buildx	  "STAGING_SENTRY_AUTH_TOKEN": "***",
build-and-push (telegram-bot)	Set up Docker Buildx	  "DEV_DATABASE_URL": "***",
build-and-push (telegram-bot)	Set up Docker Buildx	  "DEV_MINIO_ROOT_PASSWORD": "***",
build-and-push (telegram-bot)	Set up Docker Buildx	  "MAIN_RABBITMQ_DEFAULT_PASS": "***",
build-and-push (telegram-bot)	Set up Docker Buildx	  "TELEGRAM_BOT_TOKEN_FOR_DEPLOYMENT": "***",
build-and-push (telegram-bot)	Set up Docker Buildx	  "MAIN_ONTON_API_SECRET": "***",
build-and-push (telegram-bot)	Set up Docker Buildx	  "MAIN_CLIENT_API_FIXED_KEY": "***",
build-and-push (telegram-bot)	Set up Docker Buildx	  "SSH_DEV_PORT": "***",
build-and-push (telegram-bot)	Set up Docker Buildx	  "DEV_ONTON_API_KEY": "***",
build-and-push (telegram-bot)	Set up Docker Buildx	  "DEV_MINIO_ROOT_USER": "***",
build-and-push (telegram-bot)	Set up Docker Buildx	  "STAGING_MNEMONIC": "***",
build-and-push (telegram-bot)	Set up Docker Buildx	  "MAIN_MINIO_ROOT_USER": "***",
build-and-push (telegram-bot)	Set up Docker Buildx	  "DEV_PGADMIN_DEFAULT_PASSWORD": "***",
build-and-push (telegram-bot)	Set up Docker Buildx	  "DEV_CLIENT_API_FIXED_KEY": "***",
build-and-push (telegram-bot)	Set up Docker Buildx	  "STAGING_CLOUDFLARE_EMAIL": "***",
build-and-push (telegram-bot)	Set up Docker Buildx	  "STAGING_MB_ENCRYPTION_SECRET_KEY": "***",
build-and-push (telegram-bot)	Set up Docker Buildx	  "MAIN_MINIO_ROOT_PASSWORD": "***",
build-and-push (telegram-bot)	Set up Docker Buildx	  "MAIN_ONTON_API_KEY": "***",
build-and-push (telegram-bot)	Set up Docker Buildx	  "STAGING_RABBITMQ_DEFAULT_USER": "***",
build-and-push (telegram-bot)	Set up Docker Buildx	  "MAIN_CLIENT_API_JWT_SECRET": "***",
build-and-push (telegram-bot)	Set up Docker Buildx	  "STAGING_LINKEDIN_CLIENT_SECRET": "***",
build-and-push (telegram-bot)	Set up Docker Buildx	  "DEV_RABBITMQ_DEFAULT_PASS": "***"
build-and-push (telegram-bot)	Set up Docker Buildx	}
build-and-push (telegram-bot)	Set up Docker Buildx	2026-02-09T12:09:28.0870831Z   ALLMYVARS: {
build-and-push (telegram-bot)	Set up Docker Buildx	  "DEV_ACME_AGREE": "true",
build-and-push (telegram-bot)	Set up Docker Buildx	  "DEV_BRANCH_NAME": "dev",
build-and-push (telegram-bot)	Set up Docker Buildx	  "DEV_CACHE_ENABLED": "true",
build-and-push (telegram-bot)	Set up Docker Buildx	  "DEV_CLAMAV_PORT": "***10",
build-and-push (telegram-bot)	Set up Docker Buildx	  "DEV_CLIENT_API_FIXED_ORGANIZER": "@Ontonadmin",
build-and-push (telegram-bot)	Set up Docker Buildx	  "DEV_CLIENT_API_FIXED_USER": "@Ontonadmin",
build-and-push (telegram-bot)	Set up Docker Buildx	  "DEV_CLIENT_WEB_DOMAIN": "dev-client-web.dev.***.live",
build-and-push (telegram-bot)	Set up Docker Buildx	  "DEV_COMPOSE_PROJECT_NAME": "develop-***",
build-and-push (telegram-bot)	Set up Docker Buildx	  "DEV_ENV": "development",
build-and-push (telegram-bot)	Set up Docker Buildx	  "DEV_EVENT_WALLET_ENC_KEY": "Ci5M6/B4Wke4qX6tXViVeW0xM0iH0yh/qvD3Y1xu2v8",
build-and-push (telegram-bot)	Set up Docker Buildx	  "DEV_GOLANG_SERVER_PORT": "3013",
build-and-push (telegram-bot)	Set up Docker Buildx	  "DEV_IP_CADDY": "caddy",
build-and-push (telegram-bot)	Set up Docker Buildx	  "DEV_IP_CLAMAV": "host.docker.internal",
build-and-push (telegram-bot)	Set up Docker Buildx	  "DEV_IP_CLIENT_WEB": "client-web",
build-and-push (telegram-bot)	Set up Docker Buildx	  "DEV_IP_GIVEAWAY_CHECKER": "giveaway-checker",
build-and-push (telegram-bot)	Set up Docker Buildx	  "DEV_IP_GOLANG_SERVER": "golang-server",
build-and-push (telegram-bot)	Set up Docker Buildx	  "DEV_IP_GOLANG_WORKER": "golang-worker",
build-and-push (telegram-bot)	Set up Docker Buildx	  "DEV_IP_KIBANA": "kibana",
build-and-push (telegram-bot)	Set up Docker Buildx	  "DEV_IP_METABASE": "metabase",
build-and-push (telegram-bot)	Set up Docker Buildx	  "DEV_IP_MINIO": "minio",
build-and-push (telegram-bot)	Set up Docker Buildx	  "DEV_IP_MINI_APP": "mini-app",
build-and-push (telegram-bot)	Set up Docker Buildx	  "DEV_IP_MINI_APP_CRON": "mini-app-sbt-worker",
build-and-push (telegram-bot)	Set up Docker Buildx	  "DEV_IP_NFT_MANAGER": "nft-manager",
build-and-push (telegram-bot)	Set up Docker Buildx	  "DEV_IP_PARTICIPANT_TMA": "participant-tma",
build-and-push (telegram-bot)	Set up Docker Buildx	  "DEV_IP_PGADMIN": "pgadmin",
build-and-push (telegram-bot)	Set up Docker Buildx	  "DEV_IP_POA_WORKER": "mini-app-poa-worker",
build-and-push (telegram-bot)	Set up Docker Buildx	  "DEV_IP_POSTGRES": "postgres",
build-and-push (telegram-bot)	Set up Docker Buildx	  "DEV_IP_RABBITMQ": "rabbitmq",
build-and-push (telegram-bot)	Set up Docker Buildx	  "DEV_IP_RANGE_BASE": "host.docker.internal",
build-and-push (telegram-bot)	Set up Docker Buildx	  "DEV_IP_RANGE_START": "172.10",
build-and-push (telegram-bot)	Set up Docker Buildx	  "DEV_IP_RANGE_SUBNET": "24",
build-and-push (telegram-bot)	Set up Docker Buildx	  "DEV_IP_REDIS": "redis",
build-and-push (telegram-bot)	Set up Docker Buildx	  "DEV_IP_SOCKET": "mini-app-notification-socket",
build-and-push (telegram-bot)	Set up Docker Buildx	  "DEV_IP_SWAGGER_UI": "swagger-ui",
build-and-push (telegram-bot)	Set up Docker Buildx	  "DEV_IP_TELEGRAM_BOT": "telegram-bot",
build-and-push (telegram-bot)	Set up Docker Buildx	  "DEV_IP_WEBSITE": "website",
build-and-push (telegram-bot)	Set up Docker Buildx	  "DEV_JWT_SECRET_SOCKET": "D3v@OnTonw3tds112ewq%KD___%1006-7-8-9-0OkMjKlll%909R9OOsf",
build-and-push (telegram-bot)	Set up Docker Buildx	  "DEV_KIBANA_HASHED_PASSWORD": "$2a$14$6P83mnKs9BxP2qZDaMU.2OzBHY3SG0nnaVXJ8nKluEWEWD5RMmN/W",
build-and-push (telegram-bot)	Set up Docker Buildx	  "DEV_KIBANA_PORT": "3023",
build-and-push (telegram-bot)	Set up Docker Buildx	  "DEV_KIBANA_USERNAME": "monitor",
build-and-push (telegram-bot)	Set up Docker Buildx	  "DEV_LOCAL_DOMAIN": "dev-app.dev.***.live",
build-and-push (telegram-bot)	Set up Docker Buildx	  "DEV_MB_REDIRECT_ALL_REQUESTS_TO_HTTPS": "true",
build-and-push (telegram-bot)	Set up Docker Buildx	  "DEV_METABASE_DOMAIN": "dev-metabase.dev.***.live",
build-and-push (telegram-bot)	Set up Docker Buildx	  "DEV_MINIO_COLLECTION_BUCKET": "***collection",
build-and-push (telegram-bot)	Set up Docker Buildx	  "DEV_MINIO_DASHBOARD_PORT": "3014",
build-and-push (telegram-bot)	Set up Docker Buildx	  "DEV_MINIO_DOC_BUCKET": "***doc",
build-and-push (telegram-bot)	Set up Docker Buildx	  "DEV_MINIO_DOC_DEFAULT_BUCKET": "***",
build-and-push (telegram-bot)	Set up Docker Buildx	  "DEV_MINIO_ENDPOINT": "minio",
build-and-push (telegram-bot)	Set up Docker Buildx	  "DEV_MINIO_IMAGE_BUCKET": "***image",
build-and-push (telegram-bot)	Set up Docker Buildx	  "DEV_MINIO_ITEM_BUCKET": "***item",
build-and-push (telegram-bot)	Set up Docker Buildx	  "DEV_MINIO_PORT": "3012",
build-and-push (telegram-bot)	Set up Docker Buildx	  "DEV_MINIO_PUBLIC_URL": "https://dev-storage.dev.***.live",
build-and-push (telegram-bot)	Set up Docker Buildx	  "DEV_MINIO_REGION_NAME": "default",
build-and-push (telegram-bot)	Set up Docker Buildx	  "DEV_MINIO_SBT_COLLECTIONS_BUCKET": "sbt-collections",
build-and-push (telegram-bot)	Set up Docker Buildx	  "DEV_MINIO_STORAGE_ADMIN_DOMAIN": "dev-storage-admin.dev.***.live",
build-and-push (telegram-bot)	Set up Docker Buildx	  "DEV_MINIO_STORAGE_DOMAIN": "dev-storage.dev.***.live",
build-and-push (telegram-bot)	Set up Docker Buildx	  "DEV_MINIO_VIDEO_BUCKET": "***video",
build-and-push (telegram-bot)	Set up Docker Buildx	  "DEV_MINI_APP_DOMAIN": "dev-app.dev.***.live",
build-and-push (telegram-bot)	Set up Docker Buildx	  "DEV_MINI_APP_PORT": "3000",
build-and-push (telegram-bot)	Set up Docker Buildx	  "DEV_MINI_APP_SOCKET_DOMAIN": "dev-socket.dev.***.live",
build-and-push (telegram-bot)	Set up Docker Buildx	  "DEV_MONITORING_DOMAIN": "dev-monitoring.dev.***.live",
build-and-push (telegram-bot)	Set up Docker Buildx	  "DEV_NETWORK_NAME": "***-dev",
build-and-push (telegram-bot)	Set up Docker Buildx	  "DEV_NETWORK_PUBLIC_IP": "***",
build-and-push (telegram-bot)	Set up Docker Buildx	  "DEV_NEXT_PUBLIC_API_BASE_URL": "https://dev-app.dev.***.live/api/v1",
build-and-push (telegram-bot)	Set up Docker Buildx	  "DEV_NEXT_PUBLIC_APP_BASE_URL": "https://dev-app.dev.***.live",
build-and-push (telegram-bot)	Set up Docker Buildx	  "DEV_NEXT_PUBLIC_BACKEND_URL_CLIENT": "https://dev-app.dev.***.live/api/client/v1/",
build-and-push (telegram-bot)	Set up Docker Buildx	  "DEV_NEXT_PUBLIC_BOT_USERNAME": "dev_ont0n_bot",
build-and-push (telegram-bot)	Set up Docker Buildx	  "DEV_NEXT_PUBLIC_ENV": "development",
build-and-push (telegram-bot)	Set up Docker Buildx	  "DEV_NEXT_PUBLIC_GTM": "GTM-dev",
build-and-push (telegram-bot)	Set up Docker Buildx	  "DEV_NEXT_PUBLIC_SOCKET_URL": "dev-socket.dev.***.live",
build-and-push (telegram-bot)	Set up Docker Buildx	  "DEV_NFT_INTERVAL_TIME": "60000",
build-and-push (telegram-bot)	Set up Docker Buildx	  "DEV_NFT_MANAGER_PORT": "3004",
build-and-push (telegram-bot)	Set up Docker Buildx	  "DEV_NODE_ENV": "production",
build-and-push (telegram-bot)	Set up Docker Buildx	  "DEV_NODE_TLS_REJECT_UNAUTHORIZED": "0",
build-and-push (telegram-bot)	Set up Docker Buildx	  "DEV_ONTON_DOMAIN": "dev.***.live",
build-and-push (telegram-bot)	Set up Docker Buildx	  "DEV_PARTICIPANT_TMA_PORT": "3001",
build-and-push (telegram-bot)	Set up Docker Buildx	  "DEV_PGADMIN_DOMAIN": "dev-pgadmin.dev.***.live",
build-and-push (telegram-bot)	Set up Docker Buildx	  "DEV_PORT_CLIENT_WEB": "3007",
build-and-push (telegram-bot)	Set up Docker Buildx	  "DEV_PORT_METABASE": "3009",
build-and-push (telegram-bot)	Set up Docker Buildx	  "DEV_PORT_PGADMIN": "3006",
build-and-push (telegram-bot)	Set up Docker Buildx	  "DEV_PORT_WEB_SITE": "3005",
build-and-push (telegram-bot)	Set up Docker Buildx	  "DEV_POSTGRES_METABASE_DB": "dev-mini-app",
build-and-push (telegram-bot)	Set up Docker Buildx	  "DEV_POSTGRES_MINI_APP_DB": "dev-mini-app",
build-and-push (telegram-bot)	Set up Docker Buildx	  "DEV_POSTGRES_NFT_MANAGER_DB": "dev-nft-manager",
build-and-push (telegram-bot)	Set up Docker Buildx	  "DEV_POSTGRES_PORT": "3008",
build-and-push (telegram-bot)	Set up Docker Buildx	  "DEV_PTMA_API_BASE_URL": "https://dev-app.dev.***.live/api/v1",
build-and-push (telegram-bot)	Set up Docker Buildx	  "DEV_RABBITMQ_DOMAIN": "dev-rabbitmq.dev.***.live",
build-and-push (telegram-bot)	Set up Docker Buildx	  "DEV_RABBITMQ_MANAGEMENT_PORT": "3015",
build-and-push (telegram-bot)	Set up Docker Buildx	  "DEV_RABBITMQ_NODE_PORT": "3016",
build-and-push (telegram-bot)	Set up Docker Buildx	  "DEV_REDIS_DATABASES": "1",
build-and-push (telegram-bot)	Set up Docker Buildx	  "DEV_REDIS_PORT": "3011",
build-and-push (telegram-bot)	Set up Docker Buildx	  "DEV_REGISTRY_URL": "ghcr.io",
build-and-push (telegram-bot)	Set up Docker Buildx	  "DEV_SOCKET_PORT": "30***",
build-and-push (telegram-bot)	Set up Docker Buildx	  "DEV_STAGE_NAME": "dev-***",
build-and-push (telegram-bot)	Set up Docker Buildx	  "DEV_SWAGGER_UI_DOMAIN": "dev-swagger-ui.dev.***.live",
build-and-push (telegram-bot)	Set up Docker Buildx	  "DEV_SWAGGER_UI_PORT": "3024",
build-and-push (telegram-bot)	Set up Docker Buildx	  "DEV_SYS_CADDY_REPLICAS": "1",
build-and-push (telegram-bot)	Set up Docker Buildx	  "DEV_SYS_MINI_APP_REPLICAS": "1",
build-and-push (telegram-bot)	Set up Docker Buildx	  "DEV_SYS_PARTICIPANT_TMA_REPLICAS": "1",
build-and-push (telegram-bot)	Set up Docker Buildx	  "DEV_SYS_WEB_SITE_REPLICAS": "1",
build-and-push (telegram-bot)	Set up Docker Buildx	  "DEV_TELEGRAM_BOT_PORT": "3002",
build-and-push (telegram-bot)	Set up Docker Buildx	  "DEV_TG_EVENTS_TOPIC": "2",
build-and-push (telegram-bot)	Set up Docker Buildx	  "DEV_TG_LOGS_GROUP_ID": "-1002308507308",
build-and-push (telegram-bot)	Set up Docker Buildx	  "DEV_TG_LOG_BOT_TOKEN": "7604730825:AAE1WJHs5lFI2zX_tba6M-1HYfffA8ugFmA",
build-and-push (telegram-bot)	Set up Docker Buildx	  "DEV_TG_NOTIFICATION_CHANELL": "-1002164161685",
build-and-push (telegram-bot)	Set up Docker Buildx	  "DEV_TG_SYSTEM_TOPIC": "16",
build-and-push (telegram-bot)	Set up Docker Buildx	  "DEV_TG_TICKETS_TOPIC": "4",
build-and-push (telegram-bot)	Set up Docker Buildx	  "DEV_TON_CENTER_ENDPOINT": "https://toncenter.com/api/v2/jsonRPC",
build-and-push (telegram-bot)	Set up Docker Buildx	  "DEV_TON_SOCIETY_BASE_URL": "https://id.ton.org/v1",
build-and-push (telegram-bot)	Set up Docker Buildx	  "DEV_USE_CLOUDFLARE": "true",
build-and-push (telegram-bot)	Set up Docker Buildx	  "DEV_USE_MAIN_IP_TO_EXPOSE": "true",
build-and-push (telegram-bot)	Set up Docker Buildx	  "MAIN_ACME_AGREE": "true",
build-and-push (telegram-bot)	Set up Docker Buildx	  "MAIN_BRANCH_NAME": "main",
build-and-push (telegram-bot)	Set up Docker Buildx	  "MAIN_CACHE_ENABLED": "true",
build-and-push (telegram-bot)	Set up Docker Buildx	  "MAIN_CLAMAV_PORT": "***10",
build-and-push (telegram-bot)	Set up Docker Buildx	  "MAIN_CLIENT_API_FIXED_ORGANIZER": "@Ontonadmin",
build-and-push (telegram-bot)	Set up Docker Buildx	  "MAIN_CLIENT_API_FIXED_USER": "@Ontonadmin",
build-and-push (telegram-bot)	Set up Docker Buildx	  "MAIN_CLIENT_WEB_DOMAIN": "client-web.***.live",
build-and-push (telegram-bot)	Set up Docker Buildx	  "MAIN_COMPOSE_PROJECT_NAME": "production-***",
build-and-push (telegram-bot)	Set up Docker Buildx	  "MAIN_ENV": "production",
build-and-push (telegram-bot)	Set up Docker Buildx	  "MAIN_GITHUB_CLIENT_ID": "Ov23liQFN1rMeZicYHnL",
build-and-push (telegram-bot)	Set up Docker Buildx	  "MAIN_GITHUB_REPO": "***bot",
build-and-push (telegram-bot)	Set up Docker Buildx	  "MAIN_GOLANG_SERVER_PORT": "8013",
build-and-push (telegram-bot)	Set up Docker Buildx	  "MAIN_GOOGLE_CLIENT_ID": "174044865725-8urfv981fca74aj3bq2kqik7fbe2rggg.apps.googleusercontent.com",
build-and-push (telegram-bot)	Set up Docker Buildx	  "MAIN_IP_CADDY": "caddy",
build-and-push (telegram-bot)	Set up Docker Buildx	  "MAIN_IP_CLAMAV": "host.docker.internal",
build-and-push (telegram-bot)	Set up Docker Buildx	  "MAIN_IP_CLIENT_WEB": "client-web",
build-and-push (telegram-bot)	Set up Docker Buildx	  "MAIN_IP_GIVEAWAY_CHECKER": "giveaway-checker",
build-and-push (telegram-bot)	Set up Docker Buildx	  "MAIN_IP_GOLANG_SERVER": "golang-server",
build-and-push (telegram-bot)	Set up Docker Buildx	  "MAIN_IP_GOLANG_WORKER": "golang-worker",
build-and-push (telegram-bot)	Set up Docker Buildx	  "MAIN_IP_KIBANA": "kibana",
build-and-push (telegram-bot)	Set up Docker Buildx	  "MAIN_IP_METABASE": "metabase",
build-and-push (telegram-bot)	Set up Docker Buildx	  "MAIN_IP_MINIO": "minio",
build-and-push (telegram-bot)	Set up Docker Buildx	  "MAIN_IP_MINI_APP": "mini-app",
build-and-push (telegram-bot)	Set up Docker Buildx	  "MAIN_IP_MINI_APP_CRON": "mini-app-sbt-worker",
build-and-push (telegram-bot)	Set up Docker Buildx	  "MAIN_IP_NFT_MANAGER": "nft-manager",
build-and-push (telegram-bot)	Set up Docker Buildx	  "MAIN_IP_PARTICIPANT_TMA": "participant-tma",
build-and-push (telegram-bot)	Set up Docker Buildx	  "MAIN_IP_PGADMIN": "pgadmin",
build-and-push (telegram-bot)	Set up Docker Buildx	  "MAIN_IP_POA_WORKER": "mini-app-poa-worker",
build-and-push (telegram-bot)	Set up Docker Buildx	  "MAIN_IP_POSTGRES": "postgres",
build-and-push (telegram-bot)	Set up Docker Buildx	  "MAIN_IP_RABBITMQ": "rabbitmq",
build-and-push (telegram-bot)	Set up Docker Buildx	  "MAIN_IP_RANGE_BASE": "host.docker.internal",
build-and-push (telegram-bot)	Set up Docker Buildx	  "MAIN_IP_REDIS": "redis",
build-and-push (telegram-bot)	Set up Docker Buildx	  "MAIN_IP_SOCKET": "mini-app-notification-socket",
build-and-push (telegram-bot)	Set up Docker Buildx	  "MAIN_IP_SWAGGER_UI": "swagger-ui",
build-and-push (telegram-bot)	Set up Docker Buildx	  "MAIN_IP_TELEGRAM_BOT": "telegram-bot",
build-and-push (telegram-bot)	Set up Docker Buildx	  "MAIN_IP_WEBSITE": "website",
build-and-push (telegram-bot)	Set up Docker Buildx	  "MAIN_JWT_SECRET_SOCKET": "JFDmdjeu__@HF_KKSEEWR_ERW*ER_FGDFG_ET%DG%34534aasd_Rhuefli!hfsdlnf",
build-and-push (telegram-bot)	Set up Docker Buildx	  "MAIN_KIBANA_HASHED_PASSWORD": "$2a$14$6P83mnKs9BxP2qZDaMU.2OzBHY3SG0nnaVXJ8nKluEWEWD5RMmN/W",
build-and-push (telegram-bot)	Set up Docker Buildx	  "MAIN_KIBANA_PORT": "8023",
build-and-push (telegram-bot)	Set up Docker Buildx	  "MAIN_KIBANA_USERNAME": "monitor",
build-and-push (telegram-bot)	Set up Docker Buildx	  "MAIN_LINKEDIN_CLIENT_ID": "77osbnm9chxr4c",
build-and-push (telegram-bot)	Set up Docker Buildx	  "MAIN_LOCAL_DOMAIN": "***.live",
build-and-push (telegram-bot)	Set up Docker Buildx	  "MAIN_MB_REDIRECT_ALL_REQUESTS_TO_HTTPS": "true",
build-and-push (telegram-bot)	Set up Docker Buildx	  "MAIN_METABASE_DOMAIN": "metabase.***.live",
build-and-push (telegram-bot)	Set up Docker Buildx	  "MAIN_MINIO_COLLECTION_BUCKET": "***collection",
build-and-push (telegram-bot)	Set up Docker Buildx	  "MAIN_MINIO_DASHBOARD_PORT": "8014",
build-and-push (telegram-bot)	Set up Docker Buildx	  "MAIN_MINIO_DOC_BUCKET": "***doc",
build-and-push (telegram-bot)	Set up Docker Buildx	  "MAIN_MINIO_DOC_DEFAULT_BUCKET": "***",
build-and-push (telegram-bot)	Set up Docker Buildx	  "MAIN_MINIO_ENDPOINT": "minio",
build-and-push (telegram-bot)	Set up Docker Buildx	  "MAIN_MINIO_IMAGE_BUCKET": "***image",
build-and-push (telegram-bot)	Set up Docker Buildx	  "MAIN_MINIO_ITEM_BUCKET": "***item",
build-and-push (telegram-bot)	Set up Docker Buildx	  "MAIN_MINIO_PORT": "8012",
build-and-push (telegram-bot)	Set up Docker Buildx	  "MAIN_MINIO_PUBLIC_URL": "https://storage.***.live",
build-and-push (telegram-bot)	Set up Docker Buildx	  "MAIN_MINIO_REGION_NAME": "default",
build-and-push (telegram-bot)	Set up Docker Buildx	  "MAIN_MINIO_SBT_COLLECTIONS_BUCKET": "sbt-collections",
build-and-push (telegram-bot)	Set up Docker Buildx	  "MAIN_MINIO_STORAGE_ADMIN_DOMAIN": "storage-admin.***.live",
build-and-push (telegram-bot)	Set up Docker Buildx	  "MAIN_MINIO_STORAGE_DOMAIN": "storage.***.live",
build-and-push (telegram-bot)	Set up Docker Buildx	  "MAIN_MINIO_VIDEO_BUCKET": "***video",
build-and-push (telegram-bot)	Set up Docker Buildx	  "MAIN_MINI_APP_DOMAIN": "app.***.live",
build-and-push (telegram-bot)	Set up Docker Buildx	  "MAIN_MINI_APP_PORT": "8000",
build-and-push (telegram-bot)	Set up Docker Buildx	  "MAIN_MINI_APP_SOCKET_DOMAIN": "socket.***.live",
build-and-push (telegram-bot)	Set up Docker Buildx	  "MAIN_MONITORING_DOMAIN": "monitoring.***.live",
build-and-push (telegram-bot)	Set up Docker Buildx	  "MAIN_MS_CLIENT_ID": "916e0c9f-17bc-45c2-9cbc-025c48a0d449",
build-and-push (telegram-bot)	Set up Docker Buildx	  "MAIN_NETWORK_NAME": "***-production",
build-and-push (telegram-bot)	Set up Docker Buildx	  "MAIN_NETWORK_PUBLIC_IP": "***",
build-and-push (telegram-bot)	Set up Docker Buildx	  "MAIN_NEXT_PUBLIC_API_BASE_URL": "https://app.***.live/api/v1",
build-and-push (telegram-bot)	Set up Docker Buildx	  "MAIN_NEXT_PUBLIC_APP_BASE_URL": "https://app.***.live",
build-and-push (telegram-bot)	Set up Docker Buildx	  "MAIN_NEXT_PUBLIC_BACKEND_URL_CLIENT": "https://app.***.live/api/client/v1/",
build-and-push (telegram-bot)	Set up Docker Buildx	  "MAIN_NEXT_PUBLIC_BOT_USERNAME": "the***bot",
build-and-push (telegram-bot)	Set up Docker Buildx	  "MAIN_NEXT_PUBLIC_ENV": "production",
build-and-push (telegram-bot)	Set up Docker Buildx	  "MAIN_NEXT_PUBLIC_GTM": "GTM-TSCPWNCM",
build-and-push (telegram-bot)	Set up Docker Buildx	  "MAIN_NEXT_PUBLIC_SOCKET_URL": "socket.***.live",
build-and-push (telegram-bot)	Set up Docker Buildx	  "MAIN_NFT_INTERVAL_TIME": "60000",
build-and-push (telegram-bot)	Set up Docker Buildx	  "MAIN_NFT_MANAGER_PORT": "8004",
build-and-push (telegram-bot)	Set up Docker Buildx	  "MAIN_NODE_ENV": "production",
build-and-push (telegram-bot)	Set up Docker Buildx	  "MAIN_NODE_TLS_REJECT_UNAUTHORIZED": "1",
build-and-push (telegram-bot)	Set up Docker Buildx	  "MAIN_ONTON_DOMAIN": "***.live",
build-and-push (telegram-bot)	Set up Docker Buildx	  "MAIN_PARTICIPANT_TMA_PORT": "8001",
build-and-push (telegram-bot)	Set up Docker Buildx	  "MAIN_PGADMIN_DOMAIN": "pgadmin.***.live",
build-and-push (telegram-bot)	Set up Docker Buildx	  "MAIN_PORT_CLIENT_WEB": "8007",
build-and-push (telegram-bot)	Set up Docker Buildx	  "MAIN_PORT_METABASE": "8009",
build-and-push (telegram-bot)	Set up Docker Buildx	  "MAIN_PORT_PGADMIN": "8006",
build-and-push (telegram-bot)	Set up Docker Buildx	  "MAIN_PORT_WEB_SITE": "8005",
build-and-push (telegram-bot)	Set up Docker Buildx	  "MAIN_POSTGRES_METABASE_DB": "production-mini-app",
build-and-push (telegram-bot)	Set up Docker Buildx	  "MAIN_POSTGRES_MINI_APP_DB": "production-mini-app",
build-and-push (telegram-bot)	Set up Docker Buildx	  "MAIN_POSTGRES_NFT_MANAGER_DB": "production-nft-manager",
build-and-push (telegram-bot)	Set up Docker Buildx	  "MAIN_POSTGRES_PORT": "8008",
build-and-push (telegram-bot)	Set up Docker Buildx	  "MAIN_PTMA_API_BASE_URL": "https://app.***.live/api/v1",
build-and-push (telegram-bot)	Set up Docker Buildx	  "MAIN_RABBITMQ_DOMAIN": "rabbitmq.***.live",
build-and-push (telegram-bot)	Set up Docker Buildx	  "MAIN_RABBITMQ_MANAGEMENT_PORT": "8015",
build-and-push (telegram-bot)	Set up Docker Buildx	  "MAIN_RABBITMQ_NODE_PORT": "8016",
build-and-push (telegram-bot)	Set up Docker Buildx	  "MAIN_REDIS_DATABASES": "1",
build-and-push (telegram-bot)	Set up Docker Buildx	  "MAIN_REDIS_PORT": "8011",
build-and-push (telegram-bot)	Set up Docker Buildx	  "MAIN_REGISTRY_URL": "registry.toncloud.observer",
build-and-push (telegram-bot)	Set up Docker Buildx	  "MAIN_SOCKET_PORT": "80***",
build-and-push (telegram-bot)	Set up Docker Buildx	  "MAIN_STAGE_NAME": "main-***",
build-and-push (telegram-bot)	Set up Docker Buildx	  "MAIN_SWAGGER_UI_DOMAIN": "swagger-ui.***.live",
build-and-push (telegram-bot)	Set up Docker Buildx	  "MAIN_SWAGGER_UI_PORT": "8024",
build-and-push (telegram-bot)	Set up Docker Buildx	  "MAIN_SYS_CADDY_REPLICAS": "1",
build-and-push (telegram-bot)	Set up Docker Buildx	  "MAIN_SYS_MINI_APP_REPLICAS": "12",
build-and-push (telegram-bot)	Set up Docker Buildx	  "MAIN_SYS_PARTICIPANT_TMA_REPLICAS": "6",
build-and-push (telegram-bot)	Set up Docker Buildx	  "MAIN_SYS_WEB_SITE_REPLICAS": "3",
build-and-push (telegram-bot)	Set up Docker Buildx	  "MAIN_TELEGRAM_BOT_PORT": "8002",
build-and-push (telegram-bot)	Set up Docker Buildx	  "MAIN_TG_EVENTS_TOPIC": "2",
build-and-push (telegram-bot)	Set up Docker Buildx	  "MAIN_TG_LOGS_GROUP_ID": "-1002300666538",
build-and-push (telegram-bot)	Set up Docker Buildx	  "MAIN_TG_LOG_BOT_TOKEN": "7604730825:AAE1WJHs5lFI2zX_tba6M-1HYfffA8ugFmA",
build-and-push (telegram-bot)	Set up Docker Buildx	  "MAIN_TG_NOTIFICATION_CHANELL": "-100***32083***",
build-and-push (telegram-bot)	Set up Docker Buildx	  "MAIN_TG_SYSTEM_TOPIC": "16",
build-and-push (telegram-bot)	Set up Docker Buildx	  "MAIN_TG_TICKETS_TOPIC": "4",
build-and-push (telegram-bot)	Set up Docker Buildx	  "MAIN_TON_CENTER_ENDPOINT": "https://toncenter.com/api/v2/jsonRPC",
build-and-push (telegram-bot)	Set up Docker Buildx	  "MAIN_TON_SOCIETY_BASE_URL": "https://id.ton.org/v1",
build-and-push (telegram-bot)	Set up Docker Buildx	  "MAIN_TWITTER_CLIENT_ID": "SU1RUS0xaHNsRk5kd014UlZieDQ6MTpjaQ",
build-and-push (telegram-bot)	Set up Docker Buildx	  "MAIN_USE_CLOUDFLARE": "true",
build-and-push (telegram-bot)	Set up Docker Buildx	  "MAIN_USE_MAIN_IP_TO_EXPOSE": "true",
build-and-push (telegram-bot)	Set up Docker Buildx	  "NEXT_PUBLIC_BOT_USERNAME": "notnonstagebot",
build-and-push (telegram-bot)	Set up Docker Buildx	  "SANDBOX_ACME_AGREE": "true",
build-and-push (telegram-bot)	Set up Docker Buildx	  "SANDBOX_BRANCH_NAME": "sandbox",
build-and-push (telegram-bot)	Set up Docker Buildx	  "SANDBOX_CACHE_ENABLED": "true",
build-and-push (telegram-bot)	Set up Docker Buildx	  "SANDBOX_CLAMAV_PORT": "***10",
build-and-push (telegram-bot)	Set up Docker Buildx	  "SANDBOX_CLIENT_API_FIXED_ORGANIZER": "@Ontonadmin",
build-and-push (telegram-bot)	Set up Docker Buildx	  "SANDBOX_CLIENT_API_FIXED_USER": "@Ontonadmin",
build-and-push (telegram-bot)	Set up Docker Buildx	  "SANDBOX_CLIENT_WEB_DOMAIN": "sandbox-client-web.toncloud.observer",
build-and-push (telegram-bot)	Set up Docker Buildx	  "SANDBOX_COMPOSE_PROJECT_NAME": "sanbox-***",
build-and-push (telegram-bot)	Set up Docker Buildx	  "SANDBOX_IP_CADDY": "caddy",
build-and-push (telegram-bot)	Set up Docker Buildx	  "SANDBOX_IP_CLAMAV": "host.docker.internal",
build-and-push (telegram-bot)	Set up Docker Buildx	  "SANDBOX_IP_KIBANA": "kibana",
build-and-push (telegram-bot)	Set up Docker Buildx	  "SANDBOX_IP_METABASE": "metabase",
build-and-push (telegram-bot)	Set up Docker Buildx	  "SANDBOX_IP_PGADMIN": "pgadmin",
build-and-push (telegram-bot)	Set up Docker Buildx	  "SANDBOX_IP_POA_WORKER": "mini-app-poa-worker",
build-and-push (telegram-bot)	Set up Docker Buildx	  "SANDBOX_IP_POSTGRES": "postgres",
build-and-push (telegram-bot)	Set up Docker Buildx	  "SANDBOX_IP_SOCKET": "mini-app-notification-socket",
build-and-push (telegram-bot)	Set up Docker Buildx	  "SANDBOX_IP_TELEGRAM_BOT": "telegram-bot",
build-and-push (telegram-bot)	Set up Docker Buildx	  "SANDBOX_IP_WEBSITE": "website",
build-and-push (telegram-bot)	Set up Docker Buildx	  "SANDBOX_JWT_SECRET_SOCKET": "D3v@OnTonw3tds112ewq%KD___%1006-7-8-9-0OkMjKlll%909R9OOsf",
build-and-push (telegram-bot)	Set up Docker Buildx	  "SANDBOX_KIBANA_HASHED_PASSWORD": "$2a$14$6P83mnKs9BxP2qZDaMU.2OzBHY3SG0nnaVXJ8nKluEWEWD5RMmN/W",
build-and-push (telegram-bot)	Set up Docker Buildx	  "SANDBOX_KIBANA_PORT": "6023",
build-and-push (telegram-bot)	Set up Docker Buildx	  "SANDBOX_KIBANA_USERNAME": "monitor",
build-and-push (telegram-bot)	Set up Docker Buildx	  "SANDBOX_LOCAL_DOMAIN": "sandbox-app.toncloud.observer",
build-and-push (telegram-bot)	Set up Docker Buildx	  "SANDBOX_MB_REDIRECT_ALL_REQUESTS_TO_HTTPS": "true",
build-and-push (telegram-bot)	Set up Docker Buildx	  "SANDBOX_METABASE_DOMAIN": "sandbox-metabase.toncloud.observer",
build-and-push (telegram-bot)	Set up Docker Buildx	  "SANDBOX_MINIO_COLLECTION_BUCKET": "***collection",
build-and-push (telegram-bot)	Set up Docker Buildx	  "SANDBOX_MINIO_DASHBOARD_PORT": "6014",
build-and-push (telegram-bot)	Set up Docker Buildx	  "SANDBOX_MINIO_DOC_BUCKET": "***doc",
build-and-push (telegram-bot)	Set up Docker Buildx	  "SANDBOX_MINIO_DOC_DEFAULT_BUCKET": "***",
build-and-push (telegram-bot)	Set up Docker Buildx	  "SANDBOX_MINIO_ENDPOINT": "minio",
build-and-push (telegram-bot)	Set up Docker Buildx	  "SANDBOX_MINIO_IMAGE_BUCKET": "***image",
build-and-push (telegram-bot)	Set up Docker Buildx	  "SANDBOX_MINIO_ITEM_BUCKET": "***item",
build-and-push (telegram-bot)	Set up Docker Buildx	  "SANDBOX_MINIO_PORT": "6012",
build-and-push (telegram-bot)	Set up Docker Buildx	  "SANDBOX_MINIO_PUBLIC_URL": "https://sandbox-storage.toncloud.observer",
build-and-push (telegram-bot)	Set up Docker Buildx	  "SANDBOX_MINIO_REGION_NAME": "default",
build-and-push (telegram-bot)	Set up Docker Buildx	  "SANDBOX_MINIO_SBT_COLLECTIONS_BUCKET": "sbt-collections",
build-and-push (telegram-bot)	Set up Docker Buildx	  "SANDBOX_MINIO_STORAGE_ADMIN_DOMAIN": "sandbox-storage-admin.toncloud.observer",
build-and-push (telegram-bot)	Set up Docker Buildx	  "SANDBOX_MINIO_STORAGE_DOMAIN": "sandbox-storage.toncloud.observer",
build-and-push (telegram-bot)	Set up Docker Buildx	  "SANDBOX_MINIO_VIDEO_BUCKET": "***video",
build-and-push (telegram-bot)	Set up Docker Buildx	  "SANDBOX_MINI_APP_DOMAIN": "sandbox-app.toncloud.observer",
build-and-push (telegram-bot)	Set up Docker Buildx	  "SANDBOX_MINI_APP_PORT": "6000",
build-and-push (telegram-bot)	Set up Docker Buildx	  "SANDBOX_MINI_APP_SOCKET_DOMAIN": "sandbox-socket.toncloud.observer",
build-and-push (telegram-bot)	Set up Docker Buildx	  "SANDBOX_MONITORING_DOMAIN": "sandbox-monitoring.toncloud.observer",
build-and-push (telegram-bot)	Set up Docker Buildx	  "SANDBOX_NETWORK_NAME": "***-sandbox",
build-and-push (telegram-bot)	Set up Docker Buildx	  "SANDBOX_NETWORK_PUBLIC_IP": "***",
build-and-push (telegram-bot)	Set up Docker Buildx	  "SANDBOX_NEXT_PUBLIC_API_BASE_URL": "https://sandbox-app.toncloud.observer/api/v1",
build-and-push (telegram-bot)	Set up Docker Buildx	  "SANDBOX_NEXT_PUBLIC_APP_BASE_URL": "https://sandbox-app.toncloud.observer",
build-and-push (telegram-bot)	Set up Docker Buildx	  "SANDBOX_NEXT_PUBLIC_BACKEND_URL_CLIENT": "https://sandbox-app.toncloud.observer/api/client/v1/",
build-and-push (telegram-bot)	Set up Docker Buildx	  "SANDBOX_NEXT_PUBLIC_BOT_USERNAME": "sandbox_ont0n_bot",
build-and-push (telegram-bot)	Set up Docker Buildx	  "SANDBOX_NEXT_PUBLIC_GTM": "GTM-sandbox",
build-and-push (telegram-bot)	Set up Docker Buildx	  "SANDBOX_NEXT_PUBLIC_SOCKET_URL": "sandbox-socket.toncloud.observer",
build-and-push (telegram-bot)	Set up Docker Buildx	  "SANDBOX_NFT_INTERVAL_TIME": "60000",
build-and-push (telegram-bot)	Set up Docker Buildx	  "SANDBOX_NFT_MANAGER_PORT": "6004",
build-and-push (telegram-bot)	Set up Docker Buildx	  "SANDBOX_NODE_ENV": "production",
build-and-push (telegram-bot)	Set up Docker Buildx	  "SANDBOX_NODE_TLS_REJECT_UNAUTHORIZED": "0",
build-and-push (telegram-bot)	Set up Docker Buildx	  "SANDBOX_ONTON_DOMAIN": "sandbox.toncloud.observer",
build-and-push (telegram-bot)	Set up Docker Buildx	  "SANDBOX_PARTICIPANT_TMA_PORT": "6001",
build-and-push (telegram-bot)	Set up Docker Buildx	  "SANDBOX_PGADMIN_DOMAIN": "sandbox-pgadmin.toncloud.observer",
build-and-push (telegram-bot)	Set up Docker Buildx	  "SANDBOX_PORT_CLIENT_WEB": "6007",
build-and-push (telegram-bot)	Set up Docker Buildx	  "SANDBOX_PORT_METABASE": "6009",
build-and-push (telegram-bot)	Set up Docker Buildx	  "SANDBOX_PORT_PGADMIN": "6006",
build-and-push (telegram-bot)	Set up Docker Buildx	  "SANDBOX_PORT_WEB_SITE": "6005",
build-and-push (telegram-bot)	Set up Docker Buildx	  "SANDBOX_POSTGRES_METABASE_DB": "sandbox-mini-app",
build-and-push (telegram-bot)	Set up Docker Buildx	  "SANDBOX_POSTGRES_MINI_APP_DB": "sandbox-mini-app",
build-and-push (telegram-bot)	Set up Docker Buildx	  "SANDBOX_POSTGRES_NFT_MANAGER_DB": "sandbox-nft-manager",
build-and-push (telegram-bot)	Set up Docker Buildx	  "SANDBOX_POSTGRES_PORT": "6008",
build-and-push (telegram-bot)	Set up Docker Buildx	  "SANDBOX_PTMA_API_BASE_URL": "https://sandbox-app.toncloud.observer/api/v1",
build-and-push (telegram-bot)	Set up Docker Buildx	  "SANDBOX_RABBITMQ_DOMAIN": "sandbox-rabbitmq.toncloud.observer",
build-and-push (telegram-bot)	Set up Docker Buildx	  "SANDBOX_RABBITMQ_MANAGEMENT_PORT": "6015",
build-and-push (telegram-bot)	Set up Docker Buildx	  "SANDBOX_RABBITMQ_NODE_PORT": "6016",
build-and-push (telegram-bot)	Set up Docker Buildx	  "SANDBOX_REDIS_DATABASES": "1",
build-and-push (telegram-bot)	Set up Docker Buildx	  "SANDBOX_REDIS_PORT": "6011",
build-and-push (telegram-bot)	Set up Docker Buildx	  "SANDBOX_REGISTRY_URL": "registry.toncloud.observer",
build-and-push (telegram-bot)	Set up Docker Buildx	  "SANDBOX_SOCKET_PORT": "60***",
build-and-push (telegram-bot)	Set up Docker Buildx	  "SANDBOX_STAGE_NAME": "sandbox-***",
build-and-push (telegram-bot)	Set up Docker Buildx	  "SANDBOX_SYS_CADDY_REPLICAS": "1",
build-and-push (telegram-bot)	Set up Docker Buildx	  "SANDBOX_SYS_MINI_APP_REPLICAS": "2",
build-and-push (telegram-bot)	Set up Docker Buildx	  "SANDBOX_SYS_PARTICIPANT_TMA_REPLICAS": "2",
build-and-push (telegram-bot)	Set up Docker Buildx	  "SANDBOX_SYS_WEB_SITE_REPLICAS": "1",
build-and-push (telegram-bot)	Set up Docker Buildx	  "SANDBOX_TELEGRAM_BOT_PORT": "6002",
build-and-push (telegram-bot)	Set up Docker Buildx	  "SANDBOX_TG_NOTIFICATION_CHANELL": "-1002164161685",
build-and-push (telegram-bot)	Set up Docker Buildx	  "SANDBOX_TON_CENTER_ENDPOINT": "https://toncenter.com/api/v2/jsonRPC",
build-and-push (telegram-bot)	Set up Docker Buildx	  "SANDBOX_TON_SOCIETY_BASE_URL": "https://society.ton.org/v1",
build-and-push (telegram-bot)	Set up Docker Buildx	  "SANDBOX_USE_CLOUDFLARE": "true",
build-and-push (telegram-bot)	Set up Docker Buildx	  "SANDBOX_USE_MAIN_IP_TO_EXPOSE": "true",
build-and-push (telegram-bot)	Set up Docker Buildx	  "STAGING_ACME_AGREE": "true",
build-and-push (telegram-bot)	Set up Docker Buildx	  "STAGING_BRANCH_NAME": "staging",
build-and-push (telegram-bot)	Set up Docker Buildx	  "STAGING_CACHE_ENABLED": "true",
build-and-push (telegram-bot)	Set up Docker Buildx	  "STAGING_CLAMAV_PORT": "***10",
build-and-push (telegram-bot)	Set up Docker Buildx	  "STAGING_CLIENT_API_FIXED_ORGANIZER": "@Ontonadmin",
build-and-push (telegram-bot)	Set up Docker Buildx	  "STAGING_CLIENT_API_FIXED_USER": "@Ontonadmin",
build-and-push (telegram-bot)	Set up Docker Buildx	  "STAGING_CLIENT_WEB_DOMAIN": "staging-client-web.toncloud.observer",
build-and-push (telegram-bot)	Set up Docker Buildx	  "STAGING_COMPOSE_PROJECT_NAME": "staging-***",
build-and-push (telegram-bot)	Set up Docker Buildx	  "STAGING_ENV": "staging",
build-and-push (telegram-bot)	Set up Docker Buildx	  "STAGING_EVENT_WALLET_ENC_KEY": "Ci5M6/B4Wke4qX6tXViVeW0xM0iH0yh/qvD3Y1xu2v8",
build-and-push (telegram-bot)	Set up Docker Buildx	  "STAGING_GITHUB_CLIENT_ID": "Ov23liQFN1rMeZicYHnL",
build-and-push (telegram-bot)	Set up Docker Buildx	  "STAGING_GITHUB_REPO": "***bot",
build-and-push (telegram-bot)	Set up Docker Buildx	  "STAGING_GOLANG_SERVER_PORT": "4013",
build-and-push (telegram-bot)	Set up Docker Buildx	  "STAGING_GOOGLE_CLIENT_ID": "174044865725-8urfv981fca74aj3bq2kqik7fbe2rggg.apps.googleusercontent.com",
build-and-push (telegram-bot)	Set up Docker Buildx	  "STAGING_IP_CADDY": "caddy",
build-and-push (telegram-bot)	Set up Docker Buildx	  "STAGING_IP_CLAMAV": "host.docker.internal",
build-and-push (telegram-bot)	Set up Docker Buildx	  "STAGING_IP_CLIENT_WEB": "client-web",
build-and-push (telegram-bot)	Set up Docker Buildx	  "STAGING_IP_GIVEAWAY_CHECKER": "giveaway-checker",
build-and-push (telegram-bot)	Set up Docker Buildx	  "STAGING_IP_GOLANG_SERVER": "golang-server",
build-and-push (telegram-bot)	Set up Docker Buildx	  "STAGING_IP_GOLANG_WORKER": "golang-worker",
build-and-push (telegram-bot)	Set up Docker Buildx	  "STAGING_IP_KIBANA": "kibana",
build-and-push (telegram-bot)	Set up Docker Buildx	  "STAGING_IP_METABASE": "metabase",
build-and-push (telegram-bot)	Set up Docker Buildx	  "STAGING_IP_MINIO": "minio",
build-and-push (telegram-bot)	Set up Docker Buildx	  "STAGING_IP_MINI_APP": "mini-app",
build-and-push (telegram-bot)	Set up Docker Buildx	  "STAGING_IP_MINI_APP_CRON": "mini-app-sbt-worker",
build-and-push (telegram-bot)	Set up Docker Buildx	  "STAGING_IP_NFT_MANAGER": "nft-manager",
build-and-push (telegram-bot)	Set up Docker Buildx	  "STAGING_IP_PARTICIPANT_TMA": "participant-tma",
build-and-push (telegram-bot)	Set up Docker Buildx	  "STAGING_IP_PGADMIN": "pgadmin",
build-and-push (telegram-bot)	Set up Docker Buildx	  "STAGING_IP_POA_WORKER": "mini-app-poa-worker",
build-and-push (telegram-bot)	Set up Docker Buildx	  "STAGING_IP_POSTGRES": "postgres",
build-and-push (telegram-bot)	Set up Docker Buildx	  "STAGING_IP_RABBITMQ": "rabbitmq",
build-and-push (telegram-bot)	Set up Docker Buildx	  "STAGING_IP_RANGE_BASE": "host.docker.internal",
build-and-push (telegram-bot)	Set up Docker Buildx	  "STAGING_IP_RANGE_START": "172.11",
build-and-push (telegram-bot)	Set up Docker Buildx	  "STAGING_IP_RANGE_SUBNET": "24",
build-and-push (telegram-bot)	Set up Docker Buildx	  "STAGING_IP_REDIS": "redis",
build-and-push (telegram-bot)	Set up Docker Buildx	  "STAGING_IP_SOCKET": "IP_SOCKET=mini-app-notification-socket",
build-and-push (telegram-bot)	Set up Docker Buildx	  "STAGING_IP_SWAGGER_UI": "swagger-ui",
build-and-push (telegram-bot)	Set up Docker Buildx	  "STAGING_IP_TELEGRAM_BOT": "telegram-bot",
build-and-push (telegram-bot)	Set up Docker Buildx	  "STAGING_IP_WEBSITE": "website",
build-and-push (telegram-bot)	Set up Docker Buildx	  "STAGING_JWT_SECRET_SOCKET": "JFDmdjeu__@HF_KKSEEWR_ERWER_FGDFG_ET%DG%34534aasd%_Rhueflihfsdlnf",
build-and-push (telegram-bot)	Set up Docker Buildx	  "STAGING_KIBANA_HASHED_PASSWORD": "$2a$14$6P83mnKs9BxP2qZDaMU.2OzBHY3SG0nnaVXJ8nKluEWEWD5RMmN/W",
build-and-push (telegram-bot)	Set up Docker Buildx	  "STAGING_KIBANA_PORT": "4023",
build-and-push (telegram-bot)	Set up Docker Buildx	  "STAGING_KIBANA_USERNAME": "monitor",
build-and-push (telegram-bot)	Set up Docker Buildx	  "STAGING_LINKEDIN_CLIENT_ID": "77osbnm9chxr4c",
build-and-push (telegram-bot)	Set up Docker Buildx	  "STAGING_LOCAL_DOMAIN": "staging-app.toncloud.observer",
build-and-push (telegram-bot)	Set up Docker Buildx	  "STAGING_MB_REDIRECT_ALL_REQUESTS_TO_HTTPS": "true",
build-and-push (telegram-bot)	Set up Docker Buildx	  "STAGING_METABASE_DOMAIN": "staging-metabase.toncloud.observer",
build-and-push (telegram-bot)	Set up Docker Buildx	  "STAGING_MINIO_COLLECTION_BUCKET": "***collection",
build-and-push (telegram-bot)	Set up Docker Buildx	  "STAGING_MINIO_DASHBOARD_PORT": "4014",
build-and-push (telegram-bot)	Set up Docker Buildx	  "STAGING_MINIO_DOC_BUCKET": "***doc",
build-and-push (telegram-bot)	Set up Docker Buildx	  "STAGING_MINIO_DOC_DEFAULT_BUCKET": "***",
build-and-push (telegram-bot)	Set up Docker Buildx	  "STAGING_MINIO_ENDPOINT": "minio",
build-and-push (telegram-bot)	Set up Docker Buildx	  "STAGING_MINIO_IMAGE_BUCKET": "***image",
build-and-push (telegram-bot)	Set up Docker Buildx	  "STAGING_MINIO_ITEM_BUCKET": "***item",
build-and-push (telegram-bot)	Set up Docker Buildx	  "STAGING_MINIO_PORT": "4012",
build-and-push (telegram-bot)	Set up Docker Buildx	  "STAGING_MINIO_PUBLIC_URL": "https://staging-storage.toncloud.observer",
build-and-push (telegram-bot)	Set up Docker Buildx	  "STAGING_MINIO_REGION_NAME": "default",
build-and-push (telegram-bot)	Set up Docker Buildx	  "STAGING_MINIO_SBT_COLLECTIONS_BUCKET": "sbt-collections",
build-and-push (telegram-bot)	Set up Docker Buildx	  "STAGING_MINIO_STORAGE_ADMIN_DOMAIN": "staging-storage-admin.toncloud.observer",
build-and-push (telegram-bot)	Set up Docker Buildx	  "STAGING_MINIO_STORAGE_DOMAIN": "staging-storage.toncloud.observer",
build-and-push (telegram-bot)	Set up Docker Buildx	  "STAGING_MINIO_VIDEO_BUCKET": "***video",
build-and-push (telegram-bot)	Set up Docker Buildx	  "STAGING_MINI_APP_DOMAIN": "staging-app.toncloud.observer",
build-and-push (telegram-bot)	Set up Docker Buildx	  "STAGING_MINI_APP_PORT": "4000",
build-and-push (telegram-bot)	Set up Docker Buildx	  "STAGING_MINI_APP_SOCKET_DOMAIN": "staging-socket.toncloud.observer",
build-and-push (telegram-bot)	Set up Docker Buildx	  "STAGING_MONITORING_DOMAIN": "staging-monitoring.toncloud.observer",
build-and-push (telegram-bot)	Set up Docker Buildx	  "STAGING_MS_CLIENT_ID": "916e0c9f-17bc-45c2-9cbc-025c48a0d449",
build-and-push (telegram-bot)	Set up Docker Buildx	  "STAGING_NETWORK_NAME": "***-staging",
build-and-push (telegram-bot)	Set up Docker Buildx	  "STAGING_NETWORK_PUBLIC_IP": "***",
build-and-push (telegram-bot)	Set up Docker Buildx	  "STAGING_NEXT_PUBLIC_API_BASE_URL": "https://staging-app.toncloud.observer/api/v1",
build-and-push (telegram-bot)	Set up Docker Buildx	  "STAGING_NEXT_PUBLIC_APP_BASE_URL": "https://staging-app.toncloud.observer",
build-and-push (telegram-bot)	Set up Docker Buildx	  "STAGING_NEXT_PUBLIC_BACKEND_URL_CLIENT": "https://staging-app.toncloud.observer/api/client/v1/",
build-and-push (telegram-bot)	Set up Docker Buildx	  "STAGING_NEXT_PUBLIC_BOT_USERNAME": "notnonstagebot",
build-and-push (telegram-bot)	Set up Docker Buildx	  "STAGING_NEXT_PUBLIC_ENV": "staging",
build-and-push (telegram-bot)	Set up Docker Buildx	  "STAGING_NEXT_PUBLIC_GTM": "GTM-staging",
build-and-push (telegram-bot)	Set up Docker Buildx	  "STAGING_NEXT_PUBLIC_SOCKET_URL": "staging-socket.toncloud.observer",
build-and-push (telegram-bot)	Set up Docker Buildx	  "STAGING_NEXT_PUBLIC_TRPC_BASE_URL": "https://staging-app.toncloud.observer",
build-and-push (telegram-bot)	Set up Docker Buildx	  "STAGING_NFT_INTERVAL_TIME": "60000",
build-and-push (telegram-bot)	Set up Docker Buildx	  "STAGING_NFT_MANAGER_PORT": "4004",
build-and-push (telegram-bot)	Set up Docker Buildx	  "STAGING_NODE_ENV": "production",
build-and-push (telegram-bot)	Set up Docker Buildx	  "STAGING_NODE_TLS_REJECT_UNAUTHORIZED": "0",
build-and-push (telegram-bot)	Set up Docker Buildx	  "STAGING_ONTON_DOMAIN": "staging.toncloud.observer",
build-and-push (telegram-bot)	Set up Docker Buildx	  "STAGING_PARTICIPANT_TMA_PORT": "4001",
build-and-push (telegram-bot)	Set up Docker Buildx	  "STAGING_PGADMIN_DOMAIN": "staging-pgadmin.toncloud.observer",
build-and-push (telegram-bot)	Set up Docker Buildx	  "STAGING_PORT_CLIENT_WEB": "4007",
build-and-push (telegram-bot)	Set up Docker Buildx	  "STAGING_PORT_METABASE": "4009",
build-and-push (telegram-bot)	Set up Docker Buildx	  "STAGING_PORT_PGADMIN": "4006",
build-and-push (telegram-bot)	Set up Docker Buildx	  "STAGING_PORT_WEB_SITE": "4005",
build-and-push (telegram-bot)	Set up Docker Buildx	  "STAGING_POSTGRES_METABASE_DB": "staging-mini-app",
build-and-push (telegram-bot)	Set up Docker Buildx	  "STAGING_POSTGRES_MINI_APP_DB": "staging-mini-app",
build-and-push (telegram-bot)	Set up Docker Buildx	  "STAGING_POSTGRES_NFT_MANAGER_DB": "staging-nft-manager",
build-and-push (telegram-bot)	Set up Docker Buildx	  "STAGING_POSTGRES_PORT": "4008",
build-and-push (telegram-bot)	Set up Docker Buildx	  "STAGING_PTMA_API_BASE_URL": "https://staging-app.toncloud.observer/api/v1",
build-and-push (telegram-bot)	Set up Docker Buildx	  "STAGING_RABBITMQ_DOMAIN": "staging-rabbitmq.toncloud.observer",
build-and-push (telegram-bot)	Set up Docker Buildx	  "STAGING_RABBITMQ_MANAGEMENT_PORT": "4015",
build-and-push (telegram-bot)	Set up Docker Buildx	  "STAGING_RABBITMQ_NODE_PORT": "4016",
build-and-push (telegram-bot)	Set up Docker Buildx	  "STAGING_REDIS_DATABASES": "1",
build-and-push (telegram-bot)	Set up Docker Buildx	  "STAGING_REDIS_PORT": "4011",
build-and-push (telegram-bot)	Set up Docker Buildx	  "STAGING_REGISTRY_URL": "registry.toncloud.observer",
build-and-push (telegram-bot)	Set up Docker Buildx	  "STAGING_SOCKET_PORT": "40***",
build-and-push (telegram-bot)	Set up Docker Buildx	  "STAGING_STAGE_NAME": "staging-***",
build-and-push (telegram-bot)	Set up Docker Buildx	  "STAGING_SWAGGER_UI_DOMAIN": "staging-swagger-ui.toncloud.observer",
build-and-push (telegram-bot)	Set up Docker Buildx	  "STAGING_SWAGGER_UI_PORT": "4024",
build-and-push (telegram-bot)	Set up Docker Buildx	  "STAGING_SYS_CADDY_REPLICAS": "1",
build-and-push (telegram-bot)	Set up Docker Buildx	  "STAGING_SYS_MINI_APP_REPLICAS": "2",
build-and-push (telegram-bot)	Set up Docker Buildx	  "STAGING_SYS_PARTICIPANT_TMA_REPLICAS": "2",
build-and-push (telegram-bot)	Set up Docker Buildx	  "STAGING_SYS_WEB_SITE_REPLICAS": "1",
build-and-push (telegram-bot)	Set up Docker Buildx	  "STAGING_TELEGRAM_BOT_PORT": "4002",
build-and-push (telegram-bot)	Set up Docker Buildx	  "STAGING_TG_EVENTS_TOPIC": "2",
build-and-push (telegram-bot)	Set up Docker Buildx	  "STAGING_TG_LOGS_GROUP_ID": "-100***64975789",
build-and-push (telegram-bot)	Set up Docker Buildx	  "STAGING_TG_LOG_BOT_TOKEN": "7604730825:AAE1WJHs5lFI2zX_tba6M-1HYfffA8ugFmA",
build-and-push (telegram-bot)	Set up Docker Buildx	  "STAGING_TG_NOTIFICATION_CHANELL": "-1002164161685",
build-and-push (telegram-bot)	Set up Docker Buildx	  "STAGING_TG_SYSTEM_TOPIC": "16",
build-and-push (telegram-bot)	Set up Docker Buildx	  "STAGING_TG_TICKETS_TOPIC": "4",
build-and-push (telegram-bot)	Set up Docker Buildx	  "STAGING_TON_CENTER_ENDPOINT": "https://toncenter.com/api/v2/jsonRPC",
build-and-push (telegram-bot)	Set up Docker Buildx	  "STAGING_TON_SOCIETY_BASE_URL": "https://id.ton.org/v1",
build-and-push (telegram-bot)	Set up Docker Buildx	  "STAGING_TWITTER_CLIENT_ID": "SU1RUS0xaHNsRk5kd014UlZieDQ6MTpjaQ",
build-and-push (telegram-bot)	Set up Docker Buildx	  "STAGING_USE_CLOUDFLARE": "true",
build-and-push (telegram-bot)	Set up Docker Buildx	  "STAGING_USE_MAIN_IP_TO_EXPOSE": "true",
build-and-push (telegram-bot)	Set up Docker Buildx	  "TELEGRAM_BOT_TOKEN_FOR_DEPLOYMENT": "7604730825:AAHhtwa4bGhELsBn2VqUxIIFXVJkRJfKuDs",
build-and-push (telegram-bot)	Set up Docker Buildx	  "TELEGRAM_CHAT_ID_FOR_DEPLOYMENT": "***"
build-and-push (telegram-bot)	Set up Docker Buildx	}
build-and-push (telegram-bot)	Set up Docker Buildx	2026-02-09T12:09:28.0946885Z ##[endgroup]
build-and-push (telegram-bot)	Set up Docker Buildx	2026-02-09T12:09:28.3393868Z ##[group]Docker info
build-and-push (telegram-bot)	Set up Docker Buildx	2026-02-09T12:09:28.3417809Z [command]/usr/bin/docker version
build-and-push (telegram-bot)	Set up Docker Buildx	2026-02-09T12:09:28.4444009Z Client: Docker Engine - Community
build-and-push (telegram-bot)	Set up Docker Buildx	2026-02-09T12:09:28.4447512Z  Version:           28.0.4
build-and-push (telegram-bot)	Set up Docker Buildx	2026-02-09T12:09:28.4448387Z  API version:       1.48
build-and-push (telegram-bot)	Set up Docker Buildx	2026-02-09T12:09:28.4449218Z  Go version:        go1.23.7
build-and-push (telegram-bot)	Set up Docker Buildx	2026-02-09T12:09:28.4450004Z  Git commit:        b8034c0
build-and-push (telegram-bot)	Set up Docker Buildx	2026-02-09T12:09:28.4450815Z  Built:             Tue Mar 25 15:07:16 2025
build-and-push (telegram-bot)	Set up Docker Buildx	2026-02-09T12:09:28.4451692Z  OS/Arch:           linux/amd64
build-and-push (telegram-bot)	Set up Docker Buildx	2026-02-09T12:09:28.4452803Z  Context:           default
build-and-push (telegram-bot)	Set up Docker Buildx	2026-02-09T12:09:28.4453268Z 
build-and-push (telegram-bot)	Set up Docker Buildx	2026-02-09T12:09:28.4453632Z Server: Docker Engine - Community
build-and-push (telegram-bot)	Set up Docker Buildx	2026-02-09T12:09:28.4454589Z  Engine:
build-and-push (telegram-bot)	Set up Docker Buildx	2026-02-09T12:09:28.4455482Z   Version:          28.0.4
build-and-push (telegram-bot)	Set up Docker Buildx	2026-02-09T12:09:28.4456145Z   API version:      1.48 (minimum version 1.24)
build-and-push (telegram-bot)	Set up Docker Buildx	2026-02-09T12:09:28.4456758Z   Go version:       go1.23.7
build-and-push (telegram-bot)	Set up Docker Buildx	2026-02-09T12:09:28.4457256Z   Git commit:       6430e49
build-and-push (telegram-bot)	Set up Docker Buildx	2026-02-09T12:09:28.4457758Z   Built:            Tue Mar 25 15:07:16 2025
build-and-push (telegram-bot)	Set up Docker Buildx	2026-02-09T12:09:28.4458282Z   OS/Arch:          linux/amd64
build-and-push (telegram-bot)	Set up Docker Buildx	2026-02-09T12:09:28.4458838Z   Experimental:     ***
build-and-push (telegram-bot)	Set up Docker Buildx	2026-02-09T12:09:28.4459322Z  containerd:
build-and-push (telegram-bot)	Set up Docker Buildx	2026-02-09T12:09:28.4459779Z   Version:          v2.2.1
build-and-push (telegram-bot)	Set up Docker Buildx	2026-02-09T12:09:28.4460335Z   GitCommit:        dea7da592f5d1d2b7755e3a161be07f43fad8f75
build-and-push (telegram-bot)	Set up Docker Buildx	2026-02-09T12:09:28.4460880Z  runc:
build-and-push (telegram-bot)	Set up Docker Buildx	2026-02-09T12:09:28.4461299Z   Version:          1.3.4
build-and-push (telegram-bot)	Set up Docker Buildx	2026-02-09T12:09:28.4461785Z   GitCommit:        v1.3.4-0-gd6d73eb8
build-and-push (telegram-bot)	Set up Docker Buildx	2026-02-09T12:09:28.4462283Z  docker-init:
build-and-push (telegram-bot)	Set up Docker Buildx	2026-02-09T12:09:28.4462737Z   Version:          0.19.0
build-and-push (telegram-bot)	Set up Docker Buildx	2026-02-09T12:09:28.4463208Z   GitCommit:        de40ad0
build-and-push (telegram-bot)	Set up Docker Buildx	2026-02-09T12:09:28.4513222Z [command]/usr/bin/docker info
build-and-push (telegram-bot)	Set up Docker Buildx	2026-02-09T12:09:28.7577682Z Client: Docker Engine - Community
build-and-push (telegram-bot)	Set up Docker Buildx	2026-02-09T12:09:28.7578688Z  Version:    28.0.4
build-and-push (telegram-bot)	Set up Docker Buildx	2026-02-09T12:09:28.7579453Z  Context:    default
build-and-push (telegram-bot)	Set up Docker Buildx	2026-02-09T12:09:28.7580252Z  Debug Mode: ***
build-and-push (telegram-bot)	Set up Docker Buildx	2026-02-09T12:09:28.7580965Z  Plugins:
build-and-push (telegram-bot)	Set up Docker Buildx	2026-02-09T12:09:28.7581697Z   buildx: Docker Buildx (Docker Inc.)
build-and-push (telegram-bot)	Set up Docker Buildx	2026-02-09T12:09:28.7582260Z     Version:  v0.31.1
build-and-push (telegram-bot)	Set up Docker Buildx	2026-02-09T12:09:28.7582827Z     Path:     /usr/libexec/docker/cli-plugins/docker-buildx
build-and-push (telegram-bot)	Set up Docker Buildx	2026-02-09T12:09:28.7583453Z   compose: Docker Compose (Docker Inc.)
build-and-push (telegram-bot)	Set up Docker Buildx	2026-02-09T12:09:28.7583979Z     Version:  v2.38.2
build-and-push (telegram-bot)	Set up Docker Buildx	2026-02-09T12:09:28.7584529Z     Path:     /usr/libexec/docker/cli-plugins/docker-compose
build-and-push (telegram-bot)	Set up Docker Buildx	2026-02-09T12:09:28.7584919Z 
build-and-push (telegram-bot)	Set up Docker Buildx	2026-02-09T12:09:28.7585321Z Server:
build-and-push (telegram-bot)	Set up Docker Buildx	2026-02-09T12:09:28.7585750Z  Containers: 0
build-and-push (telegram-bot)	Set up Docker Buildx	2026-02-09T12:09:28.7586199Z   Running: 0
build-and-push (telegram-bot)	Set up Docker Buildx	2026-02-09T12:09:28.7586630Z   Paused: 0
build-and-push (telegram-bot)	Set up Docker Buildx	2026-02-09T12:09:28.7587075Z   Stopped: 0
build-and-push (telegram-bot)	Set up Docker Buildx	2026-02-09T12:09:28.7587488Z  Images: 1
build-and-push (telegram-bot)	Set up Docker Buildx	2026-02-09T12:09:28.7587911Z  Server Version: 28.0.4
build-and-push (telegram-bot)	Set up Docker Buildx	2026-02-09T12:09:28.7588402Z  Storage Driver: overlay2
build-and-push (telegram-bot)	Set up Docker Buildx	2026-02-09T12:09:28.7588882Z   Backing Filesystem: extfs
build-and-push (telegram-bot)	Set up Docker Buildx	2026-02-09T12:09:28.7589365Z   Supports d_type: true
build-and-push (telegram-bot)	Set up Docker Buildx	2026-02-09T12:09:28.7590114Z   Using metacopy: ***
build-and-push (telegram-bot)	Set up Docker Buildx	2026-02-09T12:09:28.7590619Z   Native Overlay Diff: ***
build-and-push (telegram-bot)	Set up Docker Buildx	2026-02-09T12:09:28.7591100Z   userxattr: ***
build-and-push (telegram-bot)	Set up Docker Buildx	2026-02-09T12:09:28.7591559Z  Logging Driver: json-file
build-and-push (telegram-bot)	Set up Docker Buildx	2026-02-09T12:09:28.7592038Z  Cgroup Driver: systemd
build-and-push (telegram-bot)	Set up Docker Buildx	2026-02-09T12:09:28.7592496Z  Cgroup Version: 2
build-and-push (telegram-bot)	Set up Docker Buildx	2026-02-09T12:09:28.7592931Z  Plugins:
build-and-push (telegram-bot)	Set up Docker Buildx	2026-02-09T12:09:28.7593348Z   Volume: local
build-and-push (telegram-bot)	Set up Docker Buildx	2026-02-09T12:09:28.7593838Z   Network: bridge host ipvlan macvlan null overlay
build-and-push (telegram-bot)	Set up Docker Buildx	2026-02-09T12:09:28.7594730Z   Log: awslogs fluentd gcplogs gelf journald json-file local splunk syslog
build-and-push (telegram-bot)	Set up Docker Buildx	2026-02-09T12:09:28.7595879Z  Swarm: inactive
build-and-push (telegram-bot)	Set up Docker Buildx	2026-02-09T12:09:28.7596373Z  Runtimes: io.containerd.runc.v2 runc
build-and-push (telegram-bot)	Set up Docker Buildx	2026-02-09T12:09:28.7596895Z  Default Runtime: runc
build-and-push (telegram-bot)	Set up Docker Buildx	2026-02-09T12:09:28.7597375Z  Init Binary: docker-init
build-and-push (telegram-bot)	Set up Docker Buildx	2026-02-09T12:09:28.7597937Z  containerd version: dea7da592f5d1d2b7755e3a161be07f43fad8f75
build-and-push (telegram-bot)	Set up Docker Buildx	2026-02-09T12:09:28.7598544Z  runc version: v1.3.4-0-gd6d73eb8
build-and-push (telegram-bot)	Set up Docker Buildx	2026-02-09T12:09:28.7599044Z  init version: de40ad0
build-and-push (telegram-bot)	Set up Docker Buildx	2026-02-09T12:09:28.7599502Z  Security Options:
build-and-push (telegram-bot)	Set up Docker Buildx	2026-02-09T12:09:28.7599929Z   apparmor
build-and-push (telegram-bot)	Set up Docker Buildx	2026-02-09T12:09:28.7600366Z   seccomp
build-and-push (telegram-bot)	Set up Docker Buildx	2026-02-09T12:09:28.7600962Z    Profile: builtin
build-and-push (telegram-bot)	Set up Docker Buildx	2026-02-09T12:09:28.7601534Z   cgroupns
build-and-push (telegram-bot)	Set up Docker Buildx	2026-02-09T12:09:28.7601990Z  Kernel Version: 6.11.0-1018-azure
build-and-push (telegram-bot)	Set up Docker Buildx	2026-02-09T12:09:28.7602667Z  Operating System: Ubuntu 24.04.3 LTS
build-and-push (telegram-bot)	Set up Docker Buildx	2026-02-09T12:09:28.7603182Z  OSType: linux
build-and-push (telegram-bot)	Set up Docker Buildx	2026-02-09T12:09:28.7603631Z  Architecture: x86_64
build-and-push (telegram-bot)	Set up Docker Buildx	2026-02-09T12:09:28.7604209Z  CPUs: 4
build-and-push (telegram-bot)	Set up Docker Buildx	2026-02-09T12:09:28.7604753Z  Total Memory: 15.62GiB
build-and-push (telegram-bot)	Set up Docker Buildx	2026-02-09T12:09:28.7605623Z  Name: runnervmwffz4
build-and-push (telegram-bot)	Set up Docker Buildx	2026-02-09T12:09:28.7606151Z  ID: 073c65d4-c458-42c9-935a-939d0489da0a
build-and-push (telegram-bot)	Set up Docker Buildx	2026-02-09T12:09:28.7606819Z  Docker Root Dir: /var/lib/docker
build-and-push (telegram-bot)	Set up Docker Buildx	2026-02-09T12:09:28.7607360Z  Debug Mode: ***
build-and-push (telegram-bot)	Set up Docker Buildx	2026-02-09T12:09:28.7608106Z  Username: githubactions
build-and-push (telegram-bot)	Set up Docker Buildx	2026-02-09T12:09:28.7608749Z  Experimental: ***
build-and-push (telegram-bot)	Set up Docker Buildx	2026-02-09T12:09:28.7609381Z  Insecure Registries:
build-and-push (telegram-bot)	Set up Docker Buildx	2026-02-09T12:09:28.7615393Z   ::1/128
build-and-push (telegram-bot)	Set up Docker Buildx	2026-02-09T12:09:28.7616111Z   127.0.0.0/8
build-and-push (telegram-bot)	Set up Docker Buildx	2026-02-09T12:09:28.7616772Z  Live Restore Enabled: ***
build-and-push (telegram-bot)	Set up Docker Buildx	2026-02-09T12:09:28.7617078Z 
build-and-push (telegram-bot)	Set up Docker Buildx	2026-02-09T12:09:28.7617848Z ##[endgroup]
build-and-push (telegram-bot)	Set up Docker Buildx	2026-02-09T12:09:28.8381599Z ##[group]Buildx version
build-and-push (telegram-bot)	Set up Docker Buildx	2026-02-09T12:09:28.8406851Z [command]/usr/bin/docker buildx version
build-and-push (telegram-bot)	Set up Docker Buildx	2026-02-09T12:09:28.9013568Z github.com/docker/buildx v0.31.1 a2675950d46b2cb171b23c2015ca44fb88607531
build-and-push (telegram-bot)	Set up Docker Buildx	2026-02-09T12:09:28.9050935Z ##[endgroup]
build-and-push (telegram-bot)	Set up Docker Buildx	2026-02-09T12:09:28.9205746Z ##[group]Inspecting default docker context
build-and-push (telegram-bot)	Set up Docker Buildx	2026-02-09T12:09:28.9348478Z [
build-and-push (telegram-bot)	Set up Docker Buildx	2026-02-09T12:09:28.9349003Z   {
build-and-push (telegram-bot)	Set up Docker Buildx	2026-02-09T12:09:28.9349449Z     "Name": "default",
build-and-push (telegram-bot)	Set up Docker Buildx	2026-02-09T12:09:28.9349947Z     "Metadata": {},
build-and-push (telegram-bot)	Set up Docker Buildx	2026-02-09T12:09:28.9350408Z     "Endpoints": {
build-and-push (telegram-bot)	Set up Docker Buildx	2026-02-09T12:09:28.9350886Z       "docker": {
build-and-push (telegram-bot)	Set up Docker Buildx	2026-02-09T12:09:28.9351364Z         "Host": "unix:///var/run/docker.sock",
build-and-push (telegram-bot)	Set up Docker Buildx	2026-02-09T12:09:28.9352001Z         "SkipTLSVerify": ***
build-and-push (telegram-bot)	Set up Docker Buildx	2026-02-09T12:09:28.9352463Z       }
build-and-push (telegram-bot)	Set up Docker Buildx	2026-02-09T12:09:28.9352868Z     },
build-and-push (telegram-bot)	Set up Docker Buildx	2026-02-09T12:09:28.9353430Z     "TLSMaterial": {},
build-and-push (telegram-bot)	Set up Docker Buildx	2026-02-09T12:09:28.9353903Z     "Storage": {
build-and-push (telegram-bot)	Set up Docker Buildx	2026-02-09T12:09:28.9354489Z       "MetadataPath": "<IN MEMORY>",
build-and-push (telegram-bot)	Set up Docker Buildx	2026-02-09T12:09:28.9355302Z       "TLSPath": "<IN MEMORY>"
build-and-push (telegram-bot)	Set up Docker Buildx	2026-02-09T12:09:28.9355863Z     }
build-and-push (telegram-bot)	Set up Docker Buildx	2026-02-09T12:09:28.9356336Z   }
build-and-push (telegram-bot)	Set up Docker Buildx	2026-02-09T12:09:28.9356835Z ]
build-and-push (telegram-bot)	Set up Docker Buildx	2026-02-09T12:09:28.9357826Z ##[endgroup]
build-and-push (telegram-bot)	Set up Docker Buildx	2026-02-09T12:09:28.9358704Z ##[group]Creating a new builder instance
build-and-push (telegram-bot)	Set up Docker Buildx	2026-02-09T12:09:29.0187396Z [command]/usr/bin/docker buildx create --name builder-2c512ddd-5f59-424a-9f77-7fe0186f2d5b --driver docker-container --buildkitd-flags --allow-insecure-entitlement security.insecure --allow-insecure-entitlement network.host --use
build-and-push (telegram-bot)	Set up Docker Buildx	2026-02-09T12:09:29.0994818Z builder-2c512ddd-5f59-424a-9f77-7fe0186f2d5b
build-and-push (telegram-bot)	Set up Docker Buildx	2026-02-09T12:09:29.1035443Z ##[endgroup]
build-and-push (telegram-bot)	Set up Docker Buildx	2026-02-09T12:09:29.1036764Z ##[group]Booting builder
build-and-push (telegram-bot)	Set up Docker Buildx	2026-02-09T12:09:29.1087491Z [command]/usr/bin/docker buildx inspect --bootstrap --builder builder-2c512ddd-5f59-424a-9f77-7fe0186f2d5b
build-and-push (telegram-bot)	Set up Docker Buildx	2026-02-09T12:09:29.1696111Z #1 [internal] booting buildkit
build-and-push (telegram-bot)	Set up Docker Buildx	2026-02-09T12:09:29.3205781Z #1 pulling image moby/buildkit:buildx-stable-1
build-and-push (telegram-bot)	Set up Docker Buildx	2026-02-09T12:09:32.3297778Z #1 pulling image moby/buildkit:buildx-stable-1 3.2s done
build-and-push (telegram-bot)	Set up Docker Buildx	2026-02-09T12:09:32.4806442Z #1 creating container buildx_buildkit_builder-2c512ddd-5f59-424a-9f77-7fe0186f2d5b0
build-and-push (telegram-bot)	Set up Docker Buildx	2026-02-09T12:09:32.7182119Z #1 creating container buildx_buildkit_builder-2c512ddd-5f59-424a-9f77-7fe0186f2d5b0 0.4s done
build-and-push (telegram-bot)	Set up Docker Buildx	2026-02-09T12:09:32.7208601Z #1 DONE 3.5s
build-and-push (telegram-bot)	Set up Docker Buildx	2026-02-09T12:09:32.7498984Z Name:          builder-2c512ddd-5f59-424a-9f77-7fe0186f2d5b
build-and-push (telegram-bot)	Set up Docker Buildx	2026-02-09T12:09:32.7500600Z Driver:        docker-container
build-and-push (telegram-bot)	Set up Docker Buildx	2026-02-09T12:09:32.7501519Z Last Activity: 2026-02-09 12:09:29 +0000 UTC
build-and-push (telegram-bot)	Set up Docker Buildx	2026-02-09T12:09:32.7502077Z 
build-and-push (telegram-bot)	Set up Docker Buildx	2026-02-09T12:09:32.7502377Z Nodes:
build-and-push (telegram-bot)	Set up Docker Buildx	2026-02-09T12:09:32.7503239Z Name:                  builder-2c512ddd-5f59-424a-9f77-7fe0186f2d5b0
build-and-push (telegram-bot)	Set up Docker Buildx	2026-02-09T12:09:32.7504334Z Endpoint:              unix:///var/run/docker.sock
build-and-push (telegram-bot)	Set up Docker Buildx	2026-02-09T12:09:32.7505447Z Status:                running
build-and-push (telegram-bot)	Set up Docker Buildx	2026-02-09T12:09:32.7506778Z BuildKit daemon flags: --allow-insecure-entitlement security.insecure --allow-insecure-entitlement network.host
build-and-push (telegram-bot)	Set up Docker Buildx	2026-02-09T12:09:32.7507715Z BuildKit version:      v0.27.1
build-and-push (telegram-bot)	Set up Docker Buildx	2026-02-09T12:09:32.7508356Z Platforms:             linux/amd64, linux/amd64/v2, linux/amd64/v3, linux/386
build-and-push (telegram-bot)	Set up Docker Buildx	2026-02-09T12:09:32.7508952Z Labels:
build-and-push (telegram-bot)	Set up Docker Buildx	2026-02-09T12:09:32.7509459Z  org.mobyproject.buildkit.worker.executor:         oci
build-and-push (telegram-bot)	Set up Docker Buildx	2026-02-09T12:09:32.7510132Z  org.mobyproject.buildkit.worker.hostname:         bf10a9c1fbc2
build-and-push (telegram-bot)	Set up Docker Buildx	2026-02-09T12:09:32.7510810Z  org.mobyproject.buildkit.worker.network:          host
build-and-push (telegram-bot)	Set up Docker Buildx	2026-02-09T12:09:32.7511464Z  org.mobyproject.buildkit.worker.oci.process-mode: sandbox
build-and-push (telegram-bot)	Set up Docker Buildx	2026-02-09T12:09:32.7512186Z  org.mobyproject.buildkit.worker.selinux.enabled:  ***
build-and-push (telegram-bot)	Set up Docker Buildx	2026-02-09T12:09:32.7512855Z  org.mobyproject.buildkit.worker.snapshotter:      overlayfs
build-and-push (telegram-bot)	Set up Docker Buildx	2026-02-09T12:09:32.7513436Z GC Policy rule#0:
build-and-push (telegram-bot)	Set up Docker Buildx	2026-02-09T12:09:32.7514193Z  All:            ***
build-and-push (telegram-bot)	Set up Docker Buildx	2026-02-09T12:09:32.7514846Z  Filters:        type==source.local,type==exec.cachemount,type==source.git.checkout
build-and-push (telegram-bot)	Set up Docker Buildx	2026-02-09T12:09:32.7515920Z  Keep Duration:  48h0m0s
build-and-push (telegram-bot)	Set up Docker Buildx	2026-02-09T12:09:32.7516394Z  Max Used Space: 488.3MiB
build-and-push (telegram-bot)	Set up Docker Buildx	2026-02-09T12:09:32.7516846Z GC Policy rule#1:
build-and-push (telegram-bot)	Set up Docker Buildx	2026-02-09T12:09:32.7517295Z  All:            ***
build-and-push (telegram-bot)	Set up Docker Buildx	2026-02-09T12:09:32.7517775Z  Keep Duration:  1440h0m0s
build-and-push (telegram-bot)	Set up Docker Buildx	2026-02-09T12:09:32.7518283Z  Reserved Space: 7.451GiB
build-and-push (telegram-bot)	Set up Docker Buildx	2026-02-09T12:09:32.7518746Z  Max Used Space: 54.02GiB
build-and-push (telegram-bot)	Set up Docker Buildx	2026-02-09T12:09:32.7519212Z  Min Free Space: 13.97GiB
build-and-push (telegram-bot)	Set up Docker Buildx	2026-02-09T12:09:32.7519769Z GC Policy rule#2:
build-and-push (telegram-bot)	Set up Docker Buildx	2026-02-09T12:09:32.7520622Z  All:            ***
build-and-push (telegram-bot)	Set up Docker Buildx	2026-02-09T12:09:32.7521374Z  Reserved Space: 7.451GiB
build-and-push (telegram-bot)	Set up Docker Buildx	2026-02-09T12:09:32.7522157Z  Max Used Space: 54.02GiB
build-and-push (telegram-bot)	Set up Docker Buildx	2026-02-09T12:09:32.7522903Z  Min Free Space: 13.97GiB
build-and-push (telegram-bot)	Set up Docker Buildx	2026-02-09T12:09:32.7543842Z GC Policy rule#3:
build-and-push (telegram-bot)	Set up Docker Buildx	2026-02-09T12:09:32.7544614Z  All:            true
build-and-push (telegram-bot)	Set up Docker Buildx	2026-02-09T12:09:32.7545543Z  Reserved Space: 7.451GiB
build-and-push (telegram-bot)	Set up Docker Buildx	2026-02-09T12:09:32.7546320Z  Max Used Space: 54.02GiB
build-and-push (telegram-bot)	Set up Docker Buildx	2026-02-09T12:09:32.7547078Z  Min Free Space: 13.97GiB
build-and-push (telegram-bot)	Set up Docker Buildx	2026-02-09T12:09:32.7561240Z ##[endgroup]
build-and-push (telegram-bot)	Set up Docker Buildx	2026-02-09T12:09:32.8736732Z ##[group]Inspect builder
build-and-push (telegram-bot)	Set up Docker Buildx	2026-02-09T12:09:32.8738393Z {
build-and-push (telegram-bot)	Set up Docker Buildx	2026-02-09T12:09:32.8739072Z   "nodes": [
build-and-push (telegram-bot)	Set up Docker Buildx	2026-02-09T12:09:32.8739753Z     {
build-and-push (telegram-bot)	Set up Docker Buildx	2026-02-09T12:09:32.8740586Z       "name": "builder-2c512ddd-5f59-424a-9f77-7fe0186f2d5b0",
build-and-push (telegram-bot)	Set up Docker Buildx	2026-02-09T12:09:32.8741636Z       "endpoint": "unix:///var/run/docker.sock",
build-and-push (telegram-bot)	Set up Docker Buildx	2026-02-09T12:09:32.8742445Z       "status": "running",
build-and-push (telegram-bot)	Set up Docker Buildx	2026-02-09T12:09:32.8743233Z       "buildkitd-flags": "--allow-insecure-entitlement security.insecure --allow-insecure-entitlement network.host",
build-and-push (telegram-bot)	Set up Docker Buildx	2026-02-09T12:09:32.8744452Z       "buildkit": "v0.27.1",
build-and-push (telegram-bot)	Set up Docker Buildx	2026-02-09T12:09:32.8745453Z       "platforms": "linux/amd64,linux/amd64/v2,linux/amd64/v3,linux/386",
build-and-push (telegram-bot)	Set up Docker Buildx	2026-02-09T12:09:32.8746283Z       "features": {
build-and-push (telegram-bot)	Set up Docker Buildx	2026-02-09T12:09:32.8746861Z         "Automatically load images to the Docker Engine image store": true,
build-and-push (telegram-bot)	Set up Docker Buildx	2026-02-09T12:09:32.8747945Z         "Cache export": true,
build-and-push (telegram-bot)	Set up Docker Buildx	2026-02-09T12:09:32.8748446Z         "Direct push": true,
build-and-push (telegram-bot)	Set up Docker Buildx	2026-02-09T12:09:32.8748936Z         "Docker exporter": true,
build-and-push (telegram-bot)	Set up Docker Buildx	2026-02-09T12:09:32.8749426Z         "Multi-platform build": true,
build-and-push (telegram-bot)	Set up Docker Buildx	2026-02-09T12:09:32.8749924Z         "OCI exporter": true
build-and-push (telegram-bot)	Set up Docker Buildx	2026-02-09T12:09:32.8750356Z       },
build-and-push (telegram-bot)	Set up Docker Buildx	2026-02-09T12:09:32.8750752Z       "labels": {
build-and-push (telegram-bot)	Set up Docker Buildx	2026-02-09T12:09:32.8751271Z         "org.mobyproject.buildkit.worker.executor": "oci",
build-and-push (telegram-bot)	Set up Docker Buildx	2026-02-09T12:09:32.8751946Z         "org.mobyproject.buildkit.worker.hostname": "bf10a9c1fbc2",
build-and-push (telegram-bot)	Set up Docker Buildx	2026-02-09T12:09:32.8752623Z         "org.mobyproject.buildkit.worker.network": "host",
build-and-push (telegram-bot)	Set up Docker Buildx	2026-02-09T12:09:32.8753301Z         "org.mobyproject.buildkit.worker.oci.process-mode": "sandbox",
build-and-push (telegram-bot)	Set up Docker Buildx	2026-02-09T12:09:32.8754075Z         "org.mobyproject.buildkit.worker.selinux.enabled": "***",
build-and-push (telegram-bot)	Set up Docker Buildx	2026-02-09T12:09:32.8754827Z         "org.mobyproject.buildkit.worker.snapshotter": "overlayfs"
build-and-push (telegram-bot)	Set up Docker Buildx	2026-02-09T12:09:32.8756013Z       },
build-and-push (telegram-bot)	Set up Docker Buildx	2026-02-09T12:09:32.8756447Z       "gcPolicy": [
build-and-push (telegram-bot)	Set up Docker Buildx	2026-02-09T12:09:32.8756950Z         {
build-and-push (telegram-bot)	Set up Docker Buildx	2026-02-09T12:09:32.8757382Z           "all": ***,
build-and-push (telegram-bot)	Set up Docker Buildx	2026-02-09T12:09:32.8757838Z           "filter": [
build-and-push (telegram-bot)	Set up Docker Buildx	2026-02-09T12:09:32.8758297Z             "type==source.local",
build-and-push (telegram-bot)	Set up Docker Buildx	2026-02-09T12:09:32.8758807Z             "type==exec.cachemount",
build-and-push (telegram-bot)	Set up Docker Buildx	2026-02-09T12:09:32.8759320Z             "type==source.git.checkout"
build-and-push (telegram-bot)	Set up Docker Buildx	2026-02-09T12:09:32.8759803Z           ],
build-and-push (telegram-bot)	Set up Docker Buildx	2026-02-09T12:09:32.8760239Z           "keepDuration": "48h0m0s"
build-and-push (telegram-bot)	Set up Docker Buildx	2026-02-09T12:09:32.8760705Z         },
build-and-push (telegram-bot)	Set up Docker Buildx	2026-02-09T12:09:32.8761102Z         {
build-and-push (telegram-bot)	Set up Docker Buildx	2026-02-09T12:09:32.8761512Z           "all": ***,
build-and-push (telegram-bot)	Set up Docker Buildx	2026-02-09T12:09:32.8761990Z           "keepDuration": "1440h0m0s"
build-and-push (telegram-bot)	Set up Docker Buildx	2026-02-09T12:09:32.8762472Z         },
build-and-push (telegram-bot)	Set up Docker Buildx	2026-02-09T12:09:32.8762866Z         {
build-and-push (telegram-bot)	Set up Docker Buildx	2026-02-09T12:09:32.8763278Z           "all": ***
build-and-push (telegram-bot)	Set up Docker Buildx	2026-02-09T12:09:32.8763698Z         },
build-and-push (telegram-bot)	Set up Docker Buildx	2026-02-09T12:09:32.8764084Z         {
build-and-push (telegram-bot)	Set up Docker Buildx	2026-02-09T12:09:32.8764483Z           "all": true
build-and-push (telegram-bot)	Set up Docker Buildx	2026-02-09T12:09:32.8764914Z         }
build-and-push (telegram-bot)	Set up Docker Buildx	2026-02-09T12:09:32.8765595Z       ]
build-and-push (telegram-bot)	Set up Docker Buildx	2026-02-09T12:09:32.8766000Z     }
build-and-push (telegram-bot)	Set up Docker Buildx	2026-02-09T12:09:32.8766632Z   ],
build-and-push (telegram-bot)	Set up Docker Buildx	2026-02-09T12:09:32.8767170Z   "name": "builder-2c512ddd-5f59-424a-9f77-7fe0186f2d5b",
build-and-push (telegram-bot)	Set up Docker Buildx	2026-02-09T12:09:32.8767898Z   "driver": "docker-container",
build-and-push (telegram-bot)	Set up Docker Buildx	2026-02-09T12:09:32.8768418Z   "lastActivity": "2026-02-09T12:09:29.000Z"
build-and-push (telegram-bot)	Set up Docker Buildx	2026-02-09T12:09:32.8768898Z }
build-and-push (telegram-bot)	Set up Docker Buildx	2026-02-09T12:09:32.8769608Z ##[endgroup]
build-and-push (telegram-bot)	Set up Docker Buildx	2026-02-09T12:09:32.8770300Z ##[group]BuildKit version
build-and-push (telegram-bot)	Set up Docker Buildx	2026-02-09T12:09:32.8770832Z builder-2c512ddd-5f59-424a-9f77-7fe0186f2d5b0: v0.27.1
build-and-push (telegram-bot)	Set up Docker Buildx	2026-02-09T12:09:32.8771622Z ##[endgroup]
build-and-push (telegram-bot)	Authenticate to GitHub Container Registry	﻿2026-02-09T12:09:32.8879809Z ##[group]Run docker/login-action@v3
build-and-push (telegram-bot)	Authenticate to GitHub Container Registry	2026-02-09T12:09:32.8880340Z with:
build-and-push (telegram-bot)	Authenticate to GitHub Container Registry	2026-02-09T12:09:32.8880763Z   registry: ghcr.io
build-and-push (telegram-bot)	Authenticate to GitHub Container Registry	2026-02-09T12:09:32.8881222Z   username: bemehrbani
build-and-push (telegram-bot)	Authenticate to GitHub Container Registry	2026-02-09T12:09:32.8881797Z   password: ***
build-and-push (telegram-bot)	Authenticate to GitHub Container Registry	2026-02-09T12:09:32.8882242Z   logout: true
build-and-push (telegram-bot)	Authenticate to GitHub Container Registry	2026-02-09T12:09:32.8882653Z env:
build-and-push (telegram-bot)	Authenticate to GitHub Container Registry	2026-02-09T12:09:32.8911775Z   ALLMYSECRETS: {
build-and-push (telegram-bot)	Authenticate to GitHub Container Registry	  "DEV_MNEMONIC": "***",
build-and-push (telegram-bot)	Authenticate to GitHub Container Registry	  "MAIN_PGADMIN_DEFAULT_PASSWORD": "***",
build-and-push (telegram-bot)	Authenticate to GitHub Container Registry	  "DOCKER_HUB_TOKEN": "***",
build-and-push (telegram-bot)	Authenticate to GitHub Container Registry	  "STAGING_ONTON_API_KEY": "***",
build-and-push (telegram-bot)	Authenticate to GitHub Container Registry	  "STAGING_CLOUDFLARE_API_TOKEN": "***",
build-and-push (telegram-bot)	Authenticate to GitHub Container Registry	  "DEV_TON_CENTER_TOKEN": "***",
build-and-push (telegram-bot)	Authenticate to GitHub Container Registry	  "STAGING_ONTON_API_SECRET": "***",
build-and-push (telegram-bot)	Authenticate to GitHub Container Registry	  "STAGING_GITHUB_CLIENT_SECRET": "***",
build-and-push (telegram-bot)	Authenticate to GitHub Container Registry	  "SSH_MAIN_IP": "***",
build-and-push (telegram-bot)	Authenticate to GitHub Container Registry	  "MAIN_TWITTER_CLIENT_SECRET": "***",
build-and-push (telegram-bot)	Authenticate to GitHub Container Registry	  "STAGING_MINIO_ROOT_PASSWORD": "***",
build-and-push (telegram-bot)	Authenticate to GitHub Container Registry	  "MAIN_GITHUB_CLIENT_SECRET": "***",
build-and-push (telegram-bot)	Authenticate to GitHub Container Registry	  "STAGING_RABBITMQ_DEFAULT_PASS": "***",
build-and-push (telegram-bot)	Authenticate to GitHub Container Registry	  "SSH_DEV_IP": "***",
build-and-push (telegram-bot)	Authenticate to GitHub Container Registry	  "DEV_POSTGRES_PASSWORD": "***",
build-and-push (telegram-bot)	Authenticate to GitHub Container Registry	  "SSH_PASSPHRASE": "***",
build-and-push (telegram-bot)	Authenticate to GitHub Container Registry	  "STAGING_CLIENT_API_FIXED_KEY": "***",
build-and-push (telegram-bot)	Authenticate to GitHub Container Registry	  "MAIN_TON_CENTER_TOKEN": "***",
build-and-push (telegram-bot)	Authenticate to GitHub Container Registry	  "DOCKER_HUB_USERNAME": "***",
build-and-push (telegram-bot)	Authenticate to GitHub Container Registry	  "GIT_API_KEY": "***",
build-and-push (telegram-bot)	Authenticate to GitHub Container Registry	  "MAIN_CLOUDFLARE_EMAIL": "***",
build-and-push (telegram-bot)	Authenticate to GitHub Container Registry	  "MAIN_DATABASE_URL": "***",
build-and-push (telegram-bot)	Authenticate to GitHub Container Registry	  "MAIN_CLOUDFLARE_EMAIL_MAIN": "***",
build-and-push (telegram-bot)	Authenticate to GitHub Container Registry	  "STAGING_PGADMIN_DEFAULT_EMAIL": "***",
build-and-push (telegram-bot)	Authenticate to GitHub Container Registry	  "STAGING_SECRET_EVENT_WALLET_ENC_KEY": "***",
build-and-push (telegram-bot)	Authenticate to GitHub Container Registry	  "STAGING_PGADMIN_DEFAULT_PASSWORD": "***",
build-and-push (telegram-bot)	Authenticate to GitHub Container Registry	  "CR_PAT": "***",
build-and-push (telegram-bot)	Authenticate to GitHub Container Registry	  "MAIN_CLOUDFLARE_API_TOKEN_MAIN": "***",
build-and-push (telegram-bot)	Authenticate to GitHub Container Registry	  "MAIN_POSTGRES_USER": "***",
build-and-push (telegram-bot)	Authenticate to GitHub Container Registry	  "DEV_BOT_TOKEN": "***",
build-and-push (telegram-bot)	Authenticate to GitHub Container Registry	  "STAGING_REDIS_PASSWORD": "***",
build-and-push (telegram-bot)	Authenticate to GitHub Container Registry	  "TELEGRAM_CHAT_ID_FOR_DEPLOYMENT": "***",
build-and-push (telegram-bot)	Authenticate to GitHub Container Registry	  "STAGING_TONAPI_API_KEY": "***",
build-and-push (telegram-bot)	Authenticate to GitHub Container Registry	  "STAGING_CLOUDFLARE_API_TOKEN_MAIN": "***",
build-and-push (telegram-bot)	Authenticate to GitHub Container Registry	  "MAIN_BOT_TOKEN": "***",
build-and-push (telegram-bot)	Authenticate to GitHub Container Registry	  "MAIN_SENTRY_AUTH_TOKEN": "***",
build-and-push (telegram-bot)	Authenticate to GitHub Container Registry	  "github_token": "***",
build-and-push (telegram-bot)	Authenticate to GitHub Container Registry	  "STAGING_DATABASE_URL_NFT_MANAGER": "***",
build-and-push (telegram-bot)	Authenticate to GitHub Container Registry	  "DEV_CLOUDFLARE_API_TOKEN": "***",
build-and-push (telegram-bot)	Authenticate to GitHub Container Registry	  "STAGING_TON_SOCIETY_API_KEY": "***",
build-and-push (telegram-bot)	Authenticate to GitHub Container Registry	  "STAGING_POSTGRES_PASSWORD": "***",
build-and-push (telegram-bot)	Authenticate to GitHub Container Registry	  "MAIN_RABBITMQ_DEFAULT_USER": "***",
build-and-push (telegram-bot)	Authenticate to GitHub Container Registry	  "MAIN_CLOUDFLARE_API_TOKEN": "***",
build-and-push (telegram-bot)	Authenticate to GitHub Container Registry	  "MAIN_CLOUDFLARE_DNS_ZONE_ID": "***",
build-and-push (telegram-bot)	Authenticate to GitHub Container Registry	  "MAIN_REDIS_PASSWORD": "***",
build-and-push (telegram-bot)	Authenticate to GitHub Container Registry	  "STAGING_MINIO_ROOT_USER": "***",
build-and-push (telegram-bot)	Authenticate to GitHub Container Registry	  "MAIN_TON_SOCIETY_API_KEY": "***",
build-and-push (telegram-bot)	Authenticate to GitHub Container Registry	  "STAGING_CLOUDFLARE_DNS_ZONE_ID": "***",
build-and-push (telegram-bot)	Authenticate to GitHub Container Registry	  "DEV_CLIENT_API_JWT_SECRET": "***",
build-and-push (telegram-bot)	Authenticate to GitHub Container Registry	  "STAGING_BOT_TOKEN": "***",
build-and-push (telegram-bot)	Authenticate to GitHub Container Registry	  "MAIN_MB_ENCRYPTION_SECRET_KEY": "***",
build-and-push (telegram-bot)	Authenticate to GitHub Container Registry	  "USE_CLOUDFLARE": "***",
build-and-push (telegram-bot)	Authenticate to GitHub Container Registry	  "MAIN_TONAPI_API_KEY": "***",
build-and-push (telegram-bot)	Authenticate to GitHub Container Registry	  "SSH_PRIVATE_KEY": "***",
build-and-push (telegram-bot)	Authenticate to GitHub Container Registry	  "MAIN_LINKEDIN_CLIENT_SECRET": "***",
build-and-push (telegram-bot)	Authenticate to GitHub Container Registry	  "STAGING_MS_CLIENT_SECRET": "***",
build-and-push (telegram-bot)	Authenticate to GitHub Container Registry	  "SSH_DEV_KEY": "***",
build-and-push (telegram-bot)	Authenticate to GitHub Container Registry	  "STAGING_TWITTER_CLIENT_SECRET": "***",
build-and-push (telegram-bot)	Authenticate to GitHub Container Registry	  "STAGING_CLIENT_API_JWT_SECRET": "***",
build-and-push (telegram-bot)	Authenticate to GitHub Container Registry	  "MAIN_DATABASE_URL_NFT_MANAGER": "***",
build-and-push (telegram-bot)	Authenticate to GitHub Container Registry	  "DEV_ONTON_API_SECRET": "***",
build-and-push (telegram-bot)	Authenticate to GitHub Container Registry	  "MAIN_GOOGLE_CLIENT_SECRET": "***",
build-and-push (telegram-bot)	Authenticate to GitHub Container Registry	  "MAIN_MS_CLIENT_SECRET": "***",
build-and-push (telegram-bot)	Authenticate to GitHub Container Registry	  "STAGING_DATABASE_URL": "***",
build-and-push (telegram-bot)	Authenticate to GitHub Container Registry	  "STAGING_TON_CENTER_TOKEN": "***",
build-and-push (telegram-bot)	Authenticate to GitHub Container Registry	  "DEV_TON_SOCIETY_API_KEY": "***",
build-and-push (telegram-bot)	Authenticate to GitHub Container Registry	  "MAIN_EVENT_WALLET_ENC_KEY": "***",
build-and-push (telegram-bot)	Authenticate to GitHub Container Registry	  "STAGING_POSTGRES_USER": "***",
build-and-push (telegram-bot)	Authenticate to GitHub Container Registry	  "MAIN_PGADMIN_DEFAULT_EMAIL": "***",
build-and-push (telegram-bot)	Authenticate to GitHub Container Registry	  "SSH_MAIN_PORT": "***",
build-and-push (telegram-bot)	Authenticate to GitHub Container Registry	  "MAIN_MNEMONIC": "***",
build-and-push (telegram-bot)	Authenticate to GitHub Container Registry	  "MAIN_POSTGRES_PASSWORD": "***",
build-and-push (telegram-bot)	Authenticate to GitHub Container Registry	  "DEV_TONAPI_API_KEY": "***",
build-and-push (telegram-bot)	Authenticate to GitHub Container Registry	  "STAGING_GOOGLE_CLIENT_SECRET": "***",
build-and-push (telegram-bot)	Authenticate to GitHub Container Registry	  "DEV_MB_ENCRYPTION_SECRET_KEY": "***",
build-and-push (telegram-bot)	Authenticate to GitHub Container Registry	  "STAGING_SENTRY_AUTH_TOKEN": "***",
build-and-push (telegram-bot)	Authenticate to GitHub Container Registry	  "DEV_DATABASE_URL": "***",
build-and-push (telegram-bot)	Authenticate to GitHub Container Registry	  "DEV_MINIO_ROOT_PASSWORD": "***",
build-and-push (telegram-bot)	Authenticate to GitHub Container Registry	  "MAIN_RABBITMQ_DEFAULT_PASS": "***",
build-and-push (telegram-bot)	Authenticate to GitHub Container Registry	  "TELEGRAM_BOT_TOKEN_FOR_DEPLOYMENT": "***",
build-and-push (telegram-bot)	Authenticate to GitHub Container Registry	  "MAIN_ONTON_API_SECRET": "***",
build-and-push (telegram-bot)	Authenticate to GitHub Container Registry	  "MAIN_CLIENT_API_FIXED_KEY": "***",
build-and-push (telegram-bot)	Authenticate to GitHub Container Registry	  "SSH_DEV_PORT": "***",
build-and-push (telegram-bot)	Authenticate to GitHub Container Registry	  "DEV_ONTON_API_KEY": "***",
build-and-push (telegram-bot)	Authenticate to GitHub Container Registry	  "DEV_MINIO_ROOT_USER": "***",
build-and-push (telegram-bot)	Authenticate to GitHub Container Registry	  "STAGING_MNEMONIC": "***",
build-and-push (telegram-bot)	Authenticate to GitHub Container Registry	  "MAIN_MINIO_ROOT_USER": "***",
build-and-push (telegram-bot)	Authenticate to GitHub Container Registry	  "DEV_PGADMIN_DEFAULT_PASSWORD": "***",
build-and-push (telegram-bot)	Authenticate to GitHub Container Registry	  "DEV_CLIENT_API_FIXED_KEY": "***",
build-and-push (telegram-bot)	Authenticate to GitHub Container Registry	  "STAGING_CLOUDFLARE_EMAIL": "***",
build-and-push (telegram-bot)	Authenticate to GitHub Container Registry	  "STAGING_MB_ENCRYPTION_SECRET_KEY": "***",
build-and-push (telegram-bot)	Authenticate to GitHub Container Registry	  "MAIN_MINIO_ROOT_PASSWORD": "***",
build-and-push (telegram-bot)	Authenticate to GitHub Container Registry	  "MAIN_ONTON_API_KEY": "***",
build-and-push (telegram-bot)	Authenticate to GitHub Container Registry	  "STAGING_RABBITMQ_DEFAULT_USER": "***",
build-and-push (telegram-bot)	Authenticate to GitHub Container Registry	  "MAIN_CLIENT_API_JWT_SECRET": "***",
build-and-push (telegram-bot)	Authenticate to GitHub Container Registry	  "STAGING_LINKEDIN_CLIENT_SECRET": "***",
build-and-push (telegram-bot)	Authenticate to GitHub Container Registry	  "DEV_RABBITMQ_DEFAULT_PASS": "***"
build-and-push (telegram-bot)	Authenticate to GitHub Container Registry	}
build-and-push (telegram-bot)	Authenticate to GitHub Container Registry	2026-02-09T12:09:32.8990643Z   ALLMYVARS: {
build-and-push (telegram-bot)	Authenticate to GitHub Container Registry	  "DEV_ACME_AGREE": "true",
build-and-push (telegram-bot)	Authenticate to GitHub Container Registry	  "DEV_BRANCH_NAME": "dev",
build-and-push (telegram-bot)	Authenticate to GitHub Container Registry	  "DEV_CACHE_ENABLED": "true",
build-and-push (telegram-bot)	Authenticate to GitHub Container Registry	  "DEV_CLAMAV_PORT": "***10",
build-and-push (telegram-bot)	Authenticate to GitHub Container Registry	  "DEV_CLIENT_API_FIXED_ORGANIZER": "@Ontonadmin",
build-and-push (telegram-bot)	Authenticate to GitHub Container Registry	  "DEV_CLIENT_API_FIXED_USER": "@Ontonadmin",
build-and-push (telegram-bot)	Authenticate to GitHub Container Registry	  "DEV_CLIENT_WEB_DOMAIN": "dev-client-web.dev.***.live",
build-and-push (telegram-bot)	Authenticate to GitHub Container Registry	  "DEV_COMPOSE_PROJECT_NAME": "develop-***",
build-and-push (telegram-bot)	Authenticate to GitHub Container Registry	  "DEV_ENV": "development",
build-and-push (telegram-bot)	Authenticate to GitHub Container Registry	  "DEV_EVENT_WALLET_ENC_KEY": "Ci5M6/B4Wke4qX6tXViVeW0xM0iH0yh/qvD3Y1xu2v8",
build-and-push (telegram-bot)	Authenticate to GitHub Container Registry	  "DEV_GOLANG_SERVER_PORT": "3013",
build-and-push (telegram-bot)	Authenticate to GitHub Container Registry	  "DEV_IP_CADDY": "caddy",
build-and-push (telegram-bot)	Authenticate to GitHub Container Registry	  "DEV_IP_CLAMAV": "host.docker.internal",
build-and-push (telegram-bot)	Authenticate to GitHub Container Registry	  "DEV_IP_CLIENT_WEB": "client-web",
build-and-push (telegram-bot)	Authenticate to GitHub Container Registry	  "DEV_IP_GIVEAWAY_CHECKER": "giveaway-checker",
build-and-push (telegram-bot)	Authenticate to GitHub Container Registry	  "DEV_IP_GOLANG_SERVER": "golang-server",
build-and-push (telegram-bot)	Authenticate to GitHub Container Registry	  "DEV_IP_GOLANG_WORKER": "golang-worker",
build-and-push (telegram-bot)	Authenticate to GitHub Container Registry	  "DEV_IP_KIBANA": "kibana",
build-and-push (telegram-bot)	Authenticate to GitHub Container Registry	  "DEV_IP_METABASE": "metabase",
build-and-push (telegram-bot)	Authenticate to GitHub Container Registry	  "DEV_IP_MINIO": "minio",
build-and-push (telegram-bot)	Authenticate to GitHub Container Registry	  "DEV_IP_MINI_APP": "mini-app",
build-and-push (telegram-bot)	Authenticate to GitHub Container Registry	  "DEV_IP_MINI_APP_CRON": "mini-app-sbt-worker",
build-and-push (telegram-bot)	Authenticate to GitHub Container Registry	  "DEV_IP_NFT_MANAGER": "nft-manager",
build-and-push (telegram-bot)	Authenticate to GitHub Container Registry	  "DEV_IP_PARTICIPANT_TMA": "participant-tma",
build-and-push (telegram-bot)	Authenticate to GitHub Container Registry	  "DEV_IP_PGADMIN": "pgadmin",
build-and-push (telegram-bot)	Authenticate to GitHub Container Registry	  "DEV_IP_POA_WORKER": "mini-app-poa-worker",
build-and-push (telegram-bot)	Authenticate to GitHub Container Registry	  "DEV_IP_POSTGRES": "postgres",
build-and-push (telegram-bot)	Authenticate to GitHub Container Registry	  "DEV_IP_RABBITMQ": "rabbitmq",
build-and-push (telegram-bot)	Authenticate to GitHub Container Registry	  "DEV_IP_RANGE_BASE": "host.docker.internal",
build-and-push (telegram-bot)	Authenticate to GitHub Container Registry	  "DEV_IP_RANGE_START": "172.10",
build-and-push (telegram-bot)	Authenticate to GitHub Container Registry	  "DEV_IP_RANGE_SUBNET": "24",
build-and-push (telegram-bot)	Authenticate to GitHub Container Registry	  "DEV_IP_REDIS": "redis",
build-and-push (telegram-bot)	Authenticate to GitHub Container Registry	  "DEV_IP_SOCKET": "mini-app-notification-socket",
build-and-push (telegram-bot)	Authenticate to GitHub Container Registry	  "DEV_IP_SWAGGER_UI": "swagger-ui",
build-and-push (telegram-bot)	Authenticate to GitHub Container Registry	  "DEV_IP_TELEGRAM_BOT": "telegram-bot",
build-and-push (telegram-bot)	Authenticate to GitHub Container Registry	  "DEV_IP_WEBSITE": "website",
build-and-push (telegram-bot)	Authenticate to GitHub Container Registry	  "DEV_JWT_SECRET_SOCKET": "D3v@OnTonw3tds112ewq%KD___%1006-7-8-9-0OkMjKlll%909R9OOsf",
build-and-push (telegram-bot)	Authenticate to GitHub Container Registry	  "DEV_KIBANA_HASHED_PASSWORD": "$2a$14$6P83mnKs9BxP2qZDaMU.2OzBHY3SG0nnaVXJ8nKluEWEWD5RMmN/W",
build-and-push (telegram-bot)	Authenticate to GitHub Container Registry	  "DEV_KIBANA_PORT": "3023",
build-and-push (telegram-bot)	Authenticate to GitHub Container Registry	  "DEV_KIBANA_USERNAME": "monitor",
build-and-push (telegram-bot)	Authenticate to GitHub Container Registry	  "DEV_LOCAL_DOMAIN": "dev-app.dev.***.live",
build-and-push (telegram-bot)	Authenticate to GitHub Container Registry	  "DEV_MB_REDIRECT_ALL_REQUESTS_TO_HTTPS": "true",
build-and-push (telegram-bot)	Authenticate to GitHub Container Registry	  "DEV_METABASE_DOMAIN": "dev-metabase.dev.***.live",
build-and-push (telegram-bot)	Authenticate to GitHub Container Registry	  "DEV_MINIO_COLLECTION_BUCKET": "***collection",
build-and-push (telegram-bot)	Authenticate to GitHub Container Registry	  "DEV_MINIO_DASHBOARD_PORT": "3014",
build-and-push (telegram-bot)	Authenticate to GitHub Container Registry	  "DEV_MINIO_DOC_BUCKET": "***doc",
build-and-push (telegram-bot)	Authenticate to GitHub Container Registry	  "DEV_MINIO_DOC_DEFAULT_BUCKET": "***",
build-and-push (telegram-bot)	Authenticate to GitHub Container Registry	  "DEV_MINIO_ENDPOINT": "minio",
build-and-push (telegram-bot)	Authenticate to GitHub Container Registry	  "DEV_MINIO_IMAGE_BUCKET": "***image",
build-and-push (telegram-bot)	Authenticate to GitHub Container Registry	  "DEV_MINIO_ITEM_BUCKET": "***item",
build-and-push (telegram-bot)	Authenticate to GitHub Container Registry	  "DEV_MINIO_PORT": "3012",
build-and-push (telegram-bot)	Authenticate to GitHub Container Registry	  "DEV_MINIO_PUBLIC_URL": "https://dev-storage.dev.***.live",
build-and-push (telegram-bot)	Authenticate to GitHub Container Registry	  "DEV_MINIO_REGION_NAME": "default",
build-and-push (telegram-bot)	Authenticate to GitHub Container Registry	  "DEV_MINIO_SBT_COLLECTIONS_BUCKET": "sbt-collections",
build-and-push (telegram-bot)	Authenticate to GitHub Container Registry	  "DEV_MINIO_STORAGE_ADMIN_DOMAIN": "dev-storage-admin.dev.***.live",
build-and-push (telegram-bot)	Authenticate to GitHub Container Registry	  "DEV_MINIO_STORAGE_DOMAIN": "dev-storage.dev.***.live",
build-and-push (telegram-bot)	Authenticate to GitHub Container Registry	  "DEV_MINIO_VIDEO_BUCKET": "***video",
build-and-push (telegram-bot)	Authenticate to GitHub Container Registry	  "DEV_MINI_APP_DOMAIN": "dev-app.dev.***.live",
build-and-push (telegram-bot)	Authenticate to GitHub Container Registry	  "DEV_MINI_APP_PORT": "3000",
build-and-push (telegram-bot)	Authenticate to GitHub Container Registry	  "DEV_MINI_APP_SOCKET_DOMAIN": "dev-socket.dev.***.live",
build-and-push (telegram-bot)	Authenticate to GitHub Container Registry	  "DEV_MONITORING_DOMAIN": "dev-monitoring.dev.***.live",
build-and-push (telegram-bot)	Authenticate to GitHub Container Registry	  "DEV_NETWORK_NAME": "***-dev",
build-and-push (telegram-bot)	Authenticate to GitHub Container Registry	  "DEV_NETWORK_PUBLIC_IP": "***",
build-and-push (telegram-bot)	Authenticate to GitHub Container Registry	  "DEV_NEXT_PUBLIC_API_BASE_URL": "https://dev-app.dev.***.live/api/v1",
build-and-push (telegram-bot)	Authenticate to GitHub Container Registry	  "DEV_NEXT_PUBLIC_APP_BASE_URL": "https://dev-app.dev.***.live",
build-and-push (telegram-bot)	Authenticate to GitHub Container Registry	  "DEV_NEXT_PUBLIC_BACKEND_URL_CLIENT": "https://dev-app.dev.***.live/api/client/v1/",
build-and-push (telegram-bot)	Authenticate to GitHub Container Registry	  "DEV_NEXT_PUBLIC_BOT_USERNAME": "dev_ont0n_bot",
build-and-push (telegram-bot)	Authenticate to GitHub Container Registry	  "DEV_NEXT_PUBLIC_ENV": "development",
build-and-push (telegram-bot)	Authenticate to GitHub Container Registry	  "DEV_NEXT_PUBLIC_GTM": "GTM-dev",
build-and-push (telegram-bot)	Authenticate to GitHub Container Registry	  "DEV_NEXT_PUBLIC_SOCKET_URL": "dev-socket.dev.***.live",
build-and-push (telegram-bot)	Authenticate to GitHub Container Registry	  "DEV_NFT_INTERVAL_TIME": "60000",
build-and-push (telegram-bot)	Authenticate to GitHub Container Registry	  "DEV_NFT_MANAGER_PORT": "3004",
build-and-push (telegram-bot)	Authenticate to GitHub Container Registry	  "DEV_NODE_ENV": "production",
build-and-push (telegram-bot)	Authenticate to GitHub Container Registry	  "DEV_NODE_TLS_REJECT_UNAUTHORIZED": "0",
build-and-push (telegram-bot)	Authenticate to GitHub Container Registry	  "DEV_ONTON_DOMAIN": "dev.***.live",
build-and-push (telegram-bot)	Authenticate to GitHub Container Registry	  "DEV_PARTICIPANT_TMA_PORT": "3001",
build-and-push (telegram-bot)	Authenticate to GitHub Container Registry	  "DEV_PGADMIN_DOMAIN": "dev-pgadmin.dev.***.live",
build-and-push (telegram-bot)	Authenticate to GitHub Container Registry	  "DEV_PORT_CLIENT_WEB": "3007",
build-and-push (telegram-bot)	Authenticate to GitHub Container Registry	  "DEV_PORT_METABASE": "3009",
build-and-push (telegram-bot)	Authenticate to GitHub Container Registry	  "DEV_PORT_PGADMIN": "3006",
build-and-push (telegram-bot)	Authenticate to GitHub Container Registry	  "DEV_PORT_WEB_SITE": "3005",
build-and-push (telegram-bot)	Authenticate to GitHub Container Registry	  "DEV_POSTGRES_METABASE_DB": "dev-mini-app",
build-and-push (telegram-bot)	Authenticate to GitHub Container Registry	  "DEV_POSTGRES_MINI_APP_DB": "dev-mini-app",
build-and-push (telegram-bot)	Authenticate to GitHub Container Registry	  "DEV_POSTGRES_NFT_MANAGER_DB": "dev-nft-manager",
build-and-push (telegram-bot)	Authenticate to GitHub Container Registry	  "DEV_POSTGRES_PORT": "3008",
build-and-push (telegram-bot)	Authenticate to GitHub Container Registry	  "DEV_PTMA_API_BASE_URL": "https://dev-app.dev.***.live/api/v1",
build-and-push (telegram-bot)	Authenticate to GitHub Container Registry	  "DEV_RABBITMQ_DOMAIN": "dev-rabbitmq.dev.***.live",
build-and-push (telegram-bot)	Authenticate to GitHub Container Registry	  "DEV_RABBITMQ_MANAGEMENT_PORT": "3015",
build-and-push (telegram-bot)	Authenticate to GitHub Container Registry	  "DEV_RABBITMQ_NODE_PORT": "3016",
build-and-push (telegram-bot)	Authenticate to GitHub Container Registry	  "DEV_REDIS_DATABASES": "1",
build-and-push (telegram-bot)	Authenticate to GitHub Container Registry	  "DEV_REDIS_PORT": "3011",
build-and-push (telegram-bot)	Authenticate to GitHub Container Registry	  "DEV_REGISTRY_URL": "ghcr.io",
build-and-push (telegram-bot)	Authenticate to GitHub Container Registry	  "DEV_SOCKET_PORT": "30***",
build-and-push (telegram-bot)	Authenticate to GitHub Container Registry	  "DEV_STAGE_NAME": "dev-***",
build-and-push (telegram-bot)	Authenticate to GitHub Container Registry	  "DEV_SWAGGER_UI_DOMAIN": "dev-swagger-ui.dev.***.live",
build-and-push (telegram-bot)	Authenticate to GitHub Container Registry	  "DEV_SWAGGER_UI_PORT": "3024",
build-and-push (telegram-bot)	Authenticate to GitHub Container Registry	  "DEV_SYS_CADDY_REPLICAS": "1",
build-and-push (telegram-bot)	Authenticate to GitHub Container Registry	  "DEV_SYS_MINI_APP_REPLICAS": "1",
build-and-push (telegram-bot)	Authenticate to GitHub Container Registry	  "DEV_SYS_PARTICIPANT_TMA_REPLICAS": "1",
build-and-push (telegram-bot)	Authenticate to GitHub Container Registry	  "DEV_SYS_WEB_SITE_REPLICAS": "1",
build-and-push (telegram-bot)	Authenticate to GitHub Container Registry	  "DEV_TELEGRAM_BOT_PORT": "3002",
build-and-push (telegram-bot)	Authenticate to GitHub Container Registry	  "DEV_TG_EVENTS_TOPIC": "2",
build-and-push (telegram-bot)	Authenticate to GitHub Container Registry	  "DEV_TG_LOGS_GROUP_ID": "-1002308507308",
build-and-push (telegram-bot)	Authenticate to GitHub Container Registry	  "DEV_TG_LOG_BOT_TOKEN": "7604730825:AAE1WJHs5lFI2zX_tba6M-1HYfffA8ugFmA",
build-and-push (telegram-bot)	Authenticate to GitHub Container Registry	  "DEV_TG_NOTIFICATION_CHANELL": "-1002164161685",
build-and-push (telegram-bot)	Authenticate to GitHub Container Registry	  "DEV_TG_SYSTEM_TOPIC": "16",
build-and-push (telegram-bot)	Authenticate to GitHub Container Registry	  "DEV_TG_TICKETS_TOPIC": "4",
build-and-push (telegram-bot)	Authenticate to GitHub Container Registry	  "DEV_TON_CENTER_ENDPOINT": "https://toncenter.com/api/v2/jsonRPC",
build-and-push (telegram-bot)	Authenticate to GitHub Container Registry	  "DEV_TON_SOCIETY_BASE_URL": "https://id.ton.org/v1",
build-and-push (telegram-bot)	Authenticate to GitHub Container Registry	  "DEV_USE_CLOUDFLARE": "true",
build-and-push (telegram-bot)	Authenticate to GitHub Container Registry	  "DEV_USE_MAIN_IP_TO_EXPOSE": "true",
build-and-push (telegram-bot)	Authenticate to GitHub Container Registry	  "MAIN_ACME_AGREE": "true",
build-and-push (telegram-bot)	Authenticate to GitHub Container Registry	  "MAIN_BRANCH_NAME": "main",
build-and-push (telegram-bot)	Authenticate to GitHub Container Registry	  "MAIN_CACHE_ENABLED": "true",
build-and-push (telegram-bot)	Authenticate to GitHub Container Registry	  "MAIN_CLAMAV_PORT": "***10",
build-and-push (telegram-bot)	Authenticate to GitHub Container Registry	  "MAIN_CLIENT_API_FIXED_ORGANIZER": "@Ontonadmin",
build-and-push (telegram-bot)	Authenticate to GitHub Container Registry	  "MAIN_CLIENT_API_FIXED_USER": "@Ontonadmin",
build-and-push (telegram-bot)	Authenticate to GitHub Container Registry	  "MAIN_CLIENT_WEB_DOMAIN": "client-web.***.live",
build-and-push (telegram-bot)	Authenticate to GitHub Container Registry	  "MAIN_COMPOSE_PROJECT_NAME": "production-***",
build-and-push (telegram-bot)	Authenticate to GitHub Container Registry	  "MAIN_ENV": "production",
build-and-push (telegram-bot)	Authenticate to GitHub Container Registry	  "MAIN_GITHUB_CLIENT_ID": "Ov23liQFN1rMeZicYHnL",
build-and-push (telegram-bot)	Authenticate to GitHub Container Registry	  "MAIN_GITHUB_REPO": "***bot",
build-and-push (telegram-bot)	Authenticate to GitHub Container Registry	  "MAIN_GOLANG_SERVER_PORT": "8013",
build-and-push (telegram-bot)	Authenticate to GitHub Container Registry	  "MAIN_GOOGLE_CLIENT_ID": "174044865725-8urfv981fca74aj3bq2kqik7fbe2rggg.apps.googleusercontent.com",
build-and-push (telegram-bot)	Authenticate to GitHub Container Registry	  "MAIN_IP_CADDY": "caddy",
build-and-push (telegram-bot)	Authenticate to GitHub Container Registry	  "MAIN_IP_CLAMAV": "host.docker.internal",
build-and-push (telegram-bot)	Authenticate to GitHub Container Registry	  "MAIN_IP_CLIENT_WEB": "client-web",
build-and-push (telegram-bot)	Authenticate to GitHub Container Registry	  "MAIN_IP_GIVEAWAY_CHECKER": "giveaway-checker",
build-and-push (telegram-bot)	Authenticate to GitHub Container Registry	  "MAIN_IP_GOLANG_SERVER": "golang-server",
build-and-push (telegram-bot)	Authenticate to GitHub Container Registry	  "MAIN_IP_GOLANG_WORKER": "golang-worker",
build-and-push (telegram-bot)	Authenticate to GitHub Container Registry	  "MAIN_IP_KIBANA": "kibana",
build-and-push (telegram-bot)	Authenticate to GitHub Container Registry	  "MAIN_IP_METABASE": "metabase",
build-and-push (telegram-bot)	Authenticate to GitHub Container Registry	  "MAIN_IP_MINIO": "minio",
build-and-push (telegram-bot)	Authenticate to GitHub Container Registry	  "MAIN_IP_MINI_APP": "mini-app",
build-and-push (telegram-bot)	Authenticate to GitHub Container Registry	  "MAIN_IP_MINI_APP_CRON": "mini-app-sbt-worker",
build-and-push (telegram-bot)	Authenticate to GitHub Container Registry	  "MAIN_IP_NFT_MANAGER": "nft-manager",
build-and-push (telegram-bot)	Authenticate to GitHub Container Registry	  "MAIN_IP_PARTICIPANT_TMA": "participant-tma",
build-and-push (telegram-bot)	Authenticate to GitHub Container Registry	  "MAIN_IP_PGADMIN": "pgadmin",
build-and-push (telegram-bot)	Authenticate to GitHub Container Registry	  "MAIN_IP_POA_WORKER": "mini-app-poa-worker",
build-and-push (telegram-bot)	Authenticate to GitHub Container Registry	  "MAIN_IP_POSTGRES": "postgres",
build-and-push (telegram-bot)	Authenticate to GitHub Container Registry	  "MAIN_IP_RABBITMQ": "rabbitmq",
build-and-push (telegram-bot)	Authenticate to GitHub Container Registry	  "MAIN_IP_RANGE_BASE": "host.docker.internal",
build-and-push (telegram-bot)	Authenticate to GitHub Container Registry	  "MAIN_IP_REDIS": "redis",
build-and-push (telegram-bot)	Authenticate to GitHub Container Registry	  "MAIN_IP_SOCKET": "mini-app-notification-socket",
build-and-push (telegram-bot)	Authenticate to GitHub Container Registry	  "MAIN_IP_SWAGGER_UI": "swagger-ui",
build-and-push (telegram-bot)	Authenticate to GitHub Container Registry	  "MAIN_IP_TELEGRAM_BOT": "telegram-bot",
build-and-push (telegram-bot)	Authenticate to GitHub Container Registry	  "MAIN_IP_WEBSITE": "website",
build-and-push (telegram-bot)	Authenticate to GitHub Container Registry	  "MAIN_JWT_SECRET_SOCKET": "JFDmdjeu__@HF_KKSEEWR_ERW*ER_FGDFG_ET%DG%34534aasd_Rhuefli!hfsdlnf",
build-and-push (telegram-bot)	Authenticate to GitHub Container Registry	  "MAIN_KIBANA_HASHED_PASSWORD": "$2a$14$6P83mnKs9BxP2qZDaMU.2OzBHY3SG0nnaVXJ8nKluEWEWD5RMmN/W",
build-and-push (telegram-bot)	Authenticate to GitHub Container Registry	  "MAIN_KIBANA_PORT": "8023",
build-and-push (telegram-bot)	Authenticate to GitHub Container Registry	  "MAIN_KIBANA_USERNAME": "monitor",
build-and-push (telegram-bot)	Authenticate to GitHub Container Registry	  "MAIN_LINKEDIN_CLIENT_ID": "77osbnm9chxr4c",
build-and-push (telegram-bot)	Authenticate to GitHub Container Registry	  "MAIN_LOCAL_DOMAIN": "***.live",
build-and-push (telegram-bot)	Authenticate to GitHub Container Registry	  "MAIN_MB_REDIRECT_ALL_REQUESTS_TO_HTTPS": "true",
build-and-push (telegram-bot)	Authenticate to GitHub Container Registry	  "MAIN_METABASE_DOMAIN": "metabase.***.live",
build-and-push (telegram-bot)	Authenticate to GitHub Container Registry	  "MAIN_MINIO_COLLECTION_BUCKET": "***collection",
build-and-push (telegram-bot)	Authenticate to GitHub Container Registry	  "MAIN_MINIO_DASHBOARD_PORT": "8014",
build-and-push (telegram-bot)	Authenticate to GitHub Container Registry	  "MAIN_MINIO_DOC_BUCKET": "***doc",
build-and-push (telegram-bot)	Authenticate to GitHub Container Registry	  "MAIN_MINIO_DOC_DEFAULT_BUCKET": "***",
build-and-push (telegram-bot)	Authenticate to GitHub Container Registry	  "MAIN_MINIO_ENDPOINT": "minio",
build-and-push (telegram-bot)	Authenticate to GitHub Container Registry	  "MAIN_MINIO_IMAGE_BUCKET": "***image",
build-and-push (telegram-bot)	Authenticate to GitHub Container Registry	  "MAIN_MINIO_ITEM_BUCKET": "***item",
build-and-push (telegram-bot)	Authenticate to GitHub Container Registry	  "MAIN_MINIO_PORT": "8012",
build-and-push (telegram-bot)	Authenticate to GitHub Container Registry	  "MAIN_MINIO_PUBLIC_URL": "https://storage.***.live",
build-and-push (telegram-bot)	Authenticate to GitHub Container Registry	  "MAIN_MINIO_REGION_NAME": "default",
build-and-push (telegram-bot)	Authenticate to GitHub Container Registry	  "MAIN_MINIO_SBT_COLLECTIONS_BUCKET": "sbt-collections",
build-and-push (telegram-bot)	Authenticate to GitHub Container Registry	  "MAIN_MINIO_STORAGE_ADMIN_DOMAIN": "storage-admin.***.live",
build-and-push (telegram-bot)	Authenticate to GitHub Container Registry	  "MAIN_MINIO_STORAGE_DOMAIN": "storage.***.live",
build-and-push (telegram-bot)	Authenticate to GitHub Container Registry	  "MAIN_MINIO_VIDEO_BUCKET": "***video",
build-and-push (telegram-bot)	Authenticate to GitHub Container Registry	  "MAIN_MINI_APP_DOMAIN": "app.***.live",
build-and-push (telegram-bot)	Authenticate to GitHub Container Registry	  "MAIN_MINI_APP_PORT": "8000",
build-and-push (telegram-bot)	Authenticate to GitHub Container Registry	  "MAIN_MINI_APP_SOCKET_DOMAIN": "socket.***.live",
build-and-push (telegram-bot)	Authenticate to GitHub Container Registry	  "MAIN_MONITORING_DOMAIN": "monitoring.***.live",
build-and-push (telegram-bot)	Authenticate to GitHub Container Registry	  "MAIN_MS_CLIENT_ID": "916e0c9f-17bc-45c2-9cbc-025c48a0d449",
build-and-push (telegram-bot)	Authenticate to GitHub Container Registry	  "MAIN_NETWORK_NAME": "***-production",
build-and-push (telegram-bot)	Authenticate to GitHub Container Registry	  "MAIN_NETWORK_PUBLIC_IP": "***",
build-and-push (telegram-bot)	Authenticate to GitHub Container Registry	  "MAIN_NEXT_PUBLIC_API_BASE_URL": "https://app.***.live/api/v1",
build-and-push (telegram-bot)	Authenticate to GitHub Container Registry	  "MAIN_NEXT_PUBLIC_APP_BASE_URL": "https://app.***.live",
build-and-push (telegram-bot)	Authenticate to GitHub Container Registry	  "MAIN_NEXT_PUBLIC_BACKEND_URL_CLIENT": "https://app.***.live/api/client/v1/",
build-and-push (telegram-bot)	Authenticate to GitHub Container Registry	  "MAIN_NEXT_PUBLIC_BOT_USERNAME": "the***bot",
build-and-push (telegram-bot)	Authenticate to GitHub Container Registry	  "MAIN_NEXT_PUBLIC_ENV": "production",
build-and-push (telegram-bot)	Authenticate to GitHub Container Registry	  "MAIN_NEXT_PUBLIC_GTM": "GTM-TSCPWNCM",
build-and-push (telegram-bot)	Authenticate to GitHub Container Registry	  "MAIN_NEXT_PUBLIC_SOCKET_URL": "socket.***.live",
build-and-push (telegram-bot)	Authenticate to GitHub Container Registry	  "MAIN_NFT_INTERVAL_TIME": "60000",
build-and-push (telegram-bot)	Authenticate to GitHub Container Registry	  "MAIN_NFT_MANAGER_PORT": "8004",
build-and-push (telegram-bot)	Authenticate to GitHub Container Registry	  "MAIN_NODE_ENV": "production",
build-and-push (telegram-bot)	Authenticate to GitHub Container Registry	  "MAIN_NODE_TLS_REJECT_UNAUTHORIZED": "1",
build-and-push (telegram-bot)	Authenticate to GitHub Container Registry	  "MAIN_ONTON_DOMAIN": "***.live",
build-and-push (telegram-bot)	Authenticate to GitHub Container Registry	  "MAIN_PARTICIPANT_TMA_PORT": "8001",
build-and-push (telegram-bot)	Authenticate to GitHub Container Registry	  "MAIN_PGADMIN_DOMAIN": "pgadmin.***.live",
build-and-push (telegram-bot)	Authenticate to GitHub Container Registry	  "MAIN_PORT_CLIENT_WEB": "8007",
build-and-push (telegram-bot)	Authenticate to GitHub Container Registry	  "MAIN_PORT_METABASE": "8009",
build-and-push (telegram-bot)	Authenticate to GitHub Container Registry	  "MAIN_PORT_PGADMIN": "8006",
build-and-push (telegram-bot)	Authenticate to GitHub Container Registry	  "MAIN_PORT_WEB_SITE": "8005",
build-and-push (telegram-bot)	Authenticate to GitHub Container Registry	  "MAIN_POSTGRES_METABASE_DB": "production-mini-app",
build-and-push (telegram-bot)	Authenticate to GitHub Container Registry	  "MAIN_POSTGRES_MINI_APP_DB": "production-mini-app",
build-and-push (telegram-bot)	Authenticate to GitHub Container Registry	  "MAIN_POSTGRES_NFT_MANAGER_DB": "production-nft-manager",
build-and-push (telegram-bot)	Authenticate to GitHub Container Registry	  "MAIN_POSTGRES_PORT": "8008",
build-and-push (telegram-bot)	Authenticate to GitHub Container Registry	  "MAIN_PTMA_API_BASE_URL": "https://app.***.live/api/v1",
build-and-push (telegram-bot)	Authenticate to GitHub Container Registry	  "MAIN_RABBITMQ_DOMAIN": "rabbitmq.***.live",
build-and-push (telegram-bot)	Authenticate to GitHub Container Registry	  "MAIN_RABBITMQ_MANAGEMENT_PORT": "8015",
build-and-push (telegram-bot)	Authenticate to GitHub Container Registry	  "MAIN_RABBITMQ_NODE_PORT": "8016",
build-and-push (telegram-bot)	Authenticate to GitHub Container Registry	  "MAIN_REDIS_DATABASES": "1",
build-and-push (telegram-bot)	Authenticate to GitHub Container Registry	  "MAIN_REDIS_PORT": "8011",
build-and-push (telegram-bot)	Authenticate to GitHub Container Registry	  "MAIN_REGISTRY_URL": "registry.toncloud.observer",
build-and-push (telegram-bot)	Authenticate to GitHub Container Registry	  "MAIN_SOCKET_PORT": "80***",
build-and-push (telegram-bot)	Authenticate to GitHub Container Registry	  "MAIN_STAGE_NAME": "main-***",
build-and-push (telegram-bot)	Authenticate to GitHub Container Registry	  "MAIN_SWAGGER_UI_DOMAIN": "swagger-ui.***.live",
build-and-push (telegram-bot)	Authenticate to GitHub Container Registry	  "MAIN_SWAGGER_UI_PORT": "8024",
build-and-push (telegram-bot)	Authenticate to GitHub Container Registry	  "MAIN_SYS_CADDY_REPLICAS": "1",
build-and-push (telegram-bot)	Authenticate to GitHub Container Registry	  "MAIN_SYS_MINI_APP_REPLICAS": "12",
build-and-push (telegram-bot)	Authenticate to GitHub Container Registry	  "MAIN_SYS_PARTICIPANT_TMA_REPLICAS": "6",
build-and-push (telegram-bot)	Authenticate to GitHub Container Registry	  "MAIN_SYS_WEB_SITE_REPLICAS": "3",
build-and-push (telegram-bot)	Authenticate to GitHub Container Registry	  "MAIN_TELEGRAM_BOT_PORT": "8002",
build-and-push (telegram-bot)	Authenticate to GitHub Container Registry	  "MAIN_TG_EVENTS_TOPIC": "2",
build-and-push (telegram-bot)	Authenticate to GitHub Container Registry	  "MAIN_TG_LOGS_GROUP_ID": "-1002300666538",
build-and-push (telegram-bot)	Authenticate to GitHub Container Registry	  "MAIN_TG_LOG_BOT_TOKEN": "7604730825:AAE1WJHs5lFI2zX_tba6M-1HYfffA8ugFmA",
build-and-push (telegram-bot)	Authenticate to GitHub Container Registry	  "MAIN_TG_NOTIFICATION_CHANELL": "-100***32083***",
build-and-push (telegram-bot)	Authenticate to GitHub Container Registry	  "MAIN_TG_SYSTEM_TOPIC": "16",
build-and-push (telegram-bot)	Authenticate to GitHub Container Registry	  "MAIN_TG_TICKETS_TOPIC": "4",
build-and-push (telegram-bot)	Authenticate to GitHub Container Registry	  "MAIN_TON_CENTER_ENDPOINT": "https://toncenter.com/api/v2/jsonRPC",
build-and-push (telegram-bot)	Authenticate to GitHub Container Registry	  "MAIN_TON_SOCIETY_BASE_URL": "https://id.ton.org/v1",
build-and-push (telegram-bot)	Authenticate to GitHub Container Registry	  "MAIN_TWITTER_CLIENT_ID": "SU1RUS0xaHNsRk5kd014UlZieDQ6MTpjaQ",
build-and-push (telegram-bot)	Authenticate to GitHub Container Registry	  "MAIN_USE_CLOUDFLARE": "true",
build-and-push (telegram-bot)	Authenticate to GitHub Container Registry	  "MAIN_USE_MAIN_IP_TO_EXPOSE": "true",
build-and-push (telegram-bot)	Authenticate to GitHub Container Registry	  "NEXT_PUBLIC_BOT_USERNAME": "notnonstagebot",
build-and-push (telegram-bot)	Authenticate to GitHub Container Registry	  "SANDBOX_ACME_AGREE": "true",
build-and-push (telegram-bot)	Authenticate to GitHub Container Registry	  "SANDBOX_BRANCH_NAME": "sandbox",
build-and-push (telegram-bot)	Authenticate to GitHub Container Registry	  "SANDBOX_CACHE_ENABLED": "true",
build-and-push (telegram-bot)	Authenticate to GitHub Container Registry	  "SANDBOX_CLAMAV_PORT": "***10",
build-and-push (telegram-bot)	Authenticate to GitHub Container Registry	  "SANDBOX_CLIENT_API_FIXED_ORGANIZER": "@Ontonadmin",
build-and-push (telegram-bot)	Authenticate to GitHub Container Registry	  "SANDBOX_CLIENT_API_FIXED_USER": "@Ontonadmin",
build-and-push (telegram-bot)	Authenticate to GitHub Container Registry	  "SANDBOX_CLIENT_WEB_DOMAIN": "sandbox-client-web.toncloud.observer",
build-and-push (telegram-bot)	Authenticate to GitHub Container Registry	  "SANDBOX_COMPOSE_PROJECT_NAME": "sanbox-***",
build-and-push (telegram-bot)	Authenticate to GitHub Container Registry	  "SANDBOX_IP_CADDY": "caddy",
build-and-push (telegram-bot)	Authenticate to GitHub Container Registry	  "SANDBOX_IP_CLAMAV": "host.docker.internal",
build-and-push (telegram-bot)	Authenticate to GitHub Container Registry	  "SANDBOX_IP_KIBANA": "kibana",
build-and-push (telegram-bot)	Authenticate to GitHub Container Registry	  "SANDBOX_IP_METABASE": "metabase",
build-and-push (telegram-bot)	Authenticate to GitHub Container Registry	  "SANDBOX_IP_PGADMIN": "pgadmin",
build-and-push (telegram-bot)	Authenticate to GitHub Container Registry	  "SANDBOX_IP_POA_WORKER": "mini-app-poa-worker",
build-and-push (telegram-bot)	Authenticate to GitHub Container Registry	  "SANDBOX_IP_POSTGRES": "postgres",
build-and-push (telegram-bot)	Authenticate to GitHub Container Registry	  "SANDBOX_IP_SOCKET": "mini-app-notification-socket",
build-and-push (telegram-bot)	Authenticate to GitHub Container Registry	  "SANDBOX_IP_TELEGRAM_BOT": "telegram-bot",
build-and-push (telegram-bot)	Authenticate to GitHub Container Registry	  "SANDBOX_IP_WEBSITE": "website",
build-and-push (telegram-bot)	Authenticate to GitHub Container Registry	  "SANDBOX_JWT_SECRET_SOCKET": "D3v@OnTonw3tds112ewq%KD___%1006-7-8-9-0OkMjKlll%909R9OOsf",
build-and-push (telegram-bot)	Authenticate to GitHub Container Registry	  "SANDBOX_KIBANA_HASHED_PASSWORD": "$2a$14$6P83mnKs9BxP2qZDaMU.2OzBHY3SG0nnaVXJ8nKluEWEWD5RMmN/W",
build-and-push (telegram-bot)	Authenticate to GitHub Container Registry	  "SANDBOX_KIBANA_PORT": "6023",
build-and-push (telegram-bot)	Authenticate to GitHub Container Registry	  "SANDBOX_KIBANA_USERNAME": "monitor",
build-and-push (telegram-bot)	Authenticate to GitHub Container Registry	  "SANDBOX_LOCAL_DOMAIN": "sandbox-app.toncloud.observer",
build-and-push (telegram-bot)	Authenticate to GitHub Container Registry	  "SANDBOX_MB_REDIRECT_ALL_REQUESTS_TO_HTTPS": "true",
build-and-push (telegram-bot)	Authenticate to GitHub Container Registry	  "SANDBOX_METABASE_DOMAIN": "sandbox-metabase.toncloud.observer",
build-and-push (telegram-bot)	Authenticate to GitHub Container Registry	  "SANDBOX_MINIO_COLLECTION_BUCKET": "***collection",
build-and-push (telegram-bot)	Authenticate to GitHub Container Registry	  "SANDBOX_MINIO_DASHBOARD_PORT": "6014",
build-and-push (telegram-bot)	Authenticate to GitHub Container Registry	  "SANDBOX_MINIO_DOC_BUCKET": "***doc",
build-and-push (telegram-bot)	Authenticate to GitHub Container Registry	  "SANDBOX_MINIO_DOC_DEFAULT_BUCKET": "***",
build-and-push (telegram-bot)	Authenticate to GitHub Container Registry	  "SANDBOX_MINIO_ENDPOINT": "minio",
build-and-push (telegram-bot)	Authenticate to GitHub Container Registry	  "SANDBOX_MINIO_IMAGE_BUCKET": "***image",
build-and-push (telegram-bot)	Authenticate to GitHub Container Registry	  "SANDBOX_MINIO_ITEM_BUCKET": "***item",
build-and-push (telegram-bot)	Authenticate to GitHub Container Registry	  "SANDBOX_MINIO_PORT": "6012",
build-and-push (telegram-bot)	Authenticate to GitHub Container Registry	  "SANDBOX_MINIO_PUBLIC_URL": "https://sandbox-storage.toncloud.observer",
build-and-push (telegram-bot)	Authenticate to GitHub Container Registry	  "SANDBOX_MINIO_REGION_NAME": "default",
build-and-push (telegram-bot)	Authenticate to GitHub Container Registry	  "SANDBOX_MINIO_SBT_COLLECTIONS_BUCKET": "sbt-collections",
build-and-push (telegram-bot)	Authenticate to GitHub Container Registry	  "SANDBOX_MINIO_STORAGE_ADMIN_DOMAIN": "sandbox-storage-admin.toncloud.observer",
build-and-push (telegram-bot)	Authenticate to GitHub Container Registry	  "SANDBOX_MINIO_STORAGE_DOMAIN": "sandbox-storage.toncloud.observer",
build-and-push (telegram-bot)	Authenticate to GitHub Container Registry	  "SANDBOX_MINIO_VIDEO_BUCKET": "***video",
build-and-push (telegram-bot)	Authenticate to GitHub Container Registry	  "SANDBOX_MINI_APP_DOMAIN": "sandbox-app.toncloud.observer",
build-and-push (telegram-bot)	Authenticate to GitHub Container Registry	  "SANDBOX_MINI_APP_PORT": "6000",
build-and-push (telegram-bot)	Authenticate to GitHub Container Registry	  "SANDBOX_MINI_APP_SOCKET_DOMAIN": "sandbox-socket.toncloud.observer",
build-and-push (telegram-bot)	Authenticate to GitHub Container Registry	  "SANDBOX_MONITORING_DOMAIN": "sandbox-monitoring.toncloud.observer",
build-and-push (telegram-bot)	Authenticate to GitHub Container Registry	  "SANDBOX_NETWORK_NAME": "***-sandbox",
build-and-push (telegram-bot)	Authenticate to GitHub Container Registry	  "SANDBOX_NETWORK_PUBLIC_IP": "***",
build-and-push (telegram-bot)	Authenticate to GitHub Container Registry	  "SANDBOX_NEXT_PUBLIC_API_BASE_URL": "https://sandbox-app.toncloud.observer/api/v1",
build-and-push (telegram-bot)	Authenticate to GitHub Container Registry	  "SANDBOX_NEXT_PUBLIC_APP_BASE_URL": "https://sandbox-app.toncloud.observer",
build-and-push (telegram-bot)	Authenticate to GitHub Container Registry	  "SANDBOX_NEXT_PUBLIC_BACKEND_URL_CLIENT": "https://sandbox-app.toncloud.observer/api/client/v1/",
build-and-push (telegram-bot)	Authenticate to GitHub Container Registry	  "SANDBOX_NEXT_PUBLIC_BOT_USERNAME": "sandbox_ont0n_bot",
build-and-push (telegram-bot)	Authenticate to GitHub Container Registry	  "SANDBOX_NEXT_PUBLIC_GTM": "GTM-sandbox",
build-and-push (telegram-bot)	Authenticate to GitHub Container Registry	  "SANDBOX_NEXT_PUBLIC_SOCKET_URL": "sandbox-socket.toncloud.observer",
build-and-push (telegram-bot)	Authenticate to GitHub Container Registry	  "SANDBOX_NFT_INTERVAL_TIME": "60000",
build-and-push (telegram-bot)	Authenticate to GitHub Container Registry	  "SANDBOX_NFT_MANAGER_PORT": "6004",
build-and-push (telegram-bot)	Authenticate to GitHub Container Registry	  "SANDBOX_NODE_ENV": "production",
build-and-push (telegram-bot)	Authenticate to GitHub Container Registry	  "SANDBOX_NODE_TLS_REJECT_UNAUTHORIZED": "0",
build-and-push (telegram-bot)	Authenticate to GitHub Container Registry	  "SANDBOX_ONTON_DOMAIN": "sandbox.toncloud.observer",
build-and-push (telegram-bot)	Authenticate to GitHub Container Registry	  "SANDBOX_PARTICIPANT_TMA_PORT": "6001",
build-and-push (telegram-bot)	Authenticate to GitHub Container Registry	  "SANDBOX_PGADMIN_DOMAIN": "sandbox-pgadmin.toncloud.observer",
build-and-push (telegram-bot)	Authenticate to GitHub Container Registry	  "SANDBOX_PORT_CLIENT_WEB": "6007",
build-and-push (telegram-bot)	Authenticate to GitHub Container Registry	  "SANDBOX_PORT_METABASE": "6009",
build-and-push (telegram-bot)	Authenticate to GitHub Container Registry	  "SANDBOX_PORT_PGADMIN": "6006",
build-and-push (telegram-bot)	Authenticate to GitHub Container Registry	  "SANDBOX_PORT_WEB_SITE": "6005",
build-and-push (telegram-bot)	Authenticate to GitHub Container Registry	  "SANDBOX_POSTGRES_METABASE_DB": "sandbox-mini-app",
build-and-push (telegram-bot)	Authenticate to GitHub Container Registry	  "SANDBOX_POSTGRES_MINI_APP_DB": "sandbox-mini-app",
build-and-push (telegram-bot)	Authenticate to GitHub Container Registry	  "SANDBOX_POSTGRES_NFT_MANAGER_DB": "sandbox-nft-manager",
build-and-push (telegram-bot)	Authenticate to GitHub Container Registry	  "SANDBOX_POSTGRES_PORT": "6008",
build-and-push (telegram-bot)	Authenticate to GitHub Container Registry	  "SANDBOX_PTMA_API_BASE_URL": "https://sandbox-app.toncloud.observer/api/v1",
build-and-push (telegram-bot)	Authenticate to GitHub Container Registry	  "SANDBOX_RABBITMQ_DOMAIN": "sandbox-rabbitmq.toncloud.observer",
build-and-push (telegram-bot)	Authenticate to GitHub Container Registry	  "SANDBOX_RABBITMQ_MANAGEMENT_PORT": "6015",
build-and-push (telegram-bot)	Authenticate to GitHub Container Registry	  "SANDBOX_RABBITMQ_NODE_PORT": "6016",
build-and-push (telegram-bot)	Authenticate to GitHub Container Registry	  "SANDBOX_REDIS_DATABASES": "1",
build-and-push (telegram-bot)	Authenticate to GitHub Container Registry	  "SANDBOX_REDIS_PORT": "6011",
build-and-push (telegram-bot)	Authenticate to GitHub Container Registry	  "SANDBOX_REGISTRY_URL": "registry.toncloud.observer",
build-and-push (telegram-bot)	Authenticate to GitHub Container Registry	  "SANDBOX_SOCKET_PORT": "60***",
build-and-push (telegram-bot)	Authenticate to GitHub Container Registry	  "SANDBOX_STAGE_NAME": "sandbox-***",
build-and-push (telegram-bot)	Authenticate to GitHub Container Registry	  "SANDBOX_SYS_CADDY_REPLICAS": "1",
build-and-push (telegram-bot)	Authenticate to GitHub Container Registry	  "SANDBOX_SYS_MINI_APP_REPLICAS": "2",
build-and-push (telegram-bot)	Authenticate to GitHub Container Registry	  "SANDBOX_SYS_PARTICIPANT_TMA_REPLICAS": "2",
build-and-push (telegram-bot)	Authenticate to GitHub Container Registry	  "SANDBOX_SYS_WEB_SITE_REPLICAS": "1",
build-and-push (telegram-bot)	Authenticate to GitHub Container Registry	  "SANDBOX_TELEGRAM_BOT_PORT": "6002",
build-and-push (telegram-bot)	Authenticate to GitHub Container Registry	  "SANDBOX_TG_NOTIFICATION_CHANELL": "-1002164161685",
build-and-push (telegram-bot)	Authenticate to GitHub Container Registry	  "SANDBOX_TON_CENTER_ENDPOINT": "https://toncenter.com/api/v2/jsonRPC",
build-and-push (telegram-bot)	Authenticate to GitHub Container Registry	  "SANDBOX_TON_SOCIETY_BASE_URL": "https://society.ton.org/v1",
build-and-push (telegram-bot)	Authenticate to GitHub Container Registry	  "SANDBOX_USE_CLOUDFLARE": "true",
build-and-push (telegram-bot)	Authenticate to GitHub Container Registry	  "SANDBOX_USE_MAIN_IP_TO_EXPOSE": "true",
build-and-push (telegram-bot)	Authenticate to GitHub Container Registry	  "STAGING_ACME_AGREE": "true",
build-and-push (telegram-bot)	Authenticate to GitHub Container Registry	  "STAGING_BRANCH_NAME": "staging",
build-and-push (telegram-bot)	Authenticate to GitHub Container Registry	  "STAGING_CACHE_ENABLED": "true",
build-and-push (telegram-bot)	Authenticate to GitHub Container Registry	  "STAGING_CLAMAV_PORT": "***10",
build-and-push (telegram-bot)	Authenticate to GitHub Container Registry	  "STAGING_CLIENT_API_FIXED_ORGANIZER": "@Ontonadmin",
build-and-push (telegram-bot)	Authenticate to GitHub Container Registry	  "STAGING_CLIENT_API_FIXED_USER": "@Ontonadmin",
build-and-push (telegram-bot)	Authenticate to GitHub Container Registry	  "STAGING_CLIENT_WEB_DOMAIN": "staging-client-web.toncloud.observer",
build-and-push (telegram-bot)	Authenticate to GitHub Container Registry	  "STAGING_COMPOSE_PROJECT_NAME": "staging-***",
build-and-push (telegram-bot)	Authenticate to GitHub Container Registry	  "STAGING_ENV": "staging",
build-and-push (telegram-bot)	Authenticate to GitHub Container Registry	  "STAGING_EVENT_WALLET_ENC_KEY": "Ci5M6/B4Wke4qX6tXViVeW0xM0iH0yh/qvD3Y1xu2v8",
build-and-push (telegram-bot)	Authenticate to GitHub Container Registry	  "STAGING_GITHUB_CLIENT_ID": "Ov23liQFN1rMeZicYHnL",
build-and-push (telegram-bot)	Authenticate to GitHub Container Registry	  "STAGING_GITHUB_REPO": "***bot",
build-and-push (telegram-bot)	Authenticate to GitHub Container Registry	  "STAGING_GOLANG_SERVER_PORT": "4013",
build-and-push (telegram-bot)	Authenticate to GitHub Container Registry	  "STAGING_GOOGLE_CLIENT_ID": "174044865725-8urfv981fca74aj3bq2kqik7fbe2rggg.apps.googleusercontent.com",
build-and-push (telegram-bot)	Authenticate to GitHub Container Registry	  "STAGING_IP_CADDY": "caddy",
build-and-push (telegram-bot)	Authenticate to GitHub Container Registry	  "STAGING_IP_CLAMAV": "host.docker.internal",
build-and-push (telegram-bot)	Authenticate to GitHub Container Registry	  "STAGING_IP_CLIENT_WEB": "client-web",
build-and-push (telegram-bot)	Authenticate to GitHub Container Registry	  "STAGING_IP_GIVEAWAY_CHECKER": "giveaway-checker",
build-and-push (telegram-bot)	Authenticate to GitHub Container Registry	  "STAGING_IP_GOLANG_SERVER": "golang-server",
build-and-push (telegram-bot)	Authenticate to GitHub Container Registry	  "STAGING_IP_GOLANG_WORKER": "golang-worker",
build-and-push (telegram-bot)	Authenticate to GitHub Container Registry	  "STAGING_IP_KIBANA": "kibana",
build-and-push (telegram-bot)	Authenticate to GitHub Container Registry	  "STAGING_IP_METABASE": "metabase",
build-and-push (telegram-bot)	Authenticate to GitHub Container Registry	  "STAGING_IP_MINIO": "minio",
build-and-push (telegram-bot)	Authenticate to GitHub Container Registry	  "STAGING_IP_MINI_APP": "mini-app",
build-and-push (telegram-bot)	Authenticate to GitHub Container Registry	  "STAGING_IP_MINI_APP_CRON": "mini-app-sbt-worker",
build-and-push (telegram-bot)	Authenticate to GitHub Container Registry	  "STAGING_IP_NFT_MANAGER": "nft-manager",
build-and-push (telegram-bot)	Authenticate to GitHub Container Registry	  "STAGING_IP_PARTICIPANT_TMA": "participant-tma",
build-and-push (telegram-bot)	Authenticate to GitHub Container Registry	  "STAGING_IP_PGADMIN": "pgadmin",
build-and-push (telegram-bot)	Authenticate to GitHub Container Registry	  "STAGING_IP_POA_WORKER": "mini-app-poa-worker",
build-and-push (telegram-bot)	Authenticate to GitHub Container Registry	  "STAGING_IP_POSTGRES": "postgres",
build-and-push (telegram-bot)	Authenticate to GitHub Container Registry	  "STAGING_IP_RABBITMQ": "rabbitmq",
build-and-push (telegram-bot)	Authenticate to GitHub Container Registry	  "STAGING_IP_RANGE_BASE": "host.docker.internal",
build-and-push (telegram-bot)	Authenticate to GitHub Container Registry	  "STAGING_IP_RANGE_START": "172.11",
build-and-push (telegram-bot)	Authenticate to GitHub Container Registry	  "STAGING_IP_RANGE_SUBNET": "24",
build-and-push (telegram-bot)	Authenticate to GitHub Container Registry	  "STAGING_IP_REDIS": "redis",
build-and-push (telegram-bot)	Authenticate to GitHub Container Registry	  "STAGING_IP_SOCKET": "IP_SOCKET=mini-app-notification-socket",
build-and-push (telegram-bot)	Authenticate to GitHub Container Registry	  "STAGING_IP_SWAGGER_UI": "swagger-ui",
build-and-push (telegram-bot)	Authenticate to GitHub Container Registry	  "STAGING_IP_TELEGRAM_BOT": "telegram-bot",
build-and-push (telegram-bot)	Authenticate to GitHub Container Registry	  "STAGING_IP_WEBSITE": "website",
build-and-push (telegram-bot)	Authenticate to GitHub Container Registry	  "STAGING_JWT_SECRET_SOCKET": "JFDmdjeu__@HF_KKSEEWR_ERWER_FGDFG_ET%DG%34534aasd%_Rhueflihfsdlnf",
build-and-push (telegram-bot)	Authenticate to GitHub Container Registry	  "STAGING_KIBANA_HASHED_PASSWORD": "$2a$14$6P83mnKs9BxP2qZDaMU.2OzBHY3SG0nnaVXJ8nKluEWEWD5RMmN/W",
build-and-push (telegram-bot)	Authenticate to GitHub Container Registry	  "STAGING_KIBANA_PORT": "4023",
build-and-push (telegram-bot)	Authenticate to GitHub Container Registry	  "STAGING_KIBANA_USERNAME": "monitor",
build-and-push (telegram-bot)	Authenticate to GitHub Container Registry	  "STAGING_LINKEDIN_CLIENT_ID": "77osbnm9chxr4c",
build-and-push (telegram-bot)	Authenticate to GitHub Container Registry	  "STAGING_LOCAL_DOMAIN": "staging-app.toncloud.observer",
build-and-push (telegram-bot)	Authenticate to GitHub Container Registry	  "STAGING_MB_REDIRECT_ALL_REQUESTS_TO_HTTPS": "true",
build-and-push (telegram-bot)	Authenticate to GitHub Container Registry	  "STAGING_METABASE_DOMAIN": "staging-metabase.toncloud.observer",
build-and-push (telegram-bot)	Authenticate to GitHub Container Registry	  "STAGING_MINIO_COLLECTION_BUCKET": "***collection",
build-and-push (telegram-bot)	Authenticate to GitHub Container Registry	  "STAGING_MINIO_DASHBOARD_PORT": "4014",
build-and-push (telegram-bot)	Authenticate to GitHub Container Registry	  "STAGING_MINIO_DOC_BUCKET": "***doc",
build-and-push (telegram-bot)	Authenticate to GitHub Container Registry	  "STAGING_MINIO_DOC_DEFAULT_BUCKET": "***",
build-and-push (telegram-bot)	Authenticate to GitHub Container Registry	  "STAGING_MINIO_ENDPOINT": "minio",
build-and-push (telegram-bot)	Authenticate to GitHub Container Registry	  "STAGING_MINIO_IMAGE_BUCKET": "***image",
build-and-push (telegram-bot)	Authenticate to GitHub Container Registry	  "STAGING_MINIO_ITEM_BUCKET": "***item",
build-and-push (telegram-bot)	Authenticate to GitHub Container Registry	  "STAGING_MINIO_PORT": "4012",
build-and-push (telegram-bot)	Authenticate to GitHub Container Registry	  "STAGING_MINIO_PUBLIC_URL": "https://staging-storage.toncloud.observer",
build-and-push (telegram-bot)	Authenticate to GitHub Container Registry	  "STAGING_MINIO_REGION_NAME": "default",
build-and-push (telegram-bot)	Authenticate to GitHub Container Registry	  "STAGING_MINIO_SBT_COLLECTIONS_BUCKET": "sbt-collections",
build-and-push (telegram-bot)	Authenticate to GitHub Container Registry	  "STAGING_MINIO_STORAGE_ADMIN_DOMAIN": "staging-storage-admin.toncloud.observer",
build-and-push (telegram-bot)	Authenticate to GitHub Container Registry	  "STAGING_MINIO_STORAGE_DOMAIN": "staging-storage.toncloud.observer",
build-and-push (telegram-bot)	Authenticate to GitHub Container Registry	  "STAGING_MINIO_VIDEO_BUCKET": "***video",
build-and-push (telegram-bot)	Authenticate to GitHub Container Registry	  "STAGING_MINI_APP_DOMAIN": "staging-app.toncloud.observer",
build-and-push (telegram-bot)	Authenticate to GitHub Container Registry	  "STAGING_MINI_APP_PORT": "4000",
build-and-push (telegram-bot)	Authenticate to GitHub Container Registry	  "STAGING_MINI_APP_SOCKET_DOMAIN": "staging-socket.toncloud.observer",
build-and-push (telegram-bot)	Authenticate to GitHub Container Registry	  "STAGING_MONITORING_DOMAIN": "staging-monitoring.toncloud.observer",
build-and-push (telegram-bot)	Authenticate to GitHub Container Registry	  "STAGING_MS_CLIENT_ID": "916e0c9f-17bc-45c2-9cbc-025c48a0d449",
build-and-push (telegram-bot)	Authenticate to GitHub Container Registry	  "STAGING_NETWORK_NAME": "***-staging",
build-and-push (telegram-bot)	Authenticate to GitHub Container Registry	  "STAGING_NETWORK_PUBLIC_IP": "***",
build-and-push (telegram-bot)	Authenticate to GitHub Container Registry	  "STAGING_NEXT_PUBLIC_API_BASE_URL": "https://staging-app.toncloud.observer/api/v1",
build-and-push (telegram-bot)	Authenticate to GitHub Container Registry	  "STAGING_NEXT_PUBLIC_APP_BASE_URL": "https://staging-app.toncloud.observer",
build-and-push (telegram-bot)	Authenticate to GitHub Container Registry	  "STAGING_NEXT_PUBLIC_BACKEND_URL_CLIENT": "https://staging-app.toncloud.observer/api/client/v1/",
build-and-push (telegram-bot)	Authenticate to GitHub Container Registry	  "STAGING_NEXT_PUBLIC_BOT_USERNAME": "notnonstagebot",
build-and-push (telegram-bot)	Authenticate to GitHub Container Registry	  "STAGING_NEXT_PUBLIC_ENV": "staging",
build-and-push (telegram-bot)	Authenticate to GitHub Container Registry	  "STAGING_NEXT_PUBLIC_GTM": "GTM-staging",
build-and-push (telegram-bot)	Authenticate to GitHub Container Registry	  "STAGING_NEXT_PUBLIC_SOCKET_URL": "staging-socket.toncloud.observer",
build-and-push (telegram-bot)	Authenticate to GitHub Container Registry	  "STAGING_NEXT_PUBLIC_TRPC_BASE_URL": "https://staging-app.toncloud.observer",
build-and-push (telegram-bot)	Authenticate to GitHub Container Registry	  "STAGING_NFT_INTERVAL_TIME": "60000",
build-and-push (telegram-bot)	Authenticate to GitHub Container Registry	  "STAGING_NFT_MANAGER_PORT": "4004",
build-and-push (telegram-bot)	Authenticate to GitHub Container Registry	  "STAGING_NODE_ENV": "production",
build-and-push (telegram-bot)	Authenticate to GitHub Container Registry	  "STAGING_NODE_TLS_REJECT_UNAUTHORIZED": "0",
build-and-push (telegram-bot)	Authenticate to GitHub Container Registry	  "STAGING_ONTON_DOMAIN": "staging.toncloud.observer",
build-and-push (telegram-bot)	Authenticate to GitHub Container Registry	  "STAGING_PARTICIPANT_TMA_PORT": "4001",
build-and-push (telegram-bot)	Authenticate to GitHub Container Registry	  "STAGING_PGADMIN_DOMAIN": "staging-pgadmin.toncloud.observer",
build-and-push (telegram-bot)	Authenticate to GitHub Container Registry	  "STAGING_PORT_CLIENT_WEB": "4007",
build-and-push (telegram-bot)	Authenticate to GitHub Container Registry	  "STAGING_PORT_METABASE": "4009",
build-and-push (telegram-bot)	Authenticate to GitHub Container Registry	  "STAGING_PORT_PGADMIN": "4006",
build-and-push (telegram-bot)	Authenticate to GitHub Container Registry	  "STAGING_PORT_WEB_SITE": "4005",
build-and-push (telegram-bot)	Authenticate to GitHub Container Registry	  "STAGING_POSTGRES_METABASE_DB": "staging-mini-app",
build-and-push (telegram-bot)	Authenticate to GitHub Container Registry	  "STAGING_POSTGRES_MINI_APP_DB": "staging-mini-app",
build-and-push (telegram-bot)	Authenticate to GitHub Container Registry	  "STAGING_POSTGRES_NFT_MANAGER_DB": "staging-nft-manager",
build-and-push (telegram-bot)	Authenticate to GitHub Container Registry	  "STAGING_POSTGRES_PORT": "4008",
build-and-push (telegram-bot)	Authenticate to GitHub Container Registry	  "STAGING_PTMA_API_BASE_URL": "https://staging-app.toncloud.observer/api/v1",
build-and-push (telegram-bot)	Authenticate to GitHub Container Registry	  "STAGING_RABBITMQ_DOMAIN": "staging-rabbitmq.toncloud.observer",
build-and-push (telegram-bot)	Authenticate to GitHub Container Registry	  "STAGING_RABBITMQ_MANAGEMENT_PORT": "4015",
build-and-push (telegram-bot)	Authenticate to GitHub Container Registry	  "STAGING_RABBITMQ_NODE_PORT": "4016",
build-and-push (telegram-bot)	Authenticate to GitHub Container Registry	  "STAGING_REDIS_DATABASES": "1",
build-and-push (telegram-bot)	Authenticate to GitHub Container Registry	  "STAGING_REDIS_PORT": "4011",
build-and-push (telegram-bot)	Authenticate to GitHub Container Registry	  "STAGING_REGISTRY_URL": "registry.toncloud.observer",
build-and-push (telegram-bot)	Authenticate to GitHub Container Registry	  "STAGING_SOCKET_PORT": "40***",
build-and-push (telegram-bot)	Authenticate to GitHub Container Registry	  "STAGING_STAGE_NAME": "staging-***",
build-and-push (telegram-bot)	Authenticate to GitHub Container Registry	  "STAGING_SWAGGER_UI_DOMAIN": "staging-swagger-ui.toncloud.observer",
build-and-push (telegram-bot)	Authenticate to GitHub Container Registry	  "STAGING_SWAGGER_UI_PORT": "4024",
build-and-push (telegram-bot)	Authenticate to GitHub Container Registry	  "STAGING_SYS_CADDY_REPLICAS": "1",
build-and-push (telegram-bot)	Authenticate to GitHub Container Registry	  "STAGING_SYS_MINI_APP_REPLICAS": "2",
build-and-push (telegram-bot)	Authenticate to GitHub Container Registry	  "STAGING_SYS_PARTICIPANT_TMA_REPLICAS": "2",
build-and-push (telegram-bot)	Authenticate to GitHub Container Registry	  "STAGING_SYS_WEB_SITE_REPLICAS": "1",
build-and-push (telegram-bot)	Authenticate to GitHub Container Registry	  "STAGING_TELEGRAM_BOT_PORT": "4002",
build-and-push (telegram-bot)	Authenticate to GitHub Container Registry	  "STAGING_TG_EVENTS_TOPIC": "2",
build-and-push (telegram-bot)	Authenticate to GitHub Container Registry	  "STAGING_TG_LOGS_GROUP_ID": "-100***64975789",
build-and-push (telegram-bot)	Authenticate to GitHub Container Registry	  "STAGING_TG_LOG_BOT_TOKEN": "7604730825:AAE1WJHs5lFI2zX_tba6M-1HYfffA8ugFmA",
build-and-push (telegram-bot)	Authenticate to GitHub Container Registry	  "STAGING_TG_NOTIFICATION_CHANELL": "-1002164161685",
build-and-push (telegram-bot)	Authenticate to GitHub Container Registry	  "STAGING_TG_SYSTEM_TOPIC": "16",
build-and-push (telegram-bot)	Authenticate to GitHub Container Registry	  "STAGING_TG_TICKETS_TOPIC": "4",
build-and-push (telegram-bot)	Authenticate to GitHub Container Registry	  "STAGING_TON_CENTER_ENDPOINT": "https://toncenter.com/api/v2/jsonRPC",
build-and-push (telegram-bot)	Authenticate to GitHub Container Registry	  "STAGING_TON_SOCIETY_BASE_URL": "https://id.ton.org/v1",
build-and-push (telegram-bot)	Authenticate to GitHub Container Registry	  "STAGING_TWITTER_CLIENT_ID": "SU1RUS0xaHNsRk5kd014UlZieDQ6MTpjaQ",
build-and-push (telegram-bot)	Authenticate to GitHub Container Registry	  "STAGING_USE_CLOUDFLARE": "true",
build-and-push (telegram-bot)	Authenticate to GitHub Container Registry	  "STAGING_USE_MAIN_IP_TO_EXPOSE": "true",
build-and-push (telegram-bot)	Authenticate to GitHub Container Registry	  "TELEGRAM_BOT_TOKEN_FOR_DEPLOYMENT": "7604730825:AAHhtwa4bGhELsBn2VqUxIIFXVJkRJfKuDs",
build-and-push (telegram-bot)	Authenticate to GitHub Container Registry	  "TELEGRAM_CHAT_ID_FOR_DEPLOYMENT": "***"
build-and-push (telegram-bot)	Authenticate to GitHub Container Registry	}
build-and-push (telegram-bot)	Authenticate to GitHub Container Registry	2026-02-09T12:09:32.9058254Z ##[endgroup]
build-and-push (telegram-bot)	Authenticate to GitHub Container Registry	2026-02-09T12:09:33.2067900Z Logging into ghcr.io...
build-and-push (telegram-bot)	Authenticate to GitHub Container Registry	2026-02-09T12:09:33.9927181Z Login Succeeded!
build-and-push (telegram-bot)	Build and push image for telegram-bot	﻿2026-02-09T12:09:34.0041385Z ##[group]Run #["client-web"]="client-web-panel"
build-and-push (telegram-bot)	Build and push image for telegram-bot	2026-02-09T12:09:34.0042594Z [36;1m#["client-web"]="client-web-panel"[0m
build-and-push (telegram-bot)	Build and push image for telegram-bot	2026-02-09T12:09:34.0043149Z [36;1mdeclare -A services=([0m
build-and-push (telegram-bot)	Build and push image for telegram-bot	2026-02-09T12:09:34.0043731Z [36;1m  ["participant-tma"]="newton/apps/participant-tma"[0m
build-and-push (telegram-bot)	Build and push image for telegram-bot	2026-02-09T12:09:34.0044362Z [36;1m  ["mini-app-sbt-worker"]="mini-app"[0m
build-and-push (telegram-bot)	Build and push image for telegram-bot	2026-02-09T12:09:34.0044950Z [36;1m  ["mini-app-nft-api-worker"]="mini-app"[0m
build-and-push (telegram-bot)	Build and push image for telegram-bot	2026-02-09T12:09:34.0045838Z [36;1m  ["mini-app-ordinary-worker"]="mini-app"[0m
build-and-push (telegram-bot)	Build and push image for telegram-bot	2026-02-09T12:09:34.0046428Z [36;1m  ["mini-app-reward-worker"]="mini-app"[0m
build-and-push (telegram-bot)	Build and push image for telegram-bot	2026-02-09T12:09:34.0046967Z [36;1m  ["mini-app"]="mini-app"[0m
build-and-push (telegram-bot)	Build and push image for telegram-bot	2026-02-09T12:09:34.0047501Z [36;1m  ["telegram-bot"]="telegram-bot"[0m
build-and-push (telegram-bot)	Build and push image for telegram-bot	2026-02-09T12:09:34.0048027Z [36;1m  ["website"]="website"[0m
build-and-push (telegram-bot)	Build and push image for telegram-bot	2026-02-09T12:09:34.0048531Z [36;1m  ["caddy"]="devops/caddy"[0m
build-and-push (telegram-bot)	Build and push image for telegram-bot	2026-02-09T12:09:34.0049006Z [36;1m)[0m
build-and-push (telegram-bot)	Build and push image for telegram-bot	2026-02-09T12:09:34.0049433Z [36;1mbranch_name="dev"[0m
build-and-push (telegram-bot)	Build and push image for telegram-bot	2026-02-09T12:09:34.0049925Z [36;1mservice="telegram-bot"[0m
build-and-push (telegram-bot)	Build and push image for telegram-bot	2026-02-09T12:09:34.0050477Z [36;1mbuild_path="${services[$service]}"[0m
build-and-push (telegram-bot)	Build and push image for telegram-bot	2026-02-09T12:09:34.0051150Z [36;1mrepository=$(echo "ExecutESG/***" | tr '[:upper:]' '[:lower:]')[0m
build-and-push (telegram-bot)	Build and push image for telegram-bot	2026-02-09T12:09:34.0051856Z [36;1mservice=$(echo "$service" | tr '[:upper:]' '[:lower:]')[0m
build-and-push (telegram-bot)	Build and push image for telegram-bot	2026-02-09T12:09:34.0052423Z [36;1m[0m
build-and-push (telegram-bot)	Build and push image for telegram-bot	2026-02-09T12:09:34.0052848Z [36;1m# Use GHCR[0m
build-and-push (telegram-bot)	Build and push image for telegram-bot	2026-02-09T12:09:34.0053371Z [36;1mimage_name="ghcr.io/${repository}/${service}"[0m
build-and-push (telegram-bot)	Build and push image for telegram-bot	2026-02-09T12:09:34.0054002Z [36;1mtag_commit="${image_name}:${branch_name}-21824495195"[0m
build-and-push (telegram-bot)	Build and push image for telegram-bot	2026-02-09T12:09:34.0054654Z [36;1mtag_latest="${image_name}:${branch_name}-latest"[0m
build-and-push (telegram-bot)	Build and push image for telegram-bot	2026-02-09T12:09:34.0055552Z [36;1mecho "Building image: $tag_commit"[0m
build-and-push (telegram-bot)	Build and push image for telegram-bot	2026-02-09T12:09:34.0056188Z [36;1m  echo "Building image: $tag_latest"[0m
build-and-push (telegram-bot)	Build and push image for telegram-bot	2026-02-09T12:09:34.0056751Z [36;1mecho "Branch name: $branch_name"[0m
build-and-push (telegram-bot)	Build and push image for telegram-bot	2026-02-09T12:09:34.0057292Z [36;1mecho "Repository: $repository"[0m
build-and-push (telegram-bot)	Build and push image for telegram-bot	2026-02-09T12:09:34.0057818Z [36;1mecho "image name: $image_name"[0m
build-and-push (telegram-bot)	Build and push image for telegram-bot	2026-02-09T12:09:34.0058360Z [36;1mecho "Processing service: $service"[0m
build-and-push (telegram-bot)	Build and push image for telegram-bot	2026-02-09T12:09:34.0058897Z [36;1mecho "Build path: $build_path"[0m
build-and-push (telegram-bot)	Build and push image for telegram-bot	2026-02-09T12:09:34.0059380Z [36;1m[0m
build-and-push (telegram-bot)	Build and push image for telegram-bot	2026-02-09T12:09:34.0059857Z [36;1mif  [ "$service" == "participant-tma" ]; then[0m
build-and-push (telegram-bot)	Build and push image for telegram-bot	2026-02-09T12:09:34.0060517Z [36;1m  dockerfile_path="newton/apps/participant-tma/Dockerfile"[0m
build-and-push (telegram-bot)	Build and push image for telegram-bot	2026-02-09T12:09:34.0061148Z [36;1m  build_context="./newton"[0m
build-and-push (telegram-bot)	Build and push image for telegram-bot	2026-02-09T12:09:34.0061786Z [36;1m elif [ "$service" == "caddy" ]; then[0m
build-and-push (telegram-bot)	Build and push image for telegram-bot	2026-02-09T12:09:34.0062730Z [36;1m  dockerfile_path="devops/caddy/Dockerfile"[0m
build-and-push (telegram-bot)	Build and push image for telegram-bot	2026-02-09T12:09:34.0079409Z [36;1m  build_context="./devops/caddy/"[0m
build-and-push (telegram-bot)	Build and push image for telegram-bot	2026-02-09T12:09:34.0080117Z [36;1melse[0m
build-and-push (telegram-bot)	Build and push image for telegram-bot	2026-02-09T12:09:34.0080646Z [36;1m  dockerfile_path="$build_path/Dockerfile"[0m
build-and-push (telegram-bot)	Build and push image for telegram-bot	2026-02-09T12:09:34.0081232Z [36;1m  build_context="$build_path"[0m
build-and-push (telegram-bot)	Build and push image for telegram-bot	2026-02-09T12:09:34.0081736Z [36;1mfi[0m
build-and-push (telegram-bot)	Build and push image for telegram-bot	2026-02-09T12:09:34.0082145Z [36;1m[0m
build-and-push (telegram-bot)	Build and push image for telegram-bot	2026-02-09T12:09:34.0082595Z [36;1mif [ -f "$dockerfile_path" ]; then[0m
build-and-push (telegram-bot)	Build and push image for telegram-bot	2026-02-09T12:09:34.0083196Z [36;1m  echo "Using Dockerfile at $dockerfile_path"[0m
build-and-push (telegram-bot)	Build and push image for telegram-bot	2026-02-09T12:09:34.0083784Z [36;1m  # Create commit details file[0m
build-and-push (telegram-bot)	Build and push image for telegram-bot	2026-02-09T12:09:34.0084333Z [36;1m  COMMIT_DETAILS_FILE=$(mktemp)[0m
build-and-push (telegram-bot)	Build and push image for telegram-bot	2026-02-09T12:09:34.0085207Z [36;1m  echo "Commit SHA: 0c3bec63c4903a99acde2a599f1cd5d98df508ae" > "$COMMIT_DETAILS_FILE"[0m
build-and-push (telegram-bot)	Build and push image for telegram-bot	2026-02-09T12:09:34.0086051Z [36;1m  echo "Commit Author: bemehrbani" >> "$COMMIT_DETAILS_FILE"[0m
build-and-push (telegram-bot)	Build and push image for telegram-bot	2026-02-09T12:09:34.0086894Z [36;1m  echo "Commit Message: fix(deploy): strip quotes from env and inject bot vars" >> "$COMMIT_DETAILS_FILE"[0m
build-and-push (telegram-bot)	Build and push image for telegram-bot	2026-02-09T12:09:34.0087762Z [36;1m  echo "Commit Date: 2026-02-09T14:09:04+02:00" >> "$COMMIT_DETAILS_FILE"[0m
build-and-push (telegram-bot)	Build and push image for telegram-bot	2026-02-09T12:09:34.0088362Z [36;1m[0m
build-and-push (telegram-bot)	Build and push image for telegram-bot	2026-02-09T12:09:34.0088901Z [36;1m  # Move the commit details file to the appropriate build context[0m
build-and-push (telegram-bot)	Build and push image for telegram-bot	2026-02-09T12:09:34.0089613Z [36;1m  mv "$COMMIT_DETAILS_FILE" "$build_context/commit_details.txt"[0m
build-and-push (telegram-bot)	Build and push image for telegram-bot	2026-02-09T12:09:34.0090277Z [36;1m  chmod 644 "$build_context/commit_details.txt"[0m
build-and-push (telegram-bot)	Build and push image for telegram-bot	2026-02-09T12:09:34.0091089Z [36;1m  # Create temporary build args file[0m
build-and-push (telegram-bot)	Build and push image for telegram-bot	2026-02-09T12:09:34.0091759Z [36;1m  BUILD_ARGS_FILE=$(mktemp)[0m
build-and-push (telegram-bot)	Build and push image for telegram-bot	2026-02-09T12:09:34.0092232Z [36;1m[0m
build-and-push (telegram-bot)	Build and push image for telegram-bot	2026-02-09T12:09:34.0092747Z [36;1m  # Extract environment variables for the current branch[0m
build-and-push (telegram-bot)	Build and push image for telegram-bot	2026-02-09T12:09:34.0093378Z [36;1m  branch_prefix="${branch_name^^}_"[0m
build-and-push (telegram-bot)	Build and push image for telegram-bot	2026-02-09T12:09:34.0094092Z [36;1m  echo "Extracting environment variables for the branch prefix: $branch_prefix"[0m
build-and-push (telegram-bot)	Build and push image for telegram-bot	2026-02-09T12:09:34.0094820Z [36;1m[0m
build-and-push (telegram-bot)	Build and push image for telegram-bot	2026-02-09T12:09:34.0095498Z [36;1m  # Function to safely process environment variables[0m
build-and-push (telegram-bot)	Build and push image for telegram-bot	2026-02-09T12:09:34.0096107Z [36;1m  process_env_vars() {[0m
build-and-push (telegram-bot)	Build and push image for telegram-bot	2026-02-09T12:09:34.0096608Z [36;1m    local json_str="$1"[0m
build-and-push (telegram-bot)	Build and push image for telegram-bot	2026-02-09T12:09:34.0097096Z [36;1m    local prefix="$2"[0m
build-and-push (telegram-bot)	Build and push image for telegram-bot	2026-02-09T12:09:34.0097575Z [36;1m    local outfile="$3"[0m
build-and-push (telegram-bot)	Build and push image for telegram-bot	2026-02-09T12:09:34.0098029Z [36;1m[0m
build-and-push (telegram-bot)	Build and push image for telegram-bot	2026-02-09T12:09:34.0098498Z [36;1m    # Ensure JSON is properly formatted[0m
build-and-push (telegram-bot)	Build and push image for telegram-bot	2026-02-09T12:09:34.0099118Z [36;1m    echo "$json_str" | jq -r --arg prefix "$prefix" \[0m
build-and-push (telegram-bot)	Build and push image for telegram-bot	2026-02-09T12:09:34.0099785Z [36;1m      'with_entries(select(.key | startswith($prefix))) |[0m
build-and-push (telegram-bot)	Build and push image for telegram-bot	2026-02-09T12:09:34.0100366Z [36;1m      to_entries[] |[0m
build-and-push (telegram-bot)	Build and push image for telegram-bot	2026-02-09T12:09:34.0100950Z [36;1m      "\(.key | sub($prefix; ""))=\(.value)"' >> "$outfile" || true[0m
build-and-push (telegram-bot)	Build and push image for telegram-bot	2026-02-09T12:09:34.0101524Z [36;1m  }[0m
build-and-push (telegram-bot)	Build and push image for telegram-bot	2026-02-09T12:09:34.0101934Z [36;1m[0m
build-and-push (telegram-bot)	Build and push image for telegram-bot	2026-02-09T12:09:34.0102390Z [36;1m  # Process secrets with error handling[0m
build-and-push (telegram-bot)	Build and push image for telegram-bot	2026-02-09T12:09:34.0102949Z [36;1m  if [ -n "$ALLMYSECRETS" ]; then[0m
build-and-push (telegram-bot)	Build and push image for telegram-bot	2026-02-09T12:09:34.0103512Z [36;1m    echo "Processing secrets..."[0m
build-and-push (telegram-bot)	Build and push image for telegram-bot	2026-02-09T12:09:34.0104170Z [36;1m    process_env_vars "$ALLMYSECRETS" "$branch_prefix" "$BUILD_ARGS_FILE"[0m
build-and-push (telegram-bot)	Build and push image for telegram-bot	2026-02-09T12:09:34.0104787Z [36;1m[0m
build-and-push (telegram-bot)	Build and push image for telegram-bot	2026-02-09T12:09:34.0105385Z [36;1m  fi[0m
build-and-push (telegram-bot)	Build and push image for telegram-bot	2026-02-09T12:09:34.0105835Z [36;1m[0m
build-and-push (telegram-bot)	Build and push image for telegram-bot	2026-02-09T12:09:34.0106278Z [36;1m  # Process vars with error handling[0m
build-and-push (telegram-bot)	Build and push image for telegram-bot	2026-02-09T12:09:34.0106827Z [36;1m  if [ -n "$ALLMYVARS" ]; then[0m
build-and-push (telegram-bot)	Build and push image for telegram-bot	2026-02-09T12:09:34.0107359Z [36;1m    echo "Processing vars..."[0m
build-and-push (telegram-bot)	Build and push image for telegram-bot	2026-02-09T12:09:34.0107979Z [36;1m    process_env_vars "$ALLMYVARS" "$branch_prefix" "$BUILD_ARGS_FILE"[0m
build-and-push (telegram-bot)	Build and push image for telegram-bot	2026-02-09T12:09:34.0108570Z [36;1m  fi[0m
build-and-push (telegram-bot)	Build and push image for telegram-bot	2026-02-09T12:09:34.0108977Z [36;1m[0m
build-and-push (telegram-bot)	Build and push image for telegram-bot	2026-02-09T12:09:34.0109392Z [36;1m  # Add package manager[0m
build-and-push (telegram-bot)	Build and push image for telegram-bot	2026-02-09T12:09:34.0109938Z [36;1m  echo "PACKAGE_MANAGER=pnpm" >> "$BUILD_ARGS_FILE"[0m
build-and-push (telegram-bot)	Build and push image for telegram-bot	2026-02-09T12:09:34.0110520Z [36;1m[0m
build-and-push (telegram-bot)	Build and push image for telegram-bot	2026-02-09T12:09:34.0111003Z [36;1m  # Debug output (without showing sensitive values)[0m
build-and-push (telegram-bot)	Build and push image for telegram-bot	2026-02-09T12:09:34.0111710Z [36;1m  echo "Generated build args file with $(wc -l < "$BUILD_ARGS_FILE") variables"[0m
build-and-push (telegram-bot)	Build and push image for telegram-bot	2026-02-09T12:09:34.0112426Z [36;1m  echo "Dockerfile path: $dockerfile_path"[0m
build-and-push (telegram-bot)	Build and push image for telegram-bot	2026-02-09T12:09:34.0113010Z [36;1m  echo "Build context: $build_context"[0m
build-and-push (telegram-bot)	Build and push image for telegram-bot	2026-02-09T12:09:34.0113606Z [36;1m  # Create Docker build command with proper escaping[0m
build-and-push (telegram-bot)	Build and push image for telegram-bot	2026-02-09T12:09:34.0114226Z [36;1m  DOCKER_CMD="docker buildx build --push "[0m
build-and-push (telegram-bot)	Build and push image for telegram-bot	2026-02-09T12:09:34.0114748Z [36;1m[0m
build-and-push (telegram-bot)	Build and push image for telegram-bot	2026-02-09T12:09:34.0115367Z [36;1m  # Check if branch name is dev or sandbox[0m
build-and-push (telegram-bot)	Build and push image for telegram-bot	2026-02-09T12:09:34.0115899Z [36;1m  #[0m
build-and-push (telegram-bot)	Build and push image for telegram-bot	2026-02-09T12:09:34.0116456Z [36;1m  #            if  [ "$branch_name" == "dev" ] || [ "$branch_name" == "sandbox" ]; then[0m
build-and-push (telegram-bot)	Build and push image for telegram-bot	2026-02-09T12:09:34.0117236Z [36;1m  #              echo "Branch is $branch_name. Building with target development."[0m
build-and-push (telegram-bot)	Build and push image for telegram-bot	2026-02-09T12:09:34.0117924Z [36;1m  #              DOCKER_CMD+=" --target development "[0m
build-and-push (telegram-bot)	Build and push image for telegram-bot	2026-02-09T12:09:34.0118470Z [36;1m  #            else[0m
build-and-push (telegram-bot)	Build and push image for telegram-bot	2026-02-09T12:09:34.0119096Z [36;1m  #              echo "Branch is $branch_name. Building with default (production) target."[0m
build-and-push (telegram-bot)	Build and push image for telegram-bot	2026-02-09T12:09:34.0119826Z [36;1m  #              DOCKER_CMD+=" --target production "[0m
build-and-push (telegram-bot)	Build and push image for telegram-bot	2026-02-09T12:09:34.0120370Z [36;1m  #            fi[0m
build-and-push (telegram-bot)	Build and push image for telegram-bot	2026-02-09T12:09:34.0120865Z [36;1m  DOCKER_CMD+=" --target production "[0m
build-and-push (telegram-bot)	Build and push image for telegram-bot	2026-02-09T12:09:34.0121395Z [36;1m  # Add build args from file[0m
build-and-push (telegram-bot)	Build and push image for telegram-bot	2026-02-09T12:09:34.0122072Z [36;1m  while IFS='=' read -r key value; do[0m
build-and-push (telegram-bot)	Build and push image for telegram-bot	2026-02-09T12:09:34.0122700Z [36;1m    if [ -n "$key" ]; then[0m
build-and-push (telegram-bot)	Build and push image for telegram-bot	2026-02-09T12:09:34.0123244Z [36;1m      DOCKER_CMD+="--build-arg $key=\"$value\" "[0m
build-and-push (telegram-bot)	Build and push image for telegram-bot	2026-02-09T12:09:34.0123774Z [36;1m    fi[0m
build-and-push (telegram-bot)	Build and push image for telegram-bot	2026-02-09T12:09:34.0124213Z [36;1m  done < "$BUILD_ARGS_FILE"[0m
build-and-push (telegram-bot)	Build and push image for telegram-bot	2026-02-09T12:09:34.0124674Z [36;1m[0m
build-and-push (telegram-bot)	Build and push image for telegram-bot	2026-02-09T12:09:34.0125257Z [36;1m  # Add remaining arguments[0m
build-and-push (telegram-bot)	Build and push image for telegram-bot	2026-02-09T12:09:34.0125793Z [36;1m  DOCKER_CMD+=" -f \"$dockerfile_path\""[0m
build-and-push (telegram-bot)	Build and push image for telegram-bot	2026-02-09T12:09:34.0126356Z [36;1m  DOCKER_CMD+=" -t \"$tag_commit\""[0m
build-and-push (telegram-bot)	Build and push image for telegram-bot	2026-02-09T12:09:34.0126889Z [36;1m  DOCKER_CMD+=" -t \"$tag_latest\""[0m
build-and-push (telegram-bot)	Build and push image for telegram-bot	2026-02-09T12:09:34.0127407Z [36;1m  DOCKER_CMD+=" \"$build_context\""[0m
build-and-push (telegram-bot)	Build and push image for telegram-bot	2026-02-09T12:09:34.0127874Z [36;1m[0m
build-and-push (telegram-bot)	Build and push image for telegram-bot	2026-02-09T12:09:34.0128247Z [36;1m[0m
build-and-push (telegram-bot)	Build and push image for telegram-bot	2026-02-09T12:09:34.0128653Z [36;1m  # Execute build[0m
build-and-push (telegram-bot)	Build and push image for telegram-bot	2026-02-09T12:09:34.0129137Z [36;1m  echo "Starting docker build..."[0m
build-and-push (telegram-bot)	Build and push image for telegram-bot	2026-02-09T12:09:34.0129653Z [36;1m  if ! eval "$DOCKER_CMD"; then[0m
build-and-push (telegram-bot)	Build and push image for telegram-bot	2026-02-09T12:09:34.0130296Z [36;1m    echo "Retrying without cache due to potential dependency issues..."[0m
build-and-push (telegram-bot)	Build and push image for telegram-bot	2026-02-09T12:09:34.0130959Z [36;1m    eval "$DOCKER_CMD --no-cache"[0m
build-and-push (telegram-bot)	Build and push image for telegram-bot	2026-02-09T12:09:34.0131442Z [36;1m  fi[0m
build-and-push (telegram-bot)	Build and push image for telegram-bot	2026-02-09T12:09:34.0131839Z [36;1m[0m
build-and-push (telegram-bot)	Build and push image for telegram-bot	2026-02-09T12:09:34.0132323Z [36;1m  # Cleanup[0m
build-and-push (telegram-bot)	Build and push image for telegram-bot	2026-02-09T12:09:34.0132777Z [36;1m  rm -f "$BUILD_ARGS_FILE"[0m
build-and-push (telegram-bot)	Build and push image for telegram-bot	2026-02-09T12:09:34.0133242Z [36;1melse[0m
build-and-push (telegram-bot)	Build and push image for telegram-bot	2026-02-09T12:09:34.0133838Z [36;1m  echo "Error: Dockerfile $dockerfile_path does not exist. Skipping $service."[0m
build-and-push (telegram-bot)	Build and push image for telegram-bot	2026-02-09T12:09:34.0134462Z [36;1mfi[0m
build-and-push (telegram-bot)	Build and push image for telegram-bot	2026-02-09T12:09:34.0165529Z shell: /usr/bin/bash -e {0}
build-and-push (telegram-bot)	Build and push image for telegram-bot	2026-02-09T12:09:34.0166004Z env:
build-and-push (telegram-bot)	Build and push image for telegram-bot	2026-02-09T12:09:34.0194778Z   ALLMYSECRETS: {
build-and-push (telegram-bot)	Build and push image for telegram-bot	  "DEV_MNEMONIC": "***",
build-and-push (telegram-bot)	Build and push image for telegram-bot	  "MAIN_PGADMIN_DEFAULT_PASSWORD": "***",
build-and-push (telegram-bot)	Build and push image for telegram-bot	  "DOCKER_HUB_TOKEN": "***",
build-and-push (telegram-bot)	Build and push image for telegram-bot	  "STAGING_ONTON_API_KEY": "***",
build-and-push (telegram-bot)	Build and push image for telegram-bot	  "STAGING_CLOUDFLARE_API_TOKEN": "***",
build-and-push (telegram-bot)	Build and push image for telegram-bot	  "DEV_TON_CENTER_TOKEN": "***",
build-and-push (telegram-bot)	Build and push image for telegram-bot	  "STAGING_ONTON_API_SECRET": "***",
build-and-push (telegram-bot)	Build and push image for telegram-bot	  "STAGING_GITHUB_CLIENT_SECRET": "***",
build-and-push (telegram-bot)	Build and push image for telegram-bot	  "SSH_MAIN_IP": "***",
build-and-push (telegram-bot)	Build and push image for telegram-bot	  "MAIN_TWITTER_CLIENT_SECRET": "***",
build-and-push (telegram-bot)	Build and push image for telegram-bot	  "STAGING_MINIO_ROOT_PASSWORD": "***",
build-and-push (telegram-bot)	Build and push image for telegram-bot	  "MAIN_GITHUB_CLIENT_SECRET": "***",
build-and-push (telegram-bot)	Build and push image for telegram-bot	  "STAGING_RABBITMQ_DEFAULT_PASS": "***",
build-and-push (telegram-bot)	Build and push image for telegram-bot	  "SSH_DEV_IP": "***",
build-and-push (telegram-bot)	Build and push image for telegram-bot	  "DEV_POSTGRES_PASSWORD": "***",
build-and-push (telegram-bot)	Build and push image for telegram-bot	  "SSH_PASSPHRASE": "***",
build-and-push (telegram-bot)	Build and push image for telegram-bot	  "STAGING_CLIENT_API_FIXED_KEY": "***",
build-and-push (telegram-bot)	Build and push image for telegram-bot	  "MAIN_TON_CENTER_TOKEN": "***",
build-and-push (telegram-bot)	Build and push image for telegram-bot	  "DOCKER_HUB_USERNAME": "***",
build-and-push (telegram-bot)	Build and push image for telegram-bot	  "GIT_API_KEY": "***",
build-and-push (telegram-bot)	Build and push image for telegram-bot	  "MAIN_CLOUDFLARE_EMAIL": "***",
build-and-push (telegram-bot)	Build and push image for telegram-bot	  "MAIN_DATABASE_URL": "***",
build-and-push (telegram-bot)	Build and push image for telegram-bot	  "MAIN_CLOUDFLARE_EMAIL_MAIN": "***",
build-and-push (telegram-bot)	Build and push image for telegram-bot	  "STAGING_PGADMIN_DEFAULT_EMAIL": "***",
build-and-push (telegram-bot)	Build and push image for telegram-bot	  "STAGING_SECRET_EVENT_WALLET_ENC_KEY": "***",
build-and-push (telegram-bot)	Build and push image for telegram-bot	  "STAGING_PGADMIN_DEFAULT_PASSWORD": "***",
build-and-push (telegram-bot)	Build and push image for telegram-bot	  "CR_PAT": "***",
build-and-push (telegram-bot)	Build and push image for telegram-bot	  "MAIN_CLOUDFLARE_API_TOKEN_MAIN": "***",
build-and-push (telegram-bot)	Build and push image for telegram-bot	  "MAIN_POSTGRES_USER": "***",
build-and-push (telegram-bot)	Build and push image for telegram-bot	  "DEV_BOT_TOKEN": "***",
build-and-push (telegram-bot)	Build and push image for telegram-bot	  "STAGING_REDIS_PASSWORD": "***",
build-and-push (telegram-bot)	Build and push image for telegram-bot	  "TELEGRAM_CHAT_ID_FOR_DEPLOYMENT": "***",
build-and-push (telegram-bot)	Build and push image for telegram-bot	  "STAGING_TONAPI_API_KEY": "***",
build-and-push (telegram-bot)	Build and push image for telegram-bot	  "STAGING_CLOUDFLARE_API_TOKEN_MAIN": "***",
build-and-push (telegram-bot)	Build and push image for telegram-bot	  "MAIN_BOT_TOKEN": "***",
build-and-push (telegram-bot)	Build and push image for telegram-bot	  "MAIN_SENTRY_AUTH_TOKEN": "***",
build-and-push (telegram-bot)	Build and push image for telegram-bot	  "github_token": "***",
build-and-push (telegram-bot)	Build and push image for telegram-bot	  "STAGING_DATABASE_URL_NFT_MANAGER": "***",
build-and-push (telegram-bot)	Build and push image for telegram-bot	  "DEV_CLOUDFLARE_API_TOKEN": "***",
build-and-push (telegram-bot)	Build and push image for telegram-bot	  "STAGING_TON_SOCIETY_API_KEY": "***",
build-and-push (telegram-bot)	Build and push image for telegram-bot	  "STAGING_POSTGRES_PASSWORD": "***",
build-and-push (telegram-bot)	Build and push image for telegram-bot	  "MAIN_RABBITMQ_DEFAULT_USER": "***",
build-and-push (telegram-bot)	Build and push image for telegram-bot	  "MAIN_CLOUDFLARE_API_TOKEN": "***",
build-and-push (telegram-bot)	Build and push image for telegram-bot	  "MAIN_CLOUDFLARE_DNS_ZONE_ID": "***",
build-and-push (telegram-bot)	Build and push image for telegram-bot	  "MAIN_REDIS_PASSWORD": "***",
build-and-push (telegram-bot)	Build and push image for telegram-bot	  "STAGING_MINIO_ROOT_USER": "***",
build-and-push (telegram-bot)	Build and push image for telegram-bot	  "MAIN_TON_SOCIETY_API_KEY": "***",
build-and-push (telegram-bot)	Build and push image for telegram-bot	  "STAGING_CLOUDFLARE_DNS_ZONE_ID": "***",
build-and-push (telegram-bot)	Build and push image for telegram-bot	  "DEV_CLIENT_API_JWT_SECRET": "***",
build-and-push (telegram-bot)	Build and push image for telegram-bot	  "STAGING_BOT_TOKEN": "***",
build-and-push (telegram-bot)	Build and push image for telegram-bot	  "MAIN_MB_ENCRYPTION_SECRET_KEY": "***",
build-and-push (telegram-bot)	Build and push image for telegram-bot	  "USE_CLOUDFLARE": "***",
build-and-push (telegram-bot)	Build and push image for telegram-bot	  "MAIN_TONAPI_API_KEY": "***",
build-and-push (telegram-bot)	Build and push image for telegram-bot	  "SSH_PRIVATE_KEY": "***",
build-and-push (telegram-bot)	Build and push image for telegram-bot	  "MAIN_LINKEDIN_CLIENT_SECRET": "***",
build-and-push (telegram-bot)	Build and push image for telegram-bot	  "STAGING_MS_CLIENT_SECRET": "***",
build-and-push (telegram-bot)	Build and push image for telegram-bot	  "SSH_DEV_KEY": "***",
build-and-push (telegram-bot)	Build and push image for telegram-bot	  "STAGING_TWITTER_CLIENT_SECRET": "***",
build-and-push (telegram-bot)	Build and push image for telegram-bot	  "STAGING_CLIENT_API_JWT_SECRET": "***",
build-and-push (telegram-bot)	Build and push image for telegram-bot	  "MAIN_DATABASE_URL_NFT_MANAGER": "***",
build-and-push (telegram-bot)	Build and push image for telegram-bot	  "DEV_ONTON_API_SECRET": "***",
build-and-push (telegram-bot)	Build and push image for telegram-bot	  "MAIN_GOOGLE_CLIENT_SECRET": "***",
build-and-push (telegram-bot)	Build and push image for telegram-bot	  "MAIN_MS_CLIENT_SECRET": "***",
build-and-push (telegram-bot)	Build and push image for telegram-bot	  "STAGING_DATABASE_URL": "***",
build-and-push (telegram-bot)	Build and push image for telegram-bot	  "STAGING_TON_CENTER_TOKEN": "***",
build-and-push (telegram-bot)	Build and push image for telegram-bot	  "DEV_TON_SOCIETY_API_KEY": "***",
build-and-push (telegram-bot)	Build and push image for telegram-bot	  "MAIN_EVENT_WALLET_ENC_KEY": "***",
build-and-push (telegram-bot)	Build and push image for telegram-bot	  "STAGING_POSTGRES_USER": "***",
build-and-push (telegram-bot)	Build and push image for telegram-bot	  "MAIN_PGADMIN_DEFAULT_EMAIL": "***",
build-and-push (telegram-bot)	Build and push image for telegram-bot	  "SSH_MAIN_PORT": "***",
build-and-push (telegram-bot)	Build and push image for telegram-bot	  "MAIN_MNEMONIC": "***",
build-and-push (telegram-bot)	Build and push image for telegram-bot	  "MAIN_POSTGRES_PASSWORD": "***",
build-and-push (telegram-bot)	Build and push image for telegram-bot	  "DEV_TONAPI_API_KEY": "***",
build-and-push (telegram-bot)	Build and push image for telegram-bot	  "STAGING_GOOGLE_CLIENT_SECRET": "***",
build-and-push (telegram-bot)	Build and push image for telegram-bot	  "DEV_MB_ENCRYPTION_SECRET_KEY": "***",
build-and-push (telegram-bot)	Build and push image for telegram-bot	  "STAGING_SENTRY_AUTH_TOKEN": "***",
build-and-push (telegram-bot)	Build and push image for telegram-bot	  "DEV_DATABASE_URL": "***",
build-and-push (telegram-bot)	Build and push image for telegram-bot	  "DEV_MINIO_ROOT_PASSWORD": "***",
build-and-push (telegram-bot)	Build and push image for telegram-bot	  "MAIN_RABBITMQ_DEFAULT_PASS": "***",
build-and-push (telegram-bot)	Build and push image for telegram-bot	  "TELEGRAM_BOT_TOKEN_FOR_DEPLOYMENT": "***",
build-and-push (telegram-bot)	Build and push image for telegram-bot	  "MAIN_ONTON_API_SECRET": "***",
build-and-push (telegram-bot)	Build and push image for telegram-bot	  "MAIN_CLIENT_API_FIXED_KEY": "***",
build-and-push (telegram-bot)	Build and push image for telegram-bot	  "SSH_DEV_PORT": "***",
build-and-push (telegram-bot)	Build and push image for telegram-bot	  "DEV_ONTON_API_KEY": "***",
build-and-push (telegram-bot)	Build and push image for telegram-bot	  "DEV_MINIO_ROOT_USER": "***",
build-and-push (telegram-bot)	Build and push image for telegram-bot	  "STAGING_MNEMONIC": "***",
build-and-push (telegram-bot)	Build and push image for telegram-bot	  "MAIN_MINIO_ROOT_USER": "***",
build-and-push (telegram-bot)	Build and push image for telegram-bot	  "DEV_PGADMIN_DEFAULT_PASSWORD": "***",
build-and-push (telegram-bot)	Build and push image for telegram-bot	  "DEV_CLIENT_API_FIXED_KEY": "***",
build-and-push (telegram-bot)	Build and push image for telegram-bot	  "STAGING_CLOUDFLARE_EMAIL": "***",
build-and-push (telegram-bot)	Build and push image for telegram-bot	  "STAGING_MB_ENCRYPTION_SECRET_KEY": "***",
build-and-push (telegram-bot)	Build and push image for telegram-bot	  "MAIN_MINIO_ROOT_PASSWORD": "***",
build-and-push (telegram-bot)	Build and push image for telegram-bot	  "MAIN_ONTON_API_KEY": "***",
build-and-push (telegram-bot)	Build and push image for telegram-bot	  "STAGING_RABBITMQ_DEFAULT_USER": "***",
build-and-push (telegram-bot)	Build and push image for telegram-bot	  "MAIN_CLIENT_API_JWT_SECRET": "***",
build-and-push (telegram-bot)	Build and push image for telegram-bot	  "STAGING_LINKEDIN_CLIENT_SECRET": "***",
build-and-push (telegram-bot)	Build and push image for telegram-bot	  "DEV_RABBITMQ_DEFAULT_PASS": "***"
build-and-push (telegram-bot)	Build and push image for telegram-bot	}
build-and-push (telegram-bot)	Build and push image for telegram-bot	2026-02-09T12:09:34.0273401Z   ALLMYVARS: {
build-and-push (telegram-bot)	Build and push image for telegram-bot	  "DEV_ACME_AGREE": "true",
build-and-push (telegram-bot)	Build and push image for telegram-bot	  "DEV_BRANCH_NAME": "dev",
build-and-push (telegram-bot)	Build and push image for telegram-bot	  "DEV_CACHE_ENABLED": "true",
build-and-push (telegram-bot)	Build and push image for telegram-bot	  "DEV_CLAMAV_PORT": "***10",
build-and-push (telegram-bot)	Build and push image for telegram-bot	  "DEV_CLIENT_API_FIXED_ORGANIZER": "@Ontonadmin",
build-and-push (telegram-bot)	Build and push image for telegram-bot	  "DEV_CLIENT_API_FIXED_USER": "@Ontonadmin",
build-and-push (telegram-bot)	Build and push image for telegram-bot	  "DEV_CLIENT_WEB_DOMAIN": "dev-client-web.dev.***.live",
build-and-push (telegram-bot)	Build and push image for telegram-bot	  "DEV_COMPOSE_PROJECT_NAME": "develop-***",
build-and-push (telegram-bot)	Build and push image for telegram-bot	  "DEV_ENV": "development",
build-and-push (telegram-bot)	Build and push image for telegram-bot	  "DEV_EVENT_WALLET_ENC_KEY": "Ci5M6/B4Wke4qX6tXViVeW0xM0iH0yh/qvD3Y1xu2v8",
build-and-push (telegram-bot)	Build and push image for telegram-bot	  "DEV_GOLANG_SERVER_PORT": "3013",
build-and-push (telegram-bot)	Build and push image for telegram-bot	  "DEV_IP_CADDY": "caddy",
build-and-push (telegram-bot)	Build and push image for telegram-bot	  "DEV_IP_CLAMAV": "host.docker.internal",
build-and-push (telegram-bot)	Build and push image for telegram-bot	  "DEV_IP_CLIENT_WEB": "client-web",
build-and-push (telegram-bot)	Build and push image for telegram-bot	  "DEV_IP_GIVEAWAY_CHECKER": "giveaway-checker",
build-and-push (telegram-bot)	Build and push image for telegram-bot	  "DEV_IP_GOLANG_SERVER": "golang-server",
build-and-push (telegram-bot)	Build and push image for telegram-bot	  "DEV_IP_GOLANG_WORKER": "golang-worker",
build-and-push (telegram-bot)	Build and push image for telegram-bot	  "DEV_IP_KIBANA": "kibana",
build-and-push (telegram-bot)	Build and push image for telegram-bot	  "DEV_IP_METABASE": "metabase",
build-and-push (telegram-bot)	Build and push image for telegram-bot	  "DEV_IP_MINIO": "minio",
build-and-push (telegram-bot)	Build and push image for telegram-bot	  "DEV_IP_MINI_APP": "mini-app",
build-and-push (telegram-bot)	Build and push image for telegram-bot	  "DEV_IP_MINI_APP_CRON": "mini-app-sbt-worker",
build-and-push (telegram-bot)	Build and push image for telegram-bot	  "DEV_IP_NFT_MANAGER": "nft-manager",
build-and-push (telegram-bot)	Build and push image for telegram-bot	  "DEV_IP_PARTICIPANT_TMA": "participant-tma",
build-and-push (telegram-bot)	Build and push image for telegram-bot	  "DEV_IP_PGADMIN": "pgadmin",
build-and-push (telegram-bot)	Build and push image for telegram-bot	  "DEV_IP_POA_WORKER": "mini-app-poa-worker",
build-and-push (telegram-bot)	Build and push image for telegram-bot	  "DEV_IP_POSTGRES": "postgres",
build-and-push (telegram-bot)	Build and push image for telegram-bot	  "DEV_IP_RABBITMQ": "rabbitmq",
build-and-push (telegram-bot)	Build and push image for telegram-bot	  "DEV_IP_RANGE_BASE": "host.docker.internal",
build-and-push (telegram-bot)	Build and push image for telegram-bot	  "DEV_IP_RANGE_START": "172.10",
build-and-push (telegram-bot)	Build and push image for telegram-bot	  "DEV_IP_RANGE_SUBNET": "24",
build-and-push (telegram-bot)	Build and push image for telegram-bot	  "DEV_IP_REDIS": "redis",
build-and-push (telegram-bot)	Build and push image for telegram-bot	  "DEV_IP_SOCKET": "mini-app-notification-socket",
build-and-push (telegram-bot)	Build and push image for telegram-bot	  "DEV_IP_SWAGGER_UI": "swagger-ui",
build-and-push (telegram-bot)	Build and push image for telegram-bot	  "DEV_IP_TELEGRAM_BOT": "telegram-bot",
build-and-push (telegram-bot)	Build and push image for telegram-bot	  "DEV_IP_WEBSITE": "website",
build-and-push (telegram-bot)	Build and push image for telegram-bot	  "DEV_JWT_SECRET_SOCKET": "D3v@OnTonw3tds112ewq%KD___%1006-7-8-9-0OkMjKlll%909R9OOsf",
build-and-push (telegram-bot)	Build and push image for telegram-bot	  "DEV_KIBANA_HASHED_PASSWORD": "$2a$14$6P83mnKs9BxP2qZDaMU.2OzBHY3SG0nnaVXJ8nKluEWEWD5RMmN/W",
build-and-push (telegram-bot)	Build and push image for telegram-bot	  "DEV_KIBANA_PORT": "3023",
build-and-push (telegram-bot)	Build and push image for telegram-bot	  "DEV_KIBANA_USERNAME": "monitor",
build-and-push (telegram-bot)	Build and push image for telegram-bot	  "DEV_LOCAL_DOMAIN": "dev-app.dev.***.live",
build-and-push (telegram-bot)	Build and push image for telegram-bot	  "DEV_MB_REDIRECT_ALL_REQUESTS_TO_HTTPS": "true",
build-and-push (telegram-bot)	Build and push image for telegram-bot	  "DEV_METABASE_DOMAIN": "dev-metabase.dev.***.live",
build-and-push (telegram-bot)	Build and push image for telegram-bot	  "DEV_MINIO_COLLECTION_BUCKET": "***collection",
build-and-push (telegram-bot)	Build and push image for telegram-bot	  "DEV_MINIO_DASHBOARD_PORT": "3014",
build-and-push (telegram-bot)	Build and push image for telegram-bot	  "DEV_MINIO_DOC_BUCKET": "***doc",
build-and-push (telegram-bot)	Build and push image for telegram-bot	  "DEV_MINIO_DOC_DEFAULT_BUCKET": "***",
build-and-push (telegram-bot)	Build and push image for telegram-bot	  "DEV_MINIO_ENDPOINT": "minio",
build-and-push (telegram-bot)	Build and push image for telegram-bot	  "DEV_MINIO_IMAGE_BUCKET": "***image",
build-and-push (telegram-bot)	Build and push image for telegram-bot	  "DEV_MINIO_ITEM_BUCKET": "***item",
build-and-push (telegram-bot)	Build and push image for telegram-bot	  "DEV_MINIO_PORT": "3012",
build-and-push (telegram-bot)	Build and push image for telegram-bot	  "DEV_MINIO_PUBLIC_URL": "https://dev-storage.dev.***.live",
build-and-push (telegram-bot)	Build and push image for telegram-bot	  "DEV_MINIO_REGION_NAME": "default",
build-and-push (telegram-bot)	Build and push image for telegram-bot	  "DEV_MINIO_SBT_COLLECTIONS_BUCKET": "sbt-collections",
build-and-push (telegram-bot)	Build and push image for telegram-bot	  "DEV_MINIO_STORAGE_ADMIN_DOMAIN": "dev-storage-admin.dev.***.live",
build-and-push (telegram-bot)	Build and push image for telegram-bot	  "DEV_MINIO_STORAGE_DOMAIN": "dev-storage.dev.***.live",
build-and-push (telegram-bot)	Build and push image for telegram-bot	  "DEV_MINIO_VIDEO_BUCKET": "***video",
build-and-push (telegram-bot)	Build and push image for telegram-bot	  "DEV_MINI_APP_DOMAIN": "dev-app.dev.***.live",
build-and-push (telegram-bot)	Build and push image for telegram-bot	  "DEV_MINI_APP_PORT": "3000",
build-and-push (telegram-bot)	Build and push image for telegram-bot	  "DEV_MINI_APP_SOCKET_DOMAIN": "dev-socket.dev.***.live",
build-and-push (telegram-bot)	Build and push image for telegram-bot	  "DEV_MONITORING_DOMAIN": "dev-monitoring.dev.***.live",
build-and-push (telegram-bot)	Build and push image for telegram-bot	  "DEV_NETWORK_NAME": "***-dev",
build-and-push (telegram-bot)	Build and push image for telegram-bot	  "DEV_NETWORK_PUBLIC_IP": "***",
build-and-push (telegram-bot)	Build and push image for telegram-bot	  "DEV_NEXT_PUBLIC_API_BASE_URL": "https://dev-app.dev.***.live/api/v1",
build-and-push (telegram-bot)	Build and push image for telegram-bot	  "DEV_NEXT_PUBLIC_APP_BASE_URL": "https://dev-app.dev.***.live",
build-and-push (telegram-bot)	Build and push image for telegram-bot	  "DEV_NEXT_PUBLIC_BACKEND_URL_CLIENT": "https://dev-app.dev.***.live/api/client/v1/",
build-and-push (telegram-bot)	Build and push image for telegram-bot	  "DEV_NEXT_PUBLIC_BOT_USERNAME": "dev_ont0n_bot",
build-and-push (telegram-bot)	Build and push image for telegram-bot	  "DEV_NEXT_PUBLIC_ENV": "development",
build-and-push (telegram-bot)	Build and push image for telegram-bot	  "DEV_NEXT_PUBLIC_GTM": "GTM-dev",
build-and-push (telegram-bot)	Build and push image for telegram-bot	  "DEV_NEXT_PUBLIC_SOCKET_URL": "dev-socket.dev.***.live",
build-and-push (telegram-bot)	Build and push image for telegram-bot	  "DEV_NFT_INTERVAL_TIME": "60000",
build-and-push (telegram-bot)	Build and push image for telegram-bot	  "DEV_NFT_MANAGER_PORT": "3004",
build-and-push (telegram-bot)	Build and push image for telegram-bot	  "DEV_NODE_ENV": "production",
build-and-push (telegram-bot)	Build and push image for telegram-bot	  "DEV_NODE_TLS_REJECT_UNAUTHORIZED": "0",
build-and-push (telegram-bot)	Build and push image for telegram-bot	  "DEV_ONTON_DOMAIN": "dev.***.live",
build-and-push (telegram-bot)	Build and push image for telegram-bot	  "DEV_PARTICIPANT_TMA_PORT": "3001",
build-and-push (telegram-bot)	Build and push image for telegram-bot	  "DEV_PGADMIN_DOMAIN": "dev-pgadmin.dev.***.live",
build-and-push (telegram-bot)	Build and push image for telegram-bot	  "DEV_PORT_CLIENT_WEB": "3007",
build-and-push (telegram-bot)	Build and push image for telegram-bot	  "DEV_PORT_METABASE": "3009",
build-and-push (telegram-bot)	Build and push image for telegram-bot	  "DEV_PORT_PGADMIN": "3006",
build-and-push (telegram-bot)	Build and push image for telegram-bot	  "DEV_PORT_WEB_SITE": "3005",
build-and-push (telegram-bot)	Build and push image for telegram-bot	  "DEV_POSTGRES_METABASE_DB": "dev-mini-app",
build-and-push (telegram-bot)	Build and push image for telegram-bot	  "DEV_POSTGRES_MINI_APP_DB": "dev-mini-app",
build-and-push (telegram-bot)	Build and push image for telegram-bot	  "DEV_POSTGRES_NFT_MANAGER_DB": "dev-nft-manager",
build-and-push (telegram-bot)	Build and push image for telegram-bot	  "DEV_POSTGRES_PORT": "3008",
build-and-push (telegram-bot)	Build and push image for telegram-bot	  "DEV_PTMA_API_BASE_URL": "https://dev-app.dev.***.live/api/v1",
build-and-push (telegram-bot)	Build and push image for telegram-bot	  "DEV_RABBITMQ_DOMAIN": "dev-rabbitmq.dev.***.live",
build-and-push (telegram-bot)	Build and push image for telegram-bot	  "DEV_RABBITMQ_MANAGEMENT_PORT": "3015",
build-and-push (telegram-bot)	Build and push image for telegram-bot	  "DEV_RABBITMQ_NODE_PORT": "3016",
build-and-push (telegram-bot)	Build and push image for telegram-bot	  "DEV_REDIS_DATABASES": "1",
build-and-push (telegram-bot)	Build and push image for telegram-bot	  "DEV_REDIS_PORT": "3011",
build-and-push (telegram-bot)	Build and push image for telegram-bot	  "DEV_REGISTRY_URL": "ghcr.io",
build-and-push (telegram-bot)	Build and push image for telegram-bot	  "DEV_SOCKET_PORT": "30***",
build-and-push (telegram-bot)	Build and push image for telegram-bot	  "DEV_STAGE_NAME": "dev-***",
build-and-push (telegram-bot)	Build and push image for telegram-bot	  "DEV_SWAGGER_UI_DOMAIN": "dev-swagger-ui.dev.***.live",
build-and-push (telegram-bot)	Build and push image for telegram-bot	  "DEV_SWAGGER_UI_PORT": "3024",
build-and-push (telegram-bot)	Build and push image for telegram-bot	  "DEV_SYS_CADDY_REPLICAS": "1",
build-and-push (telegram-bot)	Build and push image for telegram-bot	  "DEV_SYS_MINI_APP_REPLICAS": "1",
build-and-push (telegram-bot)	Build and push image for telegram-bot	  "DEV_SYS_PARTICIPANT_TMA_REPLICAS": "1",
build-and-push (telegram-bot)	Build and push image for telegram-bot	  "DEV_SYS_WEB_SITE_REPLICAS": "1",
build-and-push (telegram-bot)	Build and push image for telegram-bot	  "DEV_TELEGRAM_BOT_PORT": "3002",
build-and-push (telegram-bot)	Build and push image for telegram-bot	  "DEV_TG_EVENTS_TOPIC": "2",
build-and-push (telegram-bot)	Build and push image for telegram-bot	  "DEV_TG_LOGS_GROUP_ID": "-1002308507308",
build-and-push (telegram-bot)	Build and push image for telegram-bot	  "DEV_TG_LOG_BOT_TOKEN": "7604730825:AAE1WJHs5lFI2zX_tba6M-1HYfffA8ugFmA",
build-and-push (telegram-bot)	Build and push image for telegram-bot	  "DEV_TG_NOTIFICATION_CHANELL": "-1002164161685",
build-and-push (telegram-bot)	Build and push image for telegram-bot	  "DEV_TG_SYSTEM_TOPIC": "16",
build-and-push (telegram-bot)	Build and push image for telegram-bot	  "DEV_TG_TICKETS_TOPIC": "4",
build-and-push (telegram-bot)	Build and push image for telegram-bot	  "DEV_TON_CENTER_ENDPOINT": "https://toncenter.com/api/v2/jsonRPC",
build-and-push (telegram-bot)	Build and push image for telegram-bot	  "DEV_TON_SOCIETY_BASE_URL": "https://id.ton.org/v1",
build-and-push (telegram-bot)	Build and push image for telegram-bot	  "DEV_USE_CLOUDFLARE": "true",
build-and-push (telegram-bot)	Build and push image for telegram-bot	  "DEV_USE_MAIN_IP_TO_EXPOSE": "true",
build-and-push (telegram-bot)	Build and push image for telegram-bot	  "MAIN_ACME_AGREE": "true",
build-and-push (telegram-bot)	Build and push image for telegram-bot	  "MAIN_BRANCH_NAME": "main",
build-and-push (telegram-bot)	Build and push image for telegram-bot	  "MAIN_CACHE_ENABLED": "true",
build-and-push (telegram-bot)	Build and push image for telegram-bot	  "MAIN_CLAMAV_PORT": "***10",
build-and-push (telegram-bot)	Build and push image for telegram-bot	  "MAIN_CLIENT_API_FIXED_ORGANIZER": "@Ontonadmin",
build-and-push (telegram-bot)	Build and push image for telegram-bot	  "MAIN_CLIENT_API_FIXED_USER": "@Ontonadmin",
build-and-push (telegram-bot)	Build and push image for telegram-bot	  "MAIN_CLIENT_WEB_DOMAIN": "client-web.***.live",
build-and-push (telegram-bot)	Build and push image for telegram-bot	  "MAIN_COMPOSE_PROJECT_NAME": "production-***",
build-and-push (telegram-bot)	Build and push image for telegram-bot	  "MAIN_ENV": "production",
build-and-push (telegram-bot)	Build and push image for telegram-bot	  "MAIN_GITHUB_CLIENT_ID": "Ov23liQFN1rMeZicYHnL",
build-and-push (telegram-bot)	Build and push image for telegram-bot	  "MAIN_GITHUB_REPO": "***bot",
build-and-push (telegram-bot)	Build and push image for telegram-bot	  "MAIN_GOLANG_SERVER_PORT": "8013",
build-and-push (telegram-bot)	Build and push image for telegram-bot	  "MAIN_GOOGLE_CLIENT_ID": "174044865725-8urfv981fca74aj3bq2kqik7fbe2rggg.apps.googleusercontent.com",
build-and-push (telegram-bot)	Build and push image for telegram-bot	  "MAIN_IP_CADDY": "caddy",
build-and-push (telegram-bot)	Build and push image for telegram-bot	  "MAIN_IP_CLAMAV": "host.docker.internal",
build-and-push (telegram-bot)	Build and push image for telegram-bot	  "MAIN_IP_CLIENT_WEB": "client-web",
build-and-push (telegram-bot)	Build and push image for telegram-bot	  "MAIN_IP_GIVEAWAY_CHECKER": "giveaway-checker",
build-and-push (telegram-bot)	Build and push image for telegram-bot	  "MAIN_IP_GOLANG_SERVER": "golang-server",
build-and-push (telegram-bot)	Build and push image for telegram-bot	  "MAIN_IP_GOLANG_WORKER": "golang-worker",
build-and-push (telegram-bot)	Build and push image for telegram-bot	  "MAIN_IP_KIBANA": "kibana",
build-and-push (telegram-bot)	Build and push image for telegram-bot	  "MAIN_IP_METABASE": "metabase",
build-and-push (telegram-bot)	Build and push image for telegram-bot	  "MAIN_IP_MINIO": "minio",
build-and-push (telegram-bot)	Build and push image for telegram-bot	  "MAIN_IP_MINI_APP": "mini-app",
build-and-push (telegram-bot)	Build and push image for telegram-bot	  "MAIN_IP_MINI_APP_CRON": "mini-app-sbt-worker",
build-and-push (telegram-bot)	Build and push image for telegram-bot	  "MAIN_IP_NFT_MANAGER": "nft-manager",
build-and-push (telegram-bot)	Build and push image for telegram-bot	  "MAIN_IP_PARTICIPANT_TMA": "participant-tma",
build-and-push (telegram-bot)	Build and push image for telegram-bot	  "MAIN_IP_PGADMIN": "pgadmin",
build-and-push (telegram-bot)	Build and push image for telegram-bot	  "MAIN_IP_POA_WORKER": "mini-app-poa-worker",
build-and-push (telegram-bot)	Build and push image for telegram-bot	  "MAIN_IP_POSTGRES": "postgres",
build-and-push (telegram-bot)	Build and push image for telegram-bot	  "MAIN_IP_RABBITMQ": "rabbitmq",
build-and-push (telegram-bot)	Build and push image for telegram-bot	  "MAIN_IP_RANGE_BASE": "host.docker.internal",
build-and-push (telegram-bot)	Build and push image for telegram-bot	  "MAIN_IP_REDIS": "redis",
build-and-push (telegram-bot)	Build and push image for telegram-bot	  "MAIN_IP_SOCKET": "mini-app-notification-socket",
build-and-push (telegram-bot)	Build and push image for telegram-bot	  "MAIN_IP_SWAGGER_UI": "swagger-ui",
build-and-push (telegram-bot)	Build and push image for telegram-bot	  "MAIN_IP_TELEGRAM_BOT": "telegram-bot",
build-and-push (telegram-bot)	Build and push image for telegram-bot	  "MAIN_IP_WEBSITE": "website",
build-and-push (telegram-bot)	Build and push image for telegram-bot	  "MAIN_JWT_SECRET_SOCKET": "JFDmdjeu__@HF_KKSEEWR_ERW*ER_FGDFG_ET%DG%34534aasd_Rhuefli!hfsdlnf",
build-and-push (telegram-bot)	Build and push image for telegram-bot	  "MAIN_KIBANA_HASHED_PASSWORD": "$2a$14$6P83mnKs9BxP2qZDaMU.2OzBHY3SG0nnaVXJ8nKluEWEWD5RMmN/W",
build-and-push (telegram-bot)	Build and push image for telegram-bot	  "MAIN_KIBANA_PORT": "8023",
build-and-push (telegram-bot)	Build and push image for telegram-bot	  "MAIN_KIBANA_USERNAME": "monitor",
build-and-push (telegram-bot)	Build and push image for telegram-bot	  "MAIN_LINKEDIN_CLIENT_ID": "77osbnm9chxr4c",
build-and-push (telegram-bot)	Build and push image for telegram-bot	  "MAIN_LOCAL_DOMAIN": "***.live",
build-and-push (telegram-bot)	Build and push image for telegram-bot	  "MAIN_MB_REDIRECT_ALL_REQUESTS_TO_HTTPS": "true",
build-and-push (telegram-bot)	Build and push image for telegram-bot	  "MAIN_METABASE_DOMAIN": "metabase.***.live",
build-and-push (telegram-bot)	Build and push image for telegram-bot	  "MAIN_MINIO_COLLECTION_BUCKET": "***collection",
build-and-push (telegram-bot)	Build and push image for telegram-bot	  "MAIN_MINIO_DASHBOARD_PORT": "8014",
build-and-push (telegram-bot)	Build and push image for telegram-bot	  "MAIN_MINIO_DOC_BUCKET": "***doc",
build-and-push (telegram-bot)	Build and push image for telegram-bot	  "MAIN_MINIO_DOC_DEFAULT_BUCKET": "***",
build-and-push (telegram-bot)	Build and push image for telegram-bot	  "MAIN_MINIO_ENDPOINT": "minio",
build-and-push (telegram-bot)	Build and push image for telegram-bot	  "MAIN_MINIO_IMAGE_BUCKET": "***image",
build-and-push (telegram-bot)	Build and push image for telegram-bot	  "MAIN_MINIO_ITEM_BUCKET": "***item",
build-and-push (telegram-bot)	Build and push image for telegram-bot	  "MAIN_MINIO_PORT": "8012",
build-and-push (telegram-bot)	Build and push image for telegram-bot	  "MAIN_MINIO_PUBLIC_URL": "https://storage.***.live",
build-and-push (telegram-bot)	Build and push image for telegram-bot	  "MAIN_MINIO_REGION_NAME": "default",
build-and-push (telegram-bot)	Build and push image for telegram-bot	  "MAIN_MINIO_SBT_COLLECTIONS_BUCKET": "sbt-collections",
build-and-push (telegram-bot)	Build and push image for telegram-bot	  "MAIN_MINIO_STORAGE_ADMIN_DOMAIN": "storage-admin.***.live",
build-and-push (telegram-bot)	Build and push image for telegram-bot	  "MAIN_MINIO_STORAGE_DOMAIN": "storage.***.live",
build-and-push (telegram-bot)	Build and push image for telegram-bot	  "MAIN_MINIO_VIDEO_BUCKET": "***video",
build-and-push (telegram-bot)	Build and push image for telegram-bot	  "MAIN_MINI_APP_DOMAIN": "app.***.live",
build-and-push (telegram-bot)	Build and push image for telegram-bot	  "MAIN_MINI_APP_PORT": "8000",
build-and-push (telegram-bot)	Build and push image for telegram-bot	  "MAIN_MINI_APP_SOCKET_DOMAIN": "socket.***.live",
build-and-push (telegram-bot)	Build and push image for telegram-bot	  "MAIN_MONITORING_DOMAIN": "monitoring.***.live",
build-and-push (telegram-bot)	Build and push image for telegram-bot	  "MAIN_MS_CLIENT_ID": "916e0c9f-17bc-45c2-9cbc-025c48a0d449",
build-and-push (telegram-bot)	Build and push image for telegram-bot	  "MAIN_NETWORK_NAME": "***-production",
build-and-push (telegram-bot)	Build and push image for telegram-bot	  "MAIN_NETWORK_PUBLIC_IP": "***",
build-and-push (telegram-bot)	Build and push image for telegram-bot	  "MAIN_NEXT_PUBLIC_API_BASE_URL": "https://app.***.live/api/v1",
build-and-push (telegram-bot)	Build and push image for telegram-bot	  "MAIN_NEXT_PUBLIC_APP_BASE_URL": "https://app.***.live",
build-and-push (telegram-bot)	Build and push image for telegram-bot	  "MAIN_NEXT_PUBLIC_BACKEND_URL_CLIENT": "https://app.***.live/api/client/v1/",
build-and-push (telegram-bot)	Build and push image for telegram-bot	  "MAIN_NEXT_PUBLIC_BOT_USERNAME": "the***bot",
build-and-push (telegram-bot)	Build and push image for telegram-bot	  "MAIN_NEXT_PUBLIC_ENV": "production",
build-and-push (telegram-bot)	Build and push image for telegram-bot	  "MAIN_NEXT_PUBLIC_GTM": "GTM-TSCPWNCM",
build-and-push (telegram-bot)	Build and push image for telegram-bot	  "MAIN_NEXT_PUBLIC_SOCKET_URL": "socket.***.live",
build-and-push (telegram-bot)	Build and push image for telegram-bot	  "MAIN_NFT_INTERVAL_TIME": "60000",
build-and-push (telegram-bot)	Build and push image for telegram-bot	  "MAIN_NFT_MANAGER_PORT": "8004",
build-and-push (telegram-bot)	Build and push image for telegram-bot	  "MAIN_NODE_ENV": "production",
build-and-push (telegram-bot)	Build and push image for telegram-bot	  "MAIN_NODE_TLS_REJECT_UNAUTHORIZED": "1",
build-and-push (telegram-bot)	Build and push image for telegram-bot	  "MAIN_ONTON_DOMAIN": "***.live",
build-and-push (telegram-bot)	Build and push image for telegram-bot	  "MAIN_PARTICIPANT_TMA_PORT": "8001",
build-and-push (telegram-bot)	Build and push image for telegram-bot	  "MAIN_PGADMIN_DOMAIN": "pgadmin.***.live",
build-and-push (telegram-bot)	Build and push image for telegram-bot	  "MAIN_PORT_CLIENT_WEB": "8007",
build-and-push (telegram-bot)	Build and push image for telegram-bot	  "MAIN_PORT_METABASE": "8009",
build-and-push (telegram-bot)	Build and push image for telegram-bot	  "MAIN_PORT_PGADMIN": "8006",
build-and-push (telegram-bot)	Build and push image for telegram-bot	  "MAIN_PORT_WEB_SITE": "8005",
build-and-push (telegram-bot)	Build and push image for telegram-bot	  "MAIN_POSTGRES_METABASE_DB": "production-mini-app",
build-and-push (telegram-bot)	Build and push image for telegram-bot	  "MAIN_POSTGRES_MINI_APP_DB": "production-mini-app",
build-and-push (telegram-bot)	Build and push image for telegram-bot	  "MAIN_POSTGRES_NFT_MANAGER_DB": "production-nft-manager",
build-and-push (telegram-bot)	Build and push image for telegram-bot	  "MAIN_POSTGRES_PORT": "8008",
build-and-push (telegram-bot)	Build and push image for telegram-bot	  "MAIN_PTMA_API_BASE_URL": "https://app.***.live/api/v1",
build-and-push (telegram-bot)	Build and push image for telegram-bot	  "MAIN_RABBITMQ_DOMAIN": "rabbitmq.***.live",
build-and-push (telegram-bot)	Build and push image for telegram-bot	  "MAIN_RABBITMQ_MANAGEMENT_PORT": "8015",
build-and-push (telegram-bot)	Build and push image for telegram-bot	  "MAIN_RABBITMQ_NODE_PORT": "8016",
build-and-push (telegram-bot)	Build and push image for telegram-bot	  "MAIN_REDIS_DATABASES": "1",
build-and-push (telegram-bot)	Build and push image for telegram-bot	  "MAIN_REDIS_PORT": "8011",
build-and-push (telegram-bot)	Build and push image for telegram-bot	  "MAIN_REGISTRY_URL": "registry.toncloud.observer",
build-and-push (telegram-bot)	Build and push image for telegram-bot	  "MAIN_SOCKET_PORT": "80***",
build-and-push (telegram-bot)	Build and push image for telegram-bot	  "MAIN_STAGE_NAME": "main-***",
build-and-push (telegram-bot)	Build and push image for telegram-bot	  "MAIN_SWAGGER_UI_DOMAIN": "swagger-ui.***.live",
build-and-push (telegram-bot)	Build and push image for telegram-bot	  "MAIN_SWAGGER_UI_PORT": "8024",
build-and-push (telegram-bot)	Build and push image for telegram-bot	  "MAIN_SYS_CADDY_REPLICAS": "1",
build-and-push (telegram-bot)	Build and push image for telegram-bot	  "MAIN_SYS_MINI_APP_REPLICAS": "12",
build-and-push (telegram-bot)	Build and push image for telegram-bot	  "MAIN_SYS_PARTICIPANT_TMA_REPLICAS": "6",
build-and-push (telegram-bot)	Build and push image for telegram-bot	  "MAIN_SYS_WEB_SITE_REPLICAS": "3",
build-and-push (telegram-bot)	Build and push image for telegram-bot	  "MAIN_TELEGRAM_BOT_PORT": "8002",
build-and-push (telegram-bot)	Build and push image for telegram-bot	  "MAIN_TG_EVENTS_TOPIC": "2",
build-and-push (telegram-bot)	Build and push image for telegram-bot	  "MAIN_TG_LOGS_GROUP_ID": "-1002300666538",
build-and-push (telegram-bot)	Build and push image for telegram-bot	  "MAIN_TG_LOG_BOT_TOKEN": "7604730825:AAE1WJHs5lFI2zX_tba6M-1HYfffA8ugFmA",
build-and-push (telegram-bot)	Build and push image for telegram-bot	  "MAIN_TG_NOTIFICATION_CHANELL": "-100***32083***",
build-and-push (telegram-bot)	Build and push image for telegram-bot	  "MAIN_TG_SYSTEM_TOPIC": "16",
build-and-push (telegram-bot)	Build and push image for telegram-bot	  "MAIN_TG_TICKETS_TOPIC": "4",
build-and-push (telegram-bot)	Build and push image for telegram-bot	  "MAIN_TON_CENTER_ENDPOINT": "https://toncenter.com/api/v2/jsonRPC",
build-and-push (telegram-bot)	Build and push image for telegram-bot	  "MAIN_TON_SOCIETY_BASE_URL": "https://id.ton.org/v1",
build-and-push (telegram-bot)	Build and push image for telegram-bot	  "MAIN_TWITTER_CLIENT_ID": "SU1RUS0xaHNsRk5kd014UlZieDQ6MTpjaQ",
build-and-push (telegram-bot)	Build and push image for telegram-bot	  "MAIN_USE_CLOUDFLARE": "true",
build-and-push (telegram-bot)	Build and push image for telegram-bot	  "MAIN_USE_MAIN_IP_TO_EXPOSE": "true",
build-and-push (telegram-bot)	Build and push image for telegram-bot	  "NEXT_PUBLIC_BOT_USERNAME": "notnonstagebot",
build-and-push (telegram-bot)	Build and push image for telegram-bot	  "SANDBOX_ACME_AGREE": "true",
build-and-push (telegram-bot)	Build and push image for telegram-bot	  "SANDBOX_BRANCH_NAME": "sandbox",
build-and-push (telegram-bot)	Build and push image for telegram-bot	  "SANDBOX_CACHE_ENABLED": "true",
build-and-push (telegram-bot)	Build and push image for telegram-bot	  "SANDBOX_CLAMAV_PORT": "***10",
build-and-push (telegram-bot)	Build and push image for telegram-bot	  "SANDBOX_CLIENT_API_FIXED_ORGANIZER": "@Ontonadmin",
build-and-push (telegram-bot)	Build and push image for telegram-bot	  "SANDBOX_CLIENT_API_FIXED_USER": "@Ontonadmin",
build-and-push (telegram-bot)	Build and push image for telegram-bot	  "SANDBOX_CLIENT_WEB_DOMAIN": "sandbox-client-web.toncloud.observer",
build-and-push (telegram-bot)	Build and push image for telegram-bot	  "SANDBOX_COMPOSE_PROJECT_NAME": "sanbox-***",
build-and-push (telegram-bot)	Build and push image for telegram-bot	  "SANDBOX_IP_CADDY": "caddy",
build-and-push (telegram-bot)	Build and push image for telegram-bot	  "SANDBOX_IP_CLAMAV": "host.docker.internal",
build-and-push (telegram-bot)	Build and push image for telegram-bot	  "SANDBOX_IP_KIBANA": "kibana",
build-and-push (telegram-bot)	Build and push image for telegram-bot	  "SANDBOX_IP_METABASE": "metabase",
build-and-push (telegram-bot)	Build and push image for telegram-bot	  "SANDBOX_IP_PGADMIN": "pgadmin",
build-and-push (telegram-bot)	Build and push image for telegram-bot	  "SANDBOX_IP_POA_WORKER": "mini-app-poa-worker",
build-and-push (telegram-bot)	Build and push image for telegram-bot	  "SANDBOX_IP_POSTGRES": "postgres",
build-and-push (telegram-bot)	Build and push image for telegram-bot	  "SANDBOX_IP_SOCKET": "mini-app-notification-socket",
build-and-push (telegram-bot)	Build and push image for telegram-bot	  "SANDBOX_IP_TELEGRAM_BOT": "telegram-bot",
build-and-push (telegram-bot)	Build and push image for telegram-bot	  "SANDBOX_IP_WEBSITE": "website",
build-and-push (telegram-bot)	Build and push image for telegram-bot	  "SANDBOX_JWT_SECRET_SOCKET": "D3v@OnTonw3tds112ewq%KD___%1006-7-8-9-0OkMjKlll%909R9OOsf",
build-and-push (telegram-bot)	Build and push image for telegram-bot	  "SANDBOX_KIBANA_HASHED_PASSWORD": "$2a$14$6P83mnKs9BxP2qZDaMU.2OzBHY3SG0nnaVXJ8nKluEWEWD5RMmN/W",
build-and-push (telegram-bot)	Build and push image for telegram-bot	  "SANDBOX_KIBANA_PORT": "6023",
build-and-push (telegram-bot)	Build and push image for telegram-bot	  "SANDBOX_KIBANA_USERNAME": "monitor",
build-and-push (telegram-bot)	Build and push image for telegram-bot	  "SANDBOX_LOCAL_DOMAIN": "sandbox-app.toncloud.observer",
build-and-push (telegram-bot)	Build and push image for telegram-bot	  "SANDBOX_MB_REDIRECT_ALL_REQUESTS_TO_HTTPS": "true",
build-and-push (telegram-bot)	Build and push image for telegram-bot	  "SANDBOX_METABASE_DOMAIN": "sandbox-metabase.toncloud.observer",
build-and-push (telegram-bot)	Build and push image for telegram-bot	  "SANDBOX_MINIO_COLLECTION_BUCKET": "***collection",
build-and-push (telegram-bot)	Build and push image for telegram-bot	  "SANDBOX_MINIO_DASHBOARD_PORT": "6014",
build-and-push (telegram-bot)	Build and push image for telegram-bot	  "SANDBOX_MINIO_DOC_BUCKET": "***doc",
build-and-push (telegram-bot)	Build and push image for telegram-bot	  "SANDBOX_MINIO_DOC_DEFAULT_BUCKET": "***",
build-and-push (telegram-bot)	Build and push image for telegram-bot	  "SANDBOX_MINIO_ENDPOINT": "minio",
build-and-push (telegram-bot)	Build and push image for telegram-bot	  "SANDBOX_MINIO_IMAGE_BUCKET": "***image",
build-and-push (telegram-bot)	Build and push image for telegram-bot	  "SANDBOX_MINIO_ITEM_BUCKET": "***item",
build-and-push (telegram-bot)	Build and push image for telegram-bot	  "SANDBOX_MINIO_PORT": "6012",
build-and-push (telegram-bot)	Build and push image for telegram-bot	  "SANDBOX_MINIO_PUBLIC_URL": "https://sandbox-storage.toncloud.observer",
build-and-push (telegram-bot)	Build and push image for telegram-bot	  "SANDBOX_MINIO_REGION_NAME": "default",
build-and-push (telegram-bot)	Build and push image for telegram-bot	  "SANDBOX_MINIO_SBT_COLLECTIONS_BUCKET": "sbt-collections",
build-and-push (telegram-bot)	Build and push image for telegram-bot	  "SANDBOX_MINIO_STORAGE_ADMIN_DOMAIN": "sandbox-storage-admin.toncloud.observer",
build-and-push (telegram-bot)	Build and push image for telegram-bot	  "SANDBOX_MINIO_STORAGE_DOMAIN": "sandbox-storage.toncloud.observer",
build-and-push (telegram-bot)	Build and push image for telegram-bot	  "SANDBOX_MINIO_VIDEO_BUCKET": "***video",
build-and-push (telegram-bot)	Build and push image for telegram-bot	  "SANDBOX_MINI_APP_DOMAIN": "sandbox-app.toncloud.observer",
build-and-push (telegram-bot)	Build and push image for telegram-bot	  "SANDBOX_MINI_APP_PORT": "6000",
build-and-push (telegram-bot)	Build and push image for telegram-bot	  "SANDBOX_MINI_APP_SOCKET_DOMAIN": "sandbox-socket.toncloud.observer",
build-and-push (telegram-bot)	Build and push image for telegram-bot	  "SANDBOX_MONITORING_DOMAIN": "sandbox-monitoring.toncloud.observer",
build-and-push (telegram-bot)	Build and push image for telegram-bot	  "SANDBOX_NETWORK_NAME": "***-sandbox",
build-and-push (telegram-bot)	Build and push image for telegram-bot	  "SANDBOX_NETWORK_PUBLIC_IP": "***",
build-and-push (telegram-bot)	Build and push image for telegram-bot	  "SANDBOX_NEXT_PUBLIC_API_BASE_URL": "https://sandbox-app.toncloud.observer/api/v1",
build-and-push (telegram-bot)	Build and push image for telegram-bot	  "SANDBOX_NEXT_PUBLIC_APP_BASE_URL": "https://sandbox-app.toncloud.observer",
build-and-push (telegram-bot)	Build and push image for telegram-bot	  "SANDBOX_NEXT_PUBLIC_BACKEND_URL_CLIENT": "https://sandbox-app.toncloud.observer/api/client/v1/",
build-and-push (telegram-bot)	Build and push image for telegram-bot	  "SANDBOX_NEXT_PUBLIC_BOT_USERNAME": "sandbox_ont0n_bot",
build-and-push (telegram-bot)	Build and push image for telegram-bot	  "SANDBOX_NEXT_PUBLIC_GTM": "GTM-sandbox",
build-and-push (telegram-bot)	Build and push image for telegram-bot	  "SANDBOX_NEXT_PUBLIC_SOCKET_URL": "sandbox-socket.toncloud.observer",
build-and-push (telegram-bot)	Build and push image for telegram-bot	  "SANDBOX_NFT_INTERVAL_TIME": "60000",
build-and-push (telegram-bot)	Build and push image for telegram-bot	  "SANDBOX_NFT_MANAGER_PORT": "6004",
build-and-push (telegram-bot)	Build and push image for telegram-bot	  "SANDBOX_NODE_ENV": "production",
build-and-push (telegram-bot)	Build and push image for telegram-bot	  "SANDBOX_NODE_TLS_REJECT_UNAUTHORIZED": "0",
build-and-push (telegram-bot)	Build and push image for telegram-bot	  "SANDBOX_ONTON_DOMAIN": "sandbox.toncloud.observer",
build-and-push (telegram-bot)	Build and push image for telegram-bot	  "SANDBOX_PARTICIPANT_TMA_PORT": "6001",
build-and-push (telegram-bot)	Build and push image for telegram-bot	  "SANDBOX_PGADMIN_DOMAIN": "sandbox-pgadmin.toncloud.observer",
build-and-push (telegram-bot)	Build and push image for telegram-bot	  "SANDBOX_PORT_CLIENT_WEB": "6007",
build-and-push (telegram-bot)	Build and push image for telegram-bot	  "SANDBOX_PORT_METABASE": "6009",
build-and-push (telegram-bot)	Build and push image for telegram-bot	  "SANDBOX_PORT_PGADMIN": "6006",
build-and-push (telegram-bot)	Build and push image for telegram-bot	  "SANDBOX_PORT_WEB_SITE": "6005",
build-and-push (telegram-bot)	Build and push image for telegram-bot	  "SANDBOX_POSTGRES_METABASE_DB": "sandbox-mini-app",
build-and-push (telegram-bot)	Build and push image for telegram-bot	  "SANDBOX_POSTGRES_MINI_APP_DB": "sandbox-mini-app",
build-and-push (telegram-bot)	Build and push image for telegram-bot	  "SANDBOX_POSTGRES_NFT_MANAGER_DB": "sandbox-nft-manager",
build-and-push (telegram-bot)	Build and push image for telegram-bot	  "SANDBOX_POSTGRES_PORT": "6008",
build-and-push (telegram-bot)	Build and push image for telegram-bot	  "SANDBOX_PTMA_API_BASE_URL": "https://sandbox-app.toncloud.observer/api/v1",
build-and-push (telegram-bot)	Build and push image for telegram-bot	  "SANDBOX_RABBITMQ_DOMAIN": "sandbox-rabbitmq.toncloud.observer",
build-and-push (telegram-bot)	Build and push image for telegram-bot	  "SANDBOX_RABBITMQ_MANAGEMENT_PORT": "6015",
build-and-push (telegram-bot)	Build and push image for telegram-bot	  "SANDBOX_RABBITMQ_NODE_PORT": "6016",
build-and-push (telegram-bot)	Build and push image for telegram-bot	  "SANDBOX_REDIS_DATABASES": "1",
build-and-push (telegram-bot)	Build and push image for telegram-bot	  "SANDBOX_REDIS_PORT": "6011",
build-and-push (telegram-bot)	Build and push image for telegram-bot	  "SANDBOX_REGISTRY_URL": "registry.toncloud.observer",
build-and-push (telegram-bot)	Build and push image for telegram-bot	  "SANDBOX_SOCKET_PORT": "60***",
build-and-push (telegram-bot)	Build and push image for telegram-bot	  "SANDBOX_STAGE_NAME": "sandbox-***",
build-and-push (telegram-bot)	Build and push image for telegram-bot	  "SANDBOX_SYS_CADDY_REPLICAS": "1",
build-and-push (telegram-bot)	Build and push image for telegram-bot	  "SANDBOX_SYS_MINI_APP_REPLICAS": "2",
build-and-push (telegram-bot)	Build and push image for telegram-bot	  "SANDBOX_SYS_PARTICIPANT_TMA_REPLICAS": "2",
build-and-push (telegram-bot)	Build and push image for telegram-bot	  "SANDBOX_SYS_WEB_SITE_REPLICAS": "1",
build-and-push (telegram-bot)	Build and push image for telegram-bot	  "SANDBOX_TELEGRAM_BOT_PORT": "6002",
build-and-push (telegram-bot)	Build and push image for telegram-bot	  "SANDBOX_TG_NOTIFICATION_CHANELL": "-1002164161685",
build-and-push (telegram-bot)	Build and push image for telegram-bot	  "SANDBOX_TON_CENTER_ENDPOINT": "https://toncenter.com/api/v2/jsonRPC",
build-and-push (telegram-bot)	Build and push image for telegram-bot	  "SANDBOX_TON_SOCIETY_BASE_URL": "https://society.ton.org/v1",
build-and-push (telegram-bot)	Build and push image for telegram-bot	  "SANDBOX_USE_CLOUDFLARE": "true",
build-and-push (telegram-bot)	Build and push image for telegram-bot	  "SANDBOX_USE_MAIN_IP_TO_EXPOSE": "true",
build-and-push (telegram-bot)	Build and push image for telegram-bot	  "STAGING_ACME_AGREE": "true",
build-and-push (telegram-bot)	Build and push image for telegram-bot	  "STAGING_BRANCH_NAME": "staging",
build-and-push (telegram-bot)	Build and push image for telegram-bot	  "STAGING_CACHE_ENABLED": "true",
build-and-push (telegram-bot)	Build and push image for telegram-bot	  "STAGING_CLAMAV_PORT": "***10",
build-and-push (telegram-bot)	Build and push image for telegram-bot	  "STAGING_CLIENT_API_FIXED_ORGANIZER": "@Ontonadmin",
build-and-push (telegram-bot)	Build and push image for telegram-bot	  "STAGING_CLIENT_API_FIXED_USER": "@Ontonadmin",
build-and-push (telegram-bot)	Build and push image for telegram-bot	  "STAGING_CLIENT_WEB_DOMAIN": "staging-client-web.toncloud.observer",
build-and-push (telegram-bot)	Build and push image for telegram-bot	  "STAGING_COMPOSE_PROJECT_NAME": "staging-***",
build-and-push (telegram-bot)	Build and push image for telegram-bot	  "STAGING_ENV": "staging",
build-and-push (telegram-bot)	Build and push image for telegram-bot	  "STAGING_EVENT_WALLET_ENC_KEY": "Ci5M6/B4Wke4qX6tXViVeW0xM0iH0yh/qvD3Y1xu2v8",
build-and-push (telegram-bot)	Build and push image for telegram-bot	  "STAGING_GITHUB_CLIENT_ID": "Ov23liQFN1rMeZicYHnL",
build-and-push (telegram-bot)	Build and push image for telegram-bot	  "STAGING_GITHUB_REPO": "***bot",
build-and-push (telegram-bot)	Build and push image for telegram-bot	  "STAGING_GOLANG_SERVER_PORT": "4013",
build-and-push (telegram-bot)	Build and push image for telegram-bot	  "STAGING_GOOGLE_CLIENT_ID": "174044865725-8urfv981fca74aj3bq2kqik7fbe2rggg.apps.googleusercontent.com",
build-and-push (telegram-bot)	Build and push image for telegram-bot	  "STAGING_IP_CADDY": "caddy",
build-and-push (telegram-bot)	Build and push image for telegram-bot	  "STAGING_IP_CLAMAV": "host.docker.internal",
build-and-push (telegram-bot)	Build and push image for telegram-bot	  "STAGING_IP_CLIENT_WEB": "client-web",
build-and-push (telegram-bot)	Build and push image for telegram-bot	  "STAGING_IP_GIVEAWAY_CHECKER": "giveaway-checker",
build-and-push (telegram-bot)	Build and push image for telegram-bot	  "STAGING_IP_GOLANG_SERVER": "golang-server",
build-and-push (telegram-bot)	Build and push image for telegram-bot	  "STAGING_IP_GOLANG_WORKER": "golang-worker",
build-and-push (telegram-bot)	Build and push image for telegram-bot	  "STAGING_IP_KIBANA": "kibana",
build-and-push (telegram-bot)	Build and push image for telegram-bot	  "STAGING_IP_METABASE": "metabase",
build-and-push (telegram-bot)	Build and push image for telegram-bot	  "STAGING_IP_MINIO": "minio",
build-and-push (telegram-bot)	Build and push image for telegram-bot	  "STAGING_IP_MINI_APP": "mini-app",
build-and-push (telegram-bot)	Build and push image for telegram-bot	  "STAGING_IP_MINI_APP_CRON": "mini-app-sbt-worker",
build-and-push (telegram-bot)	Build and push image for telegram-bot	  "STAGING_IP_NFT_MANAGER": "nft-manager",
build-and-push (telegram-bot)	Build and push image for telegram-bot	  "STAGING_IP_PARTICIPANT_TMA": "participant-tma",
build-and-push (telegram-bot)	Build and push image for telegram-bot	  "STAGING_IP_PGADMIN": "pgadmin",
build-and-push (telegram-bot)	Build and push image for telegram-bot	  "STAGING_IP_POA_WORKER": "mini-app-poa-worker",
build-and-push (telegram-bot)	Build and push image for telegram-bot	  "STAGING_IP_POSTGRES": "postgres",
build-and-push (telegram-bot)	Build and push image for telegram-bot	  "STAGING_IP_RABBITMQ": "rabbitmq",
build-and-push (telegram-bot)	Build and push image for telegram-bot	  "STAGING_IP_RANGE_BASE": "host.docker.internal",
build-and-push (telegram-bot)	Build and push image for telegram-bot	  "STAGING_IP_RANGE_START": "172.11",
build-and-push (telegram-bot)	Build and push image for telegram-bot	  "STAGING_IP_RANGE_SUBNET": "24",
build-and-push (telegram-bot)	Build and push image for telegram-bot	  "STAGING_IP_REDIS": "redis",
build-and-push (telegram-bot)	Build and push image for telegram-bot	  "STAGING_IP_SOCKET": "IP_SOCKET=mini-app-notification-socket",
build-and-push (telegram-bot)	Build and push image for telegram-bot	  "STAGING_IP_SWAGGER_UI": "swagger-ui",
build-and-push (telegram-bot)	Build and push image for telegram-bot	  "STAGING_IP_TELEGRAM_BOT": "telegram-bot",
build-and-push (telegram-bot)	Build and push image for telegram-bot	  "STAGING_IP_WEBSITE": "website",
build-and-push (telegram-bot)	Build and push image for telegram-bot	  "STAGING_JWT_SECRET_SOCKET": "JFDmdjeu__@HF_KKSEEWR_ERWER_FGDFG_ET%DG%34534aasd%_Rhueflihfsdlnf",
build-and-push (telegram-bot)	Build and push image for telegram-bot	  "STAGING_KIBANA_HASHED_PASSWORD": "$2a$14$6P83mnKs9BxP2qZDaMU.2OzBHY3SG0nnaVXJ8nKluEWEWD5RMmN/W",
build-and-push (telegram-bot)	Build and push image for telegram-bot	  "STAGING_KIBANA_PORT": "4023",
build-and-push (telegram-bot)	Build and push image for telegram-bot	  "STAGING_KIBANA_USERNAME": "monitor",
build-and-push (telegram-bot)	Build and push image for telegram-bot	  "STAGING_LINKEDIN_CLIENT_ID": "77osbnm9chxr4c",
build-and-push (telegram-bot)	Build and push image for telegram-bot	  "STAGING_LOCAL_DOMAIN": "staging-app.toncloud.observer",
build-and-push (telegram-bot)	Build and push image for telegram-bot	  "STAGING_MB_REDIRECT_ALL_REQUESTS_TO_HTTPS": "true",
build-and-push (telegram-bot)	Build and push image for telegram-bot	  "STAGING_METABASE_DOMAIN": "staging-metabase.toncloud.observer",
build-and-push (telegram-bot)	Build and push image for telegram-bot	  "STAGING_MINIO_COLLECTION_BUCKET": "***collection",
build-and-push (telegram-bot)	Build and push image for telegram-bot	  "STAGING_MINIO_DASHBOARD_PORT": "4014",
build-and-push (telegram-bot)	Build and push image for telegram-bot	  "STAGING_MINIO_DOC_BUCKET": "***doc",
build-and-push (telegram-bot)	Build and push image for telegram-bot	  "STAGING_MINIO_DOC_DEFAULT_BUCKET": "***",
build-and-push (telegram-bot)	Build and push image for telegram-bot	  "STAGING_MINIO_ENDPOINT": "minio",
build-and-push (telegram-bot)	Build and push image for telegram-bot	  "STAGING_MINIO_IMAGE_BUCKET": "***image",
build-and-push (telegram-bot)	Build and push image for telegram-bot	  "STAGING_MINIO_ITEM_BUCKET": "***item",
build-and-push (telegram-bot)	Build and push image for telegram-bot	  "STAGING_MINIO_PORT": "4012",
build-and-push (telegram-bot)	Build and push image for telegram-bot	  "STAGING_MINIO_PUBLIC_URL": "https://staging-storage.toncloud.observer",
build-and-push (telegram-bot)	Build and push image for telegram-bot	  "STAGING_MINIO_REGION_NAME": "default",
build-and-push (telegram-bot)	Build and push image for telegram-bot	  "STAGING_MINIO_SBT_COLLECTIONS_BUCKET": "sbt-collections",
build-and-push (telegram-bot)	Build and push image for telegram-bot	  "STAGING_MINIO_STORAGE_ADMIN_DOMAIN": "staging-storage-admin.toncloud.observer",
build-and-push (telegram-bot)	Build and push image for telegram-bot	  "STAGING_MINIO_STORAGE_DOMAIN": "staging-storage.toncloud.observer",
build-and-push (telegram-bot)	Build and push image for telegram-bot	  "STAGING_MINIO_VIDEO_BUCKET": "***video",
build-and-push (telegram-bot)	Build and push image for telegram-bot	  "STAGING_MINI_APP_DOMAIN": "staging-app.toncloud.observer",
build-and-push (telegram-bot)	Build and push image for telegram-bot	  "STAGING_MINI_APP_PORT": "4000",
build-and-push (telegram-bot)	Build and push image for telegram-bot	  "STAGING_MINI_APP_SOCKET_DOMAIN": "staging-socket.toncloud.observer",
build-and-push (telegram-bot)	Build and push image for telegram-bot	  "STAGING_MONITORING_DOMAIN": "staging-monitoring.toncloud.observer",
build-and-push (telegram-bot)	Build and push image for telegram-bot	  "STAGING_MS_CLIENT_ID": "916e0c9f-17bc-45c2-9cbc-025c48a0d449",
build-and-push (telegram-bot)	Build and push image for telegram-bot	  "STAGING_NETWORK_NAME": "***-staging",
build-and-push (telegram-bot)	Build and push image for telegram-bot	  "STAGING_NETWORK_PUBLIC_IP": "***",
build-and-push (telegram-bot)	Build and push image for telegram-bot	  "STAGING_NEXT_PUBLIC_API_BASE_URL": "https://staging-app.toncloud.observer/api/v1",
build-and-push (telegram-bot)	Build and push image for telegram-bot	  "STAGING_NEXT_PUBLIC_APP_BASE_URL": "https://staging-app.toncloud.observer",
build-and-push (telegram-bot)	Build and push image for telegram-bot	  "STAGING_NEXT_PUBLIC_BACKEND_URL_CLIENT": "https://staging-app.toncloud.observer/api/client/v1/",
build-and-push (telegram-bot)	Build and push image for telegram-bot	  "STAGING_NEXT_PUBLIC_BOT_USERNAME": "notnonstagebot",
build-and-push (telegram-bot)	Build and push image for telegram-bot	  "STAGING_NEXT_PUBLIC_ENV": "staging",
build-and-push (telegram-bot)	Build and push image for telegram-bot	  "STAGING_NEXT_PUBLIC_GTM": "GTM-staging",
build-and-push (telegram-bot)	Build and push image for telegram-bot	  "STAGING_NEXT_PUBLIC_SOCKET_URL": "staging-socket.toncloud.observer",
build-and-push (telegram-bot)	Build and push image for telegram-bot	  "STAGING_NEXT_PUBLIC_TRPC_BASE_URL": "https://staging-app.toncloud.observer",
build-and-push (telegram-bot)	Build and push image for telegram-bot	  "STAGING_NFT_INTERVAL_TIME": "60000",
build-and-push (telegram-bot)	Build and push image for telegram-bot	  "STAGING_NFT_MANAGER_PORT": "4004",
build-and-push (telegram-bot)	Build and push image for telegram-bot	  "STAGING_NODE_ENV": "production",
build-and-push (telegram-bot)	Build and push image for telegram-bot	  "STAGING_NODE_TLS_REJECT_UNAUTHORIZED": "0",
build-and-push (telegram-bot)	Build and push image for telegram-bot	  "STAGING_ONTON_DOMAIN": "staging.toncloud.observer",
build-and-push (telegram-bot)	Build and push image for telegram-bot	  "STAGING_PARTICIPANT_TMA_PORT": "4001",
build-and-push (telegram-bot)	Build and push image for telegram-bot	  "STAGING_PGADMIN_DOMAIN": "staging-pgadmin.toncloud.observer",
build-and-push (telegram-bot)	Build and push image for telegram-bot	  "STAGING_PORT_CLIENT_WEB": "4007",
build-and-push (telegram-bot)	Build and push image for telegram-bot	  "STAGING_PORT_METABASE": "4009",
build-and-push (telegram-bot)	Build and push image for telegram-bot	  "STAGING_PORT_PGADMIN": "4006",
build-and-push (telegram-bot)	Build and push image for telegram-bot	  "STAGING_PORT_WEB_SITE": "4005",
build-and-push (telegram-bot)	Build and push image for telegram-bot	  "STAGING_POSTGRES_METABASE_DB": "staging-mini-app",
build-and-push (telegram-bot)	Build and push image for telegram-bot	  "STAGING_POSTGRES_MINI_APP_DB": "staging-mini-app",
build-and-push (telegram-bot)	Build and push image for telegram-bot	  "STAGING_POSTGRES_NFT_MANAGER_DB": "staging-nft-manager",
build-and-push (telegram-bot)	Build and push image for telegram-bot	  "STAGING_POSTGRES_PORT": "4008",
build-and-push (telegram-bot)	Build and push image for telegram-bot	  "STAGING_PTMA_API_BASE_URL": "https://staging-app.toncloud.observer/api/v1",
build-and-push (telegram-bot)	Build and push image for telegram-bot	  "STAGING_RABBITMQ_DOMAIN": "staging-rabbitmq.toncloud.observer",
build-and-push (telegram-bot)	Build and push image for telegram-bot	  "STAGING_RABBITMQ_MANAGEMENT_PORT": "4015",
build-and-push (telegram-bot)	Build and push image for telegram-bot	  "STAGING_RABBITMQ_NODE_PORT": "4016",
build-and-push (telegram-bot)	Build and push image for telegram-bot	  "STAGING_REDIS_DATABASES": "1",
build-and-push (telegram-bot)	Build and push image for telegram-bot	  "STAGING_REDIS_PORT": "4011",
build-and-push (telegram-bot)	Build and push image for telegram-bot	  "STAGING_REGISTRY_URL": "registry.toncloud.observer",
build-and-push (telegram-bot)	Build and push image for telegram-bot	  "STAGING_SOCKET_PORT": "40***",
build-and-push (telegram-bot)	Build and push image for telegram-bot	  "STAGING_STAGE_NAME": "staging-***",
build-and-push (telegram-bot)	Build and push image for telegram-bot	  "STAGING_SWAGGER_UI_DOMAIN": "staging-swagger-ui.toncloud.observer",
build-and-push (telegram-bot)	Build and push image for telegram-bot	  "STAGING_SWAGGER_UI_PORT": "4024",
build-and-push (telegram-bot)	Build and push image for telegram-bot	  "STAGING_SYS_CADDY_REPLICAS": "1",
build-and-push (telegram-bot)	Build and push image for telegram-bot	  "STAGING_SYS_MINI_APP_REPLICAS": "2",
build-and-push (telegram-bot)	Build and push image for telegram-bot	  "STAGING_SYS_PARTICIPANT_TMA_REPLICAS": "2",
build-and-push (telegram-bot)	Build and push image for telegram-bot	  "STAGING_SYS_WEB_SITE_REPLICAS": "1",
build-and-push (telegram-bot)	Build and push image for telegram-bot	  "STAGING_TELEGRAM_BOT_PORT": "4002",
build-and-push (telegram-bot)	Build and push image for telegram-bot	  "STAGING_TG_EVENTS_TOPIC": "2",
build-and-push (telegram-bot)	Build and push image for telegram-bot	  "STAGING_TG_LOGS_GROUP_ID": "-100***64975789",
build-and-push (telegram-bot)	Build and push image for telegram-bot	  "STAGING_TG_LOG_BOT_TOKEN": "7604730825:AAE1WJHs5lFI2zX_tba6M-1HYfffA8ugFmA",
build-and-push (telegram-bot)	Build and push image for telegram-bot	  "STAGING_TG_NOTIFICATION_CHANELL": "-1002164161685",
build-and-push (telegram-bot)	Build and push image for telegram-bot	  "STAGING_TG_SYSTEM_TOPIC": "16",
build-and-push (telegram-bot)	Build and push image for telegram-bot	  "STAGING_TG_TICKETS_TOPIC": "4",
build-and-push (telegram-bot)	Build and push image for telegram-bot	  "STAGING_TON_CENTER_ENDPOINT": "https://toncenter.com/api/v2/jsonRPC",
build-and-push (telegram-bot)	Build and push image for telegram-bot	  "STAGING_TON_SOCIETY_BASE_URL": "https://id.ton.org/v1",
build-and-push (telegram-bot)	Build and push image for telegram-bot	  "STAGING_TWITTER_CLIENT_ID": "SU1RUS0xaHNsRk5kd014UlZieDQ6MTpjaQ",
build-and-push (telegram-bot)	Build and push image for telegram-bot	  "STAGING_USE_CLOUDFLARE": "true",
build-and-push (telegram-bot)	Build and push image for telegram-bot	  "STAGING_USE_MAIN_IP_TO_EXPOSE": "true",
build-and-push (telegram-bot)	Build and push image for telegram-bot	  "TELEGRAM_BOT_TOKEN_FOR_DEPLOYMENT": "7604730825:AAHhtwa4bGhELsBn2VqUxIIFXVJkRJfKuDs",
build-and-push (telegram-bot)	Build and push image for telegram-bot	  "TELEGRAM_CHAT_ID_FOR_DEPLOYMENT": "***"
build-and-push (telegram-bot)	Build and push image for telegram-bot	}
build-and-push (telegram-bot)	Build and push image for telegram-bot	2026-02-09T12:09:34.0340821Z ##[endgroup]
build-and-push (telegram-bot)	Build and push image for telegram-bot	2026-02-09T12:09:34.0428080Z Building image: ghcr.io/executesg/***/telegram-bot:dev-21824495195
build-and-push (telegram-bot)	Build and push image for telegram-bot	2026-02-09T12:09:34.0429346Z Building image: ghcr.io/executesg/***/telegram-bot:dev-latest
build-and-push (telegram-bot)	Build and push image for telegram-bot	2026-02-09T12:09:34.0430416Z Branch name: dev
build-and-push (telegram-bot)	Build and push image for telegram-bot	2026-02-09T12:09:34.0431248Z Repository: executesg/***
build-and-push (telegram-bot)	Build and push image for telegram-bot	2026-02-09T12:09:34.0431947Z image name: ghcr.io/executesg/***/telegram-bot
build-and-push (telegram-bot)	Build and push image for telegram-bot	2026-02-09T12:09:34.0432518Z Processing service: telegram-bot
build-and-push (telegram-bot)	Build and push image for telegram-bot	2026-02-09T12:09:34.0433021Z Build path: telegram-bot
build-and-push (telegram-bot)	Build and push image for telegram-bot	2026-02-09T12:09:34.0433540Z Using Dockerfile at telegram-bot/Dockerfile
build-and-push (telegram-bot)	Build and push image for telegram-bot	2026-02-09T12:09:34.0480379Z Extracting environment variables for the branch prefix: DEV_
build-and-push (telegram-bot)	Build and push image for telegram-bot	2026-02-09T12:09:34.0483307Z Processing secrets...
build-and-push (telegram-bot)	Build and push image for telegram-bot	2026-02-09T12:09:34.0534518Z Processing vars...
build-and-push (telegram-bot)	Build and push image for telegram-bot	2026-02-09T12:09:34.0625492Z Generated build args file with 129 variables
build-and-push (telegram-bot)	Build and push image for telegram-bot	2026-02-09T12:09:34.0626126Z Dockerfile path: telegram-bot/Dockerfile
build-and-push (telegram-bot)	Build and push image for telegram-bot	2026-02-09T12:09:34.0641525Z Build context: telegram-bot
build-and-push (telegram-bot)	Build and push image for telegram-bot	2026-02-09T12:09:34.0642048Z Starting docker build...
build-and-push (telegram-bot)	Build and push image for telegram-bot	2026-02-09T12:09:34.3720275Z #0 building with "builder-2c512ddd-5f59-424a-9f77-7fe0186f2d5b" instance using docker-container driver
build-and-push (telegram-bot)	Build and push image for telegram-bot	2026-02-09T12:09:34.3720984Z 
build-and-push (telegram-bot)	Build and push image for telegram-bot	2026-02-09T12:09:34.3721269Z #1 [internal] load build definition from Dockerfile
build-and-push (telegram-bot)	Build and push image for telegram-bot	2026-02-09T12:09:34.3721898Z #1 transferring dockerfile: 1.86kB done
build-and-push (telegram-bot)	Build and push image for telegram-bot	2026-02-09T12:09:34.3722428Z #1 DONE 0.0s
build-and-push (telegram-bot)	Build and push image for telegram-bot	2026-02-09T12:09:34.3722671Z 
build-and-push (telegram-bot)	Build and push image for telegram-bot	2026-02-09T12:09:34.3723036Z #2 [internal] load metadata for docker.io/library/node:***-alpine3.19
build-and-push (telegram-bot)	Build and push image for telegram-bot	2026-02-09T12:09:34.6054100Z #2 ...
build-and-push (telegram-bot)	Build and push image for telegram-bot	2026-02-09T12:09:34.6054512Z 
build-and-push (telegram-bot)	Build and push image for telegram-bot	2026-02-09T12:09:34.6054985Z #3 [auth] library/node:pull token for registry-1.docker.io
build-and-push (telegram-bot)	Build and push image for telegram-bot	2026-02-09T12:09:34.6055797Z #3 DONE 0.0s
build-and-push (telegram-bot)	Build and push image for telegram-bot	2026-02-09T12:09:34.7555728Z 
build-and-push (telegram-bot)	Build and push image for telegram-bot	2026-02-09T12:09:34.7556696Z #2 [internal] load metadata for docker.io/library/node:***-alpine3.19
build-and-push (telegram-bot)	Build and push image for telegram-bot	2026-02-09T12:09:35.2294180Z #2 DONE 1.0s
build-and-push (telegram-bot)	Build and push image for telegram-bot	2026-02-09T12:09:35.3843428Z 
build-and-push (telegram-bot)	Build and push image for telegram-bot	2026-02-09T12:09:35.3844386Z #4 [internal] load .dockerignore
build-and-push (telegram-bot)	Build and push image for telegram-bot	2026-02-09T12:09:35.3845940Z #4 transferring context: 90B done
build-and-push (telegram-bot)	Build and push image for telegram-bot	2026-02-09T12:09:35.3846772Z #4 DONE 0.0s
build-and-push (telegram-bot)	Build and push image for telegram-bot	2026-02-09T12:09:35.3847183Z 
build-and-push (telegram-bot)	Build and push image for telegram-bot	2026-02-09T12:09:35.3847525Z #5 [internal] load build context
build-and-push (telegram-bot)	Build and push image for telegram-bot	2026-02-09T12:09:35.3848393Z #5 transferring context: 538.93kB 0.0s done
build-and-push (telegram-bot)	Build and push image for telegram-bot	2026-02-09T12:09:35.3849042Z #5 DONE 0.0s
build-and-push (telegram-bot)	Build and push image for telegram-bot	2026-02-09T12:09:35.3849320Z 
build-and-push (telegram-bot)	Build and push image for telegram-bot	2026-02-09T12:09:35.3850178Z #6 [base 1/3] FROM docker.io/library/node:***-alpine3.19@sha256:40dc4b415c17b85bea9be05314b4a753f45a4e1716bb31c01182e6c53d51a654
build-and-push (telegram-bot)	Build and push image for telegram-bot	2026-02-09T12:09:35.3851573Z #6 resolve docker.io/library/node:***-alpine3.19@sha256:40dc4b415c17b85bea9be05314b4a753f45a4e1716bb31c01182e6c53d51a654 done
build-and-push (telegram-bot)	Build and push image for telegram-bot	2026-02-09T12:09:35.3852963Z #6 sha256:f81c161f5fb8bdd588bd96e396a885e842bbb7a044983d3851055dc83132da13 445B / 445B 0.1s done
build-and-push (telegram-bot)	Build and push image for telegram-bot	2026-02-09T12:09:35.5772305Z #6 sha256:cef716d39f61c1099bc1cc0b32efae3753e57b300cbbd6ec1ed1b9a15b92464c 1.39MB / 1.39MB 0.2s done
build-and-push (telegram-bot)	Build and push image for telegram-bot	2026-02-09T12:09:35.5774034Z #6 sha256:d12adb5e728bd8dbc3c33371ec183da2c768df3a87e337d530bcf23ccff15450 0B / 50.09MB 0.2s
build-and-push (telegram-bot)	Build and push image for telegram-bot	2026-02-09T12:09:35.5775861Z #6 sha256:a7cd7d9a21440da0d765f2989d75f069adf9b3463a765421a0590bca720920d4 3.42MB / 3.42MB 0.3s done
build-and-push (telegram-bot)	Build and push image for telegram-bot	2026-02-09T12:09:35.7118190Z #6 sha256:d12adb5e728bd8dbc3c33371ec183da2c768df3a87e337d530bcf23ccff15450 50.09MB / 50.09MB 0.4s done
build-and-push (telegram-bot)	Build and push image for telegram-bot	2026-02-09T12:09:35.7120017Z #6 extracting sha256:a7cd7d9a21440da0d765f2989d75f069adf9b3463a765421a0590bca720920d4 0.1s done
build-and-push (telegram-bot)	Build and push image for telegram-bot	2026-02-09T12:09:35.8641166Z #6 extracting sha256:d12adb5e728bd8dbc3c33371ec183da2c768df3a87e337d530bcf23ccff15450
build-and-push (telegram-bot)	Build and push image for telegram-bot	2026-02-09T12:09:36.7786814Z #6 extracting sha256:d12adb5e728bd8dbc3c33371ec183da2c768df3a87e337d530bcf23ccff15450 1.1s done
build-and-push (telegram-bot)	Build and push image for telegram-bot	2026-02-09T12:09:36.7788533Z #6 DONE 1.5s
build-and-push (telegram-bot)	Build and push image for telegram-bot	2026-02-09T12:09:37.0071934Z 
build-and-push (telegram-bot)	Build and push image for telegram-bot	2026-02-09T12:09:37.0072885Z #6 [base 1/3] FROM docker.io/library/node:***-alpine3.19@sha256:40dc4b415c17b85bea9be05314b4a753f45a4e1716bb31c01182e6c53d51a654
build-and-push (telegram-bot)	Build and push image for telegram-bot	2026-02-09T12:09:37.0074026Z #6 extracting sha256:cef716d39f61c1099bc1cc0b32efae3753e57b300cbbd6ec1ed1b9a15b92464c 0.0s done
build-and-push (telegram-bot)	Build and push image for telegram-bot	2026-02-09T12:09:37.0074965Z #6 extracting sha256:f81c161f5fb8bdd588bd96e396a885e842bbb7a044983d3851055dc83132da13 done
build-and-push (telegram-bot)	Build and push image for telegram-bot	2026-02-09T12:09:37.0075926Z #6 DONE 1.6s
build-and-push (telegram-bot)	Build and push image for telegram-bot	2026-02-09T12:09:37.0076176Z 
build-and-push (telegram-bot)	Build and push image for telegram-bot	2026-02-09T12:09:37.0076752Z #7 [base 2/3] RUN apk update && apk add --no-cache     bash     curl     ca-certificates     ffmpeg     freetype     ttf-dejavu     nano
build-and-push (telegram-bot)	Build and push image for telegram-bot	2026-02-09T12:09:37.0077836Z #7 0.050 fetch https://dl-cdn.alpinelinux.org/alpine/v3.19/main/x86_64/APKINDEX.tar.gz
build-and-push (telegram-bot)	Build and push image for telegram-bot	2026-02-09T12:09:37.0839267Z #7 0.277 fetch https://dl-cdn.alpinelinux.org/alpine/v3.19/community/x86_64/APKINDEX.tar.gz
build-and-push (telegram-bot)	Build and push image for telegram-bot	2026-02-09T12:09:37.4727573Z #7 0.666 v3.19.9-91-gbfa0eecebc1 [https://dl-cdn.alpinelinux.org/alpine/v3.19/main]
build-and-push (telegram-bot)	Build and push image for telegram-bot	2026-02-09T12:09:37.4730729Z #7 0.666 v3.19.9-89-g0d55b643dcb [https://dl-cdn.alpinelinux.org/alpine/v3.19/community]
build-and-push (telegram-bot)	Build and push image for telegram-bot	2026-02-09T12:09:37.4731845Z #7 0.666 OK: 23043 distinct packages available
build-and-push (telegram-bot)	Build and push image for telegram-bot	2026-02-09T12:09:37.6777255Z #7 0.720 fetch https://dl-cdn.alpinelinux.org/alpine/v3.19/main/x86_64/APKINDEX.tar.gz
build-and-push (telegram-bot)	Build and push image for telegram-bot	2026-02-09T12:09:37.7349563Z #7 0.928 fetch https://dl-cdn.alpinelinux.org/alpine/v3.19/community/x86_64/APKINDEX.tar.gz
build-and-push (telegram-bot)	Build and push image for telegram-bot	2026-02-09T12:09:38.0802881Z #7 1.273 (1/118) Installing ncurses-terminfo-base (6.4_p20231125-r0)
build-and-push (telegram-bot)	Build and push image for telegram-bot	2026-02-09T12:09:38.2174020Z #7 1.279 (2/118) Installing libncursesw (6.4_p20231125-r0)
build-and-push (telegram-bot)	Build and push image for telegram-bot	2026-02-09T12:09:38.2175419Z #7 1.285 (3/118) Installing readline (8.2.1-r2)
build-and-push (telegram-bot)	Build and push image for telegram-bot	2026-02-09T12:09:38.2176391Z #7 1.289 (4/118) Installing bash (5.2.21-r0)
build-and-push (telegram-bot)	Build and push image for telegram-bot	2026-02-09T12:09:38.2177081Z #7 1.302 Executing bash-5.2.21-r0.post-install
build-and-push (telegram-bot)	Build and push image for telegram-bot	2026-02-09T12:09:38.2177723Z #7 1.305 (5/118) Installing ca-certificates (20250911-r0)
build-and-push (telegram-bot)	Build and push image for telegram-bot	2026-02-09T12:09:38.2178396Z #7 1.325 (6/118) Installing brotli-libs (1.1.0-r1)
build-and-push (telegram-bot)	Build and push image for telegram-bot	2026-02-09T12:09:38.2179059Z #7 1.335 (7/118) Installing c-ares (1.27.0-r0)
build-and-push (telegram-bot)	Build and push image for telegram-bot	2026-02-09T12:09:38.2179729Z #7 1.338 (8/118) Installing libunistring (1.1-r2)
build-and-push (telegram-bot)	Build and push image for telegram-bot	2026-02-09T12:09:38.2180376Z #7 1.349 (9/118) Installing libidn2 (2.3.4-r4)
build-and-push (telegram-bot)	Build and push image for telegram-bot	2026-02-09T12:09:38.2180955Z #7 1.353 (10/118) Installing nghttp2-libs (1.58.0-r0)
build-and-push (telegram-bot)	Build and push image for telegram-bot	2026-02-09T12:09:38.2181617Z #7 1.355 (11/118) Installing libpsl (0.21.5-r0)
build-and-push (telegram-bot)	Build and push image for telegram-bot	2026-02-09T12:09:38.2182256Z #7 1.357 (12/118) Installing libcurl (8.14.1-r2)
build-and-push (telegram-bot)	Build and push image for telegram-bot	2026-02-09T12:09:38.2182888Z #7 1.364 (13/118) Installing curl (8.14.1-r2)
build-and-push (telegram-bot)	Build and push image for telegram-bot	2026-02-09T12:09:38.2183506Z #7 1.367 (14/118) Installing libSvtAv1Enc (1.7.0-r0)
build-and-push (telegram-bot)	Build and push image for telegram-bot	2026-02-09T12:09:38.2184103Z #7 1.411 (15/118) Installing aom-libs (3.7.1-r0)
build-and-push (telegram-bot)	Build and push image for telegram-bot	2026-02-09T12:09:38.3183484Z #7 1.452 (16/118) Installing libxau (1.0.11-r3)
build-and-push (telegram-bot)	Build and push image for telegram-bot	2026-02-09T12:09:38.3184555Z #7 1.454 (17/118) Installing libmd (1.1.0-r0)
build-and-push (telegram-bot)	Build and push image for telegram-bot	2026-02-09T12:09:38.3185607Z #7 1.456 (18/118) Installing libbsd (0.11.7-r3)
build-and-push (telegram-bot)	Build and push image for telegram-bot	2026-02-09T12:09:38.3186225Z #7 1.458 (19/118) Installing libxdmcp (1.1.4-r3)
build-and-push (telegram-bot)	Build and push image for telegram-bot	2026-02-09T12:09:38.3186802Z #7 1.459 (20/118) Installing libxcb (1.16-r0)
build-and-push (telegram-bot)	Build and push image for telegram-bot	2026-02-09T12:09:38.3187354Z #7 1.470 (21/118) Installing libx11 (1.8.7-r0)
build-and-push (telegram-bot)	Build and push image for telegram-bot	2026-02-09T12:09:38.3187999Z #7 1.501 (***/118) Installing hwdata-pci (0.377.2-r0)
build-and-push (telegram-bot)	Build and push image for telegram-bot	2026-02-09T12:09:38.3188624Z #7 1.509 (23/118) Installing libpciaccess (0.17-r2)
build-and-push (telegram-bot)	Build and push image for telegram-bot	2026-02-09T12:09:38.3189195Z #7 1.512 (24/118) Installing libdrm (2.4.118-r0)
build-and-push (telegram-bot)	Build and push image for telegram-bot	2026-02-09T12:09:38.4320470Z #7 1.519 (25/118) Installing libxext (1.3.5-r3)
build-and-push (telegram-bot)	Build and push image for telegram-bot	2026-02-09T12:09:38.4321562Z #7 1.521 (26/118) Installing libxfixes (6.0.1-r3)
build-and-push (telegram-bot)	Build and push image for telegram-bot	2026-02-09T12:09:38.4322301Z #7 1.523 (27/118) Installing libffi (3.4.4-r3)
build-and-push (telegram-bot)	Build and push image for telegram-bot	2026-02-09T12:09:38.4322972Z #7 1.526 (28/118) Installing wayland-libs-client (1.***.0-r4)
build-and-push (telegram-bot)	Build and push image for telegram-bot	2026-02-09T12:09:38.4323998Z #7 1.528 (29/118) Installing libva (2.20.0-r0)
build-and-push (telegram-bot)	Build and push image for telegram-bot	2026-02-09T12:09:38.4324586Z #7 1.535 (30/118) Installing libvdpau (1.5-r2)
build-and-push (telegram-bot)	Build and push image for telegram-bot	2026-02-09T12:09:38.4325667Z #7 1.541 (31/118) Installing onevpl-libs (2023.3.1-r2)
build-and-push (telegram-bot)	Build and push image for telegram-bot	2026-02-09T12:09:38.4326330Z #7 1.545 (32/118) Installing ffmpeg-libavutil (6.1.1-r0)
build-and-push (telegram-bot)	Build and push image for telegram-bot	2026-02-09T12:09:38.4326942Z #7 1.554 (33/118) Installing libdav1d (1.3.0-r1)
build-and-push (telegram-bot)	Build and push image for telegram-bot	2026-02-09T12:09:38.4327507Z #7 1.565 (34/118) Installing libhwy (1.0.7-r0)
build-and-push (telegram-bot)	Build and push image for telegram-bot	2026-02-09T12:09:38.4328045Z #7 1.568 (35/118) Installing lcms2 (2.15-r4)
build-and-push (telegram-bot)	Build and push image for telegram-bot	2026-02-09T12:09:38.4328588Z #7 1.572 (36/118) Installing libjxl (0.8.2-r0)
build-and-push (telegram-bot)	Build and push image for telegram-bot	2026-02-09T12:09:38.4329135Z #7 1.599 (37/118) Installing lame-libs (3.100-r5)
build-and-push (telegram-bot)	Build and push image for telegram-bot	2026-02-09T12:09:38.4329674Z #7 1.604 (38/118) Installing opus (1.4-r0)
build-and-push (telegram-bot)	Build and push image for telegram-bot	2026-02-09T12:09:38.4330223Z #7 1.611 (39/118) Installing rav1e-libs (0.6.6-r2)
build-and-push (telegram-bot)	Build and push image for telegram-bot	2026-02-09T12:09:38.4330810Z #7 1.625 (40/118) Installing libgomp (13.2.1_git20231014-r0)
build-and-push (telegram-bot)	Build and push image for telegram-bot	2026-02-09T12:09:38.5788380Z #7 1.631 (41/118) Installing soxr (0.1.3-r7)
build-and-push (telegram-bot)	Build and push image for telegram-bot	2026-02-09T12:09:38.5789996Z #7 1.637 (42/118) Installing ffmpeg-libswresample (6.1.1-r0)
build-and-push (telegram-bot)	Build and push image for telegram-bot	2026-02-09T12:09:38.5791507Z #7 1.641 (43/118) Installing libogg (1.3.5-r5)
build-and-push (telegram-bot)	Build and push image for telegram-bot	2026-02-09T12:09:38.5807502Z #7 1.643 (44/118) Installing libtheora (1.1.1-r18)
build-and-push (telegram-bot)	Build and push image for telegram-bot	2026-02-09T12:09:38.5808179Z #7 1.651 (45/118) Installing libvorbis (1.3.7-r2)
build-and-push (telegram-bot)	Build and push image for telegram-bot	2026-02-09T12:09:38.5808767Z #7 1.658 (46/118) Installing libvpx (1.13.1-r0)
build-and-push (telegram-bot)	Build and push image for telegram-bot	2026-02-09T12:09:38.5809336Z #7 1.678 (47/118) Installing libsharpyuv (1.3.2-r0)
build-and-push (telegram-bot)	Build and push image for telegram-bot	2026-02-09T12:09:38.5809952Z #7 1.680 (48/118) Installing libwebp (1.3.2-r0)
build-and-push (telegram-bot)	Build and push image for telegram-bot	2026-02-09T12:09:38.5810521Z #7 1.685 (49/118) Installing libwebpmux (1.3.2-r0)
build-and-push (telegram-bot)	Build and push image for telegram-bot	2026-02-09T12:09:38.5811123Z #7 1.688 (50/118) Installing x264-libs (0.164_git20231001-r0)
build-and-push (telegram-bot)	Build and push image for telegram-bot	2026-02-09T12:09:38.5811722Z #7 1.706 (51/118) Installing numactl (2.0.16-r4)
build-and-push (telegram-bot)	Build and push image for telegram-bot	2026-02-09T12:09:38.5812278Z #7 1.708 (52/118) Installing x265-libs (3.5-r4)
build-and-push (telegram-bot)	Build and push image for telegram-bot	2026-02-09T12:09:38.5812834Z #7 1.772 (53/118) Installing xvidcore (1.3.7-r2)
build-and-push (telegram-bot)	Build and push image for telegram-bot	2026-02-09T12:09:38.6832435Z #7 1.780 (54/118) Installing ffmpeg-libavcodec (6.1.1-r0)
build-and-push (telegram-bot)	Build and push image for telegram-bot	2026-02-09T12:09:38.6833518Z #7 1.877 (55/118) Installing sdl2 (2.28.5-r0)
build-and-push (telegram-bot)	Build and push image for telegram-bot	2026-02-09T12:09:38.7855991Z #7 1.890 (56/118) Installing alsa-lib (1.2.10-r0)
build-and-push (telegram-bot)	Build and push image for telegram-bot	2026-02-09T12:09:38.7857440Z #7 1.907 (57/118) Installing libexpat (2.7.3-r0)
build-and-push (telegram-bot)	Build and push image for telegram-bot	2026-02-09T12:09:38.7858276Z #7 1.910 (58/118) Installing libbz2 (1.0.8-r6)
build-and-push (telegram-bot)	Build and push image for telegram-bot	2026-02-09T12:09:38.7858973Z #7 1.913 (59/118) Installing libpng (1.6.44-r0)
build-and-push (telegram-bot)	Build and push image for telegram-bot	2026-02-09T12:09:38.7859696Z #7 1.916 (60/118) Installing freetype (2.13.2-r0)
build-and-push (telegram-bot)	Build and push image for telegram-bot	2026-02-09T12:09:38.7860414Z #7 1.924 (61/118) Installing fontconfig (2.14.2-r4)
build-and-push (telegram-bot)	Build and push image for telegram-bot	2026-02-09T12:09:38.7861126Z #7 1.934 (62/118) Installing fribidi (1.0.13-r0)
build-and-push (telegram-bot)	Build and push image for telegram-bot	2026-02-09T12:09:38.7861888Z #7 1.937 (63/118) Installing libintl (0.***.3-r0)
build-and-push (telegram-bot)	Build and push image for telegram-bot	2026-02-09T12:09:38.7862555Z #7 1.940 (64/118) Installing libblkid (2.39.3-r0)
build-and-push (telegram-bot)	Build and push image for telegram-bot	2026-02-09T12:09:38.7863171Z #7 1.943 (65/118) Installing libmount (2.39.3-r0)
build-and-push (telegram-bot)	Build and push image for telegram-bot	2026-02-09T12:09:38.7863727Z #7 1.946 (66/118) Installing pcre2 (10.42-r2)
build-and-push (telegram-bot)	Build and push image for telegram-bot	2026-02-09T12:09:38.7864353Z #7 1.953 (67/118) Installing glib (2.78.6-r0)
build-and-push (telegram-bot)	Build and push image for telegram-bot	2026-02-09T12:09:38.7864943Z #7 1.979 (68/118) Installing graphite2 (1.3.14-r6)
build-and-push (telegram-bot)	Build and push image for telegram-bot	2026-02-09T12:09:38.8860537Z #7 1.982 (69/118) Installing harfbuzz (8.3.0-r0)
build-and-push (telegram-bot)	Build and push image for telegram-bot	2026-02-09T12:09:38.8861844Z #7 1.993 (70/118) Installing libunibreak (5.1-r3)
build-and-push (telegram-bot)	Build and push image for telegram-bot	2026-02-09T12:09:38.8862832Z #7 1.996 (71/118) Installing libass (0.17.1-r1)
build-and-push (telegram-bot)	Build and push image for telegram-bot	2026-02-09T12:09:38.8863695Z #7 2.000 (72/118) Installing libbluray (1.3.4-r1)
build-and-push (telegram-bot)	Build and push image for telegram-bot	2026-02-09T12:09:38.8864414Z #7 2.005 (73/118) Installing mpg123-libs (1.32.8-r0)
build-and-push (telegram-bot)	Build and push image for telegram-bot	2026-02-09T12:09:38.8865254Z #7 2.010 (74/118) Installing libopenmpt (0.7.3-r1)
build-and-push (telegram-bot)	Build and push image for telegram-bot	2026-02-09T12:09:38.8865853Z #7 2.023 (75/118) Installing cjson (1.7.19-r0)
build-and-push (telegram-bot)	Build and push image for telegram-bot	2026-02-09T12:09:38.8866410Z #7 2.026 (76/118) Installing mbedtls (2.28.10-r0)
build-and-push (telegram-bot)	Build and push image for telegram-bot	2026-02-09T12:09:38.8866959Z #7 2.033 (77/118) Installing librist (0.2.10-r0)
build-and-push (telegram-bot)	Build and push image for telegram-bot	2026-02-09T12:09:38.8867503Z #7 2.037 (78/118) Installing libsrt (1.5.3-r0)
build-and-push (telegram-bot)	Build and push image for telegram-bot	2026-02-09T12:09:38.8868057Z #7 2.046 (79/118) Installing libssh (0.10.6-r0)
build-and-push (telegram-bot)	Build and push image for telegram-bot	2026-02-09T12:09:38.8868602Z #7 2.054 (80/118) Installing xz-libs (5.4.5-r1)
build-and-push (telegram-bot)	Build and push image for telegram-bot	2026-02-09T12:09:38.8869558Z #7 2.058 (81/118) Installing libxml2 (2.11.8-r3)
build-and-push (telegram-bot)	Build and push image for telegram-bot	2026-02-09T12:09:38.8870119Z #7 2.068 (82/118) Installing libsodium (1.0.19-r0)
build-and-push (telegram-bot)	Build and push image for telegram-bot	2026-02-09T12:09:38.8870676Z #7 2.073 (83/118) Installing libzmq (4.3.5-r2)
build-and-push (telegram-bot)	Build and push image for telegram-bot	2026-02-09T12:09:38.8871267Z #7 2.079 (84/118) Installing ffmpeg-libavformat (6.1.1-r0)
build-and-push (telegram-bot)	Build and push image for telegram-bot	2026-02-09T12:09:38.9889240Z #7 2.100 (85/118) Installing serd-libs (0.32.0-r0)
build-and-push (telegram-bot)	Build and push image for telegram-bot	2026-02-09T12:09:38.9890362Z #7 2.103 (86/118) Installing zix-libs (0.4.2-r0)
build-and-push (telegram-bot)	Build and push image for telegram-bot	2026-02-09T12:09:38.9890982Z #7 2.106 (87/118) Installing sord-libs (0.16.16-r0)
build-and-push (telegram-bot)	Build and push image for telegram-bot	2026-02-09T12:09:38.9891572Z #7 2.108 (88/118) Installing sratom (0.6.16-r0)
build-and-push (telegram-bot)	Build and push image for telegram-bot	2026-02-09T12:09:38.9892196Z #7 2.112 (89/118) Installing lilv-libs (0.24.***-r0)
build-and-push (telegram-bot)	Build and push image for telegram-bot	2026-02-09T12:09:38.9892808Z #7 2.114 (90/118) Installing glslang-libs (1.3.261.1-r0)
build-and-push (telegram-bot)	Build and push image for telegram-bot	2026-02-09T12:09:38.9893394Z #7 2.141 (91/118) Installing libdovi (3.2.0-r1)
build-and-push (telegram-bot)	Build and push image for telegram-bot	2026-02-09T12:09:38.9893982Z #7 2.147 (92/118) Installing spirv-tools (1.3.261.1-r0)
build-and-push (telegram-bot)	Build and push image for telegram-bot	2026-02-09T12:09:38.9894598Z #7 2.178 (93/118) Installing shaderc (2023.7-r0)
build-and-push (telegram-bot)	Build and push image for telegram-bot	2026-02-09T12:09:38.9895396Z #7 2.182 (94/118) Installing vulkan-loader (1.3.261.1-r0)
build-and-push (telegram-bot)	Build and push image for telegram-bot	2026-02-09T12:09:39.0905190Z #7 2.188 (95/118) Installing libplacebo (6.338.1-r0)
build-and-push (telegram-bot)	Build and push image for telegram-bot	2026-02-09T12:09:39.0906558Z #7 2.198 (96/118) Installing ffmpeg-libpostproc (6.1.1-r0)
build-and-push (telegram-bot)	Build and push image for telegram-bot	2026-02-09T12:09:39.0907533Z #7 2.201 (97/118) Installing ffmpeg-libswscale (6.1.1-r0)
build-and-push (telegram-bot)	Build and push image for telegram-bot	2026-02-09T12:09:39.0908156Z #7 2.207 (98/118) Installing vidstab (1.1.1-r0)
build-and-push (telegram-bot)	Build and push image for telegram-bot	2026-02-09T12:09:39.0908735Z #7 2.209 (99/118) Installing zimg (3.0.5-r2)
build-and-push (telegram-bot)	Build and push image for telegram-bot	2026-02-09T12:09:39.0909321Z #7 2.217 (100/118) Installing ffmpeg-libavfilter (6.1.1-r0)
build-and-push (telegram-bot)	Build and push image for telegram-bot	2026-02-09T12:09:39.0909933Z #7 2.249 (101/118) Installing libasyncns (0.8-r2)
build-and-push (telegram-bot)	Build and push image for telegram-bot	2026-02-09T12:09:39.0910501Z #7 2.252 (102/118) Installing dbus-libs (1.14.10-r0)
build-and-push (telegram-bot)	Build and push image for telegram-bot	2026-02-09T12:09:39.0911058Z #7 2.256 (103/118) Installing libltdl (2.4.7-r3)
build-and-push (telegram-bot)	Build and push image for telegram-bot	2026-02-09T12:09:39.0911633Z #7 2.259 (104/118) Installing orc (0.4.39-r0)
build-and-push (telegram-bot)	Build and push image for telegram-bot	2026-02-09T12:09:39.0912175Z #7 2.265 (105/118) Installing libflac (1.4.3-r1)
build-and-push (telegram-bot)	Build and push image for telegram-bot	2026-02-09T12:09:39.0912750Z #7 2.271 (106/118) Installing libsndfile (1.2.2-r1)
build-and-push (telegram-bot)	Build and push image for telegram-bot	2026-02-09T12:09:39.0913322Z #7 2.278 (107/118) Installing speexdsp (1.2.1-r2)
build-and-push (telegram-bot)	Build and push image for telegram-bot	2026-02-09T12:09:39.0913863Z #7 2.281 (108/118) Installing tdb-libs (1.4.9-r0)
build-and-push (telegram-bot)	Build and push image for telegram-bot	2026-02-09T12:09:39.0914392Z #7 2.284 (109/118) Installing libpulse (16.1-r11)
build-and-push (telegram-bot)	Build and push image for telegram-bot	2026-02-09T12:09:39.2234194Z #7 2.295 (110/118) Installing libjpeg-turbo (3.0.1-r0)
build-and-push (telegram-bot)	Build and push image for telegram-bot	2026-02-09T12:09:39.2235510Z #7 2.302 (111/118) Installing v4l-utils-libs (1.24.1-r1)
build-and-push (telegram-bot)	Build and push image for telegram-bot	2026-02-09T12:09:39.2236509Z #7 2.309 (112/118) Installing ffmpeg-libavdevice (6.1.1-r0)
build-and-push (telegram-bot)	Build and push image for telegram-bot	2026-02-09T12:09:39.2237740Z #7 2.312 (113/118) Installing ffmpeg (6.1.1-r0)
build-and-push (telegram-bot)	Build and push image for telegram-bot	2026-02-09T12:09:39.2238668Z #7 2.320 (114/118) Installing nano (7.2-r1)
build-and-push (telegram-bot)	Build and push image for telegram-bot	2026-02-09T12:09:39.2239524Z #7 2.326 (115/118) Installing encodings (1.0.7-r1)
build-and-push (telegram-bot)	Build and push image for telegram-bot	2026-02-09T12:09:39.2240516Z #7 2.338 (116/118) Installing libfontenc (1.1.7-r4)
build-and-push (telegram-bot)	Build and push image for telegram-bot	2026-02-09T12:09:39.2241511Z #7 2.341 (117/118) Installing mkfontscale (1.2.2-r4)
build-and-push (telegram-bot)	Build and push image for telegram-bot	2026-02-09T12:09:39.2242487Z #7 2.343 (118/118) Installing font-dejavu (2.37-r5)
build-and-push (telegram-bot)	Build and push image for telegram-bot	2026-02-09T12:09:39.2243473Z #7 2.417 Executing busybox-1.36.1-r19.trigger
build-and-push (telegram-bot)	Build and push image for telegram-bot	2026-02-09T12:09:39.3254236Z #7 2.4*** Executing ca-certificates-20250911-r0.trigger
build-and-push (telegram-bot)	Build and push image for telegram-bot	2026-02-09T12:09:39.3255572Z #7 2.464 Executing fontconfig-2.14.2-r4.trigger
build-and-push (telegram-bot)	Build and push image for telegram-bot	2026-02-09T12:09:39.3256466Z #7 2.489 Executing glib-2.78.6-r0.trigger
build-and-push (telegram-bot)	Build and push image for telegram-bot	2026-02-09T12:09:39.3257333Z #7 2.492 Executing mkfontscale-1.2.2-r4.trigger
build-and-push (telegram-bot)	Build and push image for telegram-bot	2026-02-09T12:09:39.3258190Z #7 2.519 OK: 144 MiB in 135 packages
build-and-push (telegram-bot)	Build and push image for telegram-bot	2026-02-09T12:09:39.8812393Z #7 DONE 3.1s
build-and-push (telegram-bot)	Build and push image for telegram-bot	2026-02-09T12:09:40.0554705Z 
build-and-push (telegram-bot)	Build and push image for telegram-bot	2026-02-09T12:09:40.0555924Z #8 [base 3/3] WORKDIR /app
build-and-push (telegram-bot)	Build and push image for telegram-bot	2026-02-09T12:09:40.0556804Z #8 DONE 0.0s
build-and-push (telegram-bot)	Build and push image for telegram-bot	2026-02-09T12:09:40.0557216Z 
build-and-push (telegram-bot)	Build and push image for telegram-bot	2026-02-09T12:09:40.0557619Z #9 [dependencies 1/2] COPY package.json  ./
build-and-push (telegram-bot)	Build and push image for telegram-bot	2026-02-09T12:09:40.0558485Z #9 DONE 0.0s
build-and-push (telegram-bot)	Build and push image for telegram-bot	2026-02-09T12:09:40.0558882Z 
build-and-push (telegram-bot)	Build and push image for telegram-bot	2026-02-09T12:09:40.0559367Z #10 [dependencies 2/2] RUN yarn install --frozen-lockfile
build-and-push (telegram-bot)	Build and push image for telegram-bot	2026-02-09T12:09:40.1751849Z #10 0.270 yarn install v1.***.***
build-and-push (telegram-bot)	Build and push image for telegram-bot	2026-02-09T12:09:40.3801277Z #10 0.316 info No lockfile found.
build-and-push (telegram-bot)	Build and push image for telegram-bot	2026-02-09T12:09:40.3802412Z #10 0.324 [1/4] Resolving packages...
build-and-push (telegram-bot)	Build and push image for telegram-bot	2026-02-09T12:09:41.9137239Z #10 2.009 warning fluent-ffmpeg@2.1.3: Package no longer supported. Contact Support at https://www.npmjs.com/support for more info.
build-and-push (telegram-bot)	Build and push image for telegram-bot	2026-02-09T12:09:43.7258419Z #10 3.821 warning @types/form-data@2.5.2: This is a stub types definition. form-data provides its own type definitions, so you do not need this installed.
build-and-push (telegram-bot)	Build and push image for telegram-bot	2026-02-09T12:09:43.8339376Z #10 3.929 warning @types/winston@2.4.4: This is a stub types definition. winston provides its own type definitions, so you do not need this installed.
build-and-push (telegram-bot)	Build and push image for telegram-bot	2026-02-09T12:09:44.2765542Z #10 4.372 [2/4] Fetching packages...
build-and-push (telegram-bot)	Build and push image for telegram-bot	2026-02-09T12:09:48.8519233Z #10 8.947 [3/4] Linking dependencies...
build-and-push (telegram-bot)	Build and push image for telegram-bot	2026-02-09T12:09:49.0092113Z #10 8.954 warning Workspaces can only be enabled in private projects.
build-and-push (telegram-bot)	Build and push image for telegram-bot	2026-02-09T12:09:50.4021945Z #10 10.50 [4/4] Building fresh packages...
build-and-push (telegram-bot)	Build and push image for telegram-bot	2026-02-09T12:09:50.6493992Z #10 10.59 Done in 10.33s.
build-and-push (telegram-bot)	Build and push image for telegram-bot	2026-02-09T12:09:51.2421641Z #10 DONE 11.3s
build-and-push (telegram-bot)	Build and push image for telegram-bot	2026-02-09T12:09:51.3930823Z 
build-and-push (telegram-bot)	Build and push image for telegram-bot	2026-02-09T12:09:51.3931464Z #11 [with-files 1/1] COPY . .
build-and-push (telegram-bot)	Build and push image for telegram-bot	2026-02-09T12:09:51.4253455Z #11 DONE 0.2s
build-and-push (telegram-bot)	Build and push image for telegram-bot	2026-02-09T12:09:51.5772738Z 
build-and-push (telegram-bot)	Build and push image for telegram-bot	2026-02-09T12:09:51.5773271Z #12 exporting to image
build-and-push (telegram-bot)	Build and push image for telegram-bot	2026-02-09T12:09:51.5774064Z #12 exporting layers
build-and-push (telegram-bot)	Build and push image for telegram-bot	2026-02-09T12:10:07.0252461Z #12 exporting layers 15.6s done
build-and-push (telegram-bot)	Build and push image for telegram-bot	2026-02-09T12:10:07.1933291Z #12 exporting manifest sha256:8647e0c569e3c4e08bce25***0d683188119fb4a0b9fbbad7c0daab7938e92829 done
build-and-push (telegram-bot)	Build and push image for telegram-bot	2026-02-09T12:10:07.1934337Z #12 exporting config sha256:24c78b8134891115a3e305d3df38071d2c3fd050930e39c7fe1ce3d62e576fc6 done
build-and-push (telegram-bot)	Build and push image for telegram-bot	2026-02-09T12:10:07.1935591Z #12 exporting attestation manifest sha256:f0c79d0dbe62f2ead773a51de8be11777***f1116f2e82a826911a3be7e599520 done
build-and-push (telegram-bot)	Build and push image for telegram-bot	2026-02-09T12:10:07.1936611Z #12 exporting manifest list sha256:55ad0bd0f3a1c2cf7fe5a24f1c0093dbe0b3415e1d02ac03bea6d7f2f09d808f done
build-and-push (telegram-bot)	Build and push image for telegram-bot	2026-02-09T12:10:07.1937359Z #12 pushing layers
build-and-push (telegram-bot)	Build and push image for telegram-bot	2026-02-09T12:10:07.2558662Z #12 ...
build-and-push (telegram-bot)	Build and push image for telegram-bot	2026-02-09T12:10:07.2558984Z 
build-and-push (telegram-bot)	Build and push image for telegram-bot	2026-02-09T12:10:07.2559608Z #13 [auth] executesg/***/telegram-bot:pull,push token for ghcr.io
build-and-push (telegram-bot)	Build and push image for telegram-bot	2026-02-09T12:10:07.4063088Z #13 DONE 0.0s
build-and-push (telegram-bot)	Build and push image for telegram-bot	2026-02-09T12:10:07.4063530Z 
build-and-push (telegram-bot)	Build and push image for telegram-bot	2026-02-09T12:10:07.4063848Z #12 exporting to image
build-and-push (telegram-bot)	Build and push image for telegram-bot	2026-02-09T12:10:14.1373993Z #12 pushing layers 7.1s done
build-and-push (telegram-bot)	Build and push image for telegram-bot	2026-02-09T12:10:14.1376393Z #12 pushing manifest for ghcr.io/executesg/***/telegram-bot:dev-21824495195@sha256:55ad0bd0f3a1c2cf7fe5a24f1c0093dbe0b3415e1d02ac03bea6d7f2f09d808f
build-and-push (telegram-bot)	Build and push image for telegram-bot	2026-02-09T12:10:15.7780707Z #12 pushing manifest for ghcr.io/executesg/***/telegram-bot:dev-21824495195@sha256:55ad0bd0f3a1c2cf7fe5a24f1c0093dbe0b3415e1d02ac03bea6d7f2f09d808f 1.6s done
build-and-push (telegram-bot)	Build and push image for telegram-bot	2026-02-09T12:10:16.3265247Z #12 pushing layers 0.5s done
build-and-push (telegram-bot)	Build and push image for telegram-bot	2026-02-09T12:10:16.3267005Z #12 pushing manifest for ghcr.io/executesg/***/telegram-bot:dev-latest@sha256:55ad0bd0f3a1c2cf7fe5a24f1c0093dbe0b3415e1d02ac03bea6d7f2f09d808f
build-and-push (telegram-bot)	Build and push image for telegram-bot	2026-02-09T12:10:17.3596980Z #12 pushing manifest for ghcr.io/executesg/***/telegram-bot:dev-latest@sha256:55ad0bd0f3a1c2cf7fe5a24f1c0093dbe0b3415e1d02ac03bea6d7f2f09d808f 1.0s done
build-and-push (telegram-bot)	Build and push image for telegram-bot	2026-02-09T12:10:17.3598702Z #12 DONE 25.9s
build-and-push (telegram-bot)	Send Telegram Message - Build Success	﻿2026-02-09T12:10:17.3872933Z ##[group]Run if [ -z "$TELEGRAM_BOT_TOKEN" ] || [ -z "$TELEGRAM_CHAT_ID" ]; then
build-and-push (telegram-bot)	Send Telegram Message - Build Success	2026-02-09T12:10:17.3874185Z [36;1mif [ -z "$TELEGRAM_BOT_TOKEN" ] || [ -z "$TELEGRAM_CHAT_ID" ]; then[0m
build-and-push (telegram-bot)	Send Telegram Message - Build Success	2026-02-09T12:10:17.3875761Z [36;1m  echo "Error: Telegram vars are not set or are empty."[0m
build-and-push (telegram-bot)	Send Telegram Message - Build Success	2026-02-09T12:10:17.3876398Z [36;1m  exit 1[0m
build-and-push (telegram-bot)	Send Telegram Message - Build Success	2026-02-09T12:10:17.3876839Z [36;1mfi[0m
build-and-push (telegram-bot)	Send Telegram Message - Build Success	2026-02-09T12:10:17.3877246Z [36;1m[0m
build-and-push (telegram-bot)	Send Telegram Message - Build Success	2026-02-09T12:10:17.3877870Z [36;1mcurl -s -X POST "https://api.telegram.org/bot$TELEGRAM_BOT_TOKEN/sendMessage" \[0m
build-and-push (telegram-bot)	Send Telegram Message - Build Success	2026-02-09T12:10:17.3878594Z [36;1m  -d chat_id="$TELEGRAM_CHAT_ID" \[0m
build-and-push (telegram-bot)	Send Telegram Message - Build Success	2026-02-09T12:10:17.3879122Z [36;1m  -d text="[0m
build-and-push (telegram-bot)	Send Telegram Message - Build Success	2026-02-09T12:10:17.3879677Z [36;1m  😂😃Build ok for ExecutESG/***[0m
build-and-push (telegram-bot)	Send Telegram Message - Build Success	2026-02-09T12:10:17.3880241Z [36;1m  📝 branch: refs/heads/dev[0m
build-and-push (telegram-bot)	Send Telegram Message - Build Success	2026-02-09T12:10:17.3881035Z [36;1m  🧑 ‍💻Actor: bemehrbani[0m
build-and-push (telegram-bot)	Send Telegram Message - Build Success	2026-02-09T12:10:17.3881684Z [36;1m  🖊   message: fix(deploy): strip quotes from env and inject bot vars[0m
build-and-push (telegram-bot)	Send Telegram Message - Build Success	2026-02-09T12:10:17.3882610Z [36;1m  🔍 See Changes: https://github.com/ExecutESG/***/commit/0c3bec63c4903a99acde2a599f1cd5d98df508ae"[0m
build-and-push (telegram-bot)	Send Telegram Message - Build Success	2026-02-09T12:10:17.3914629Z shell: /usr/bin/bash -e {0}
build-and-push (telegram-bot)	Send Telegram Message - Build Success	2026-02-09T12:10:17.3915270Z env:
build-and-push (telegram-bot)	Send Telegram Message - Build Success	2026-02-09T12:10:17.3943622Z   ALLMYSECRETS: {
build-and-push (telegram-bot)	Send Telegram Message - Build Success	  "DEV_MNEMONIC": "***",
build-and-push (telegram-bot)	Send Telegram Message - Build Success	  "MAIN_PGADMIN_DEFAULT_PASSWORD": "***",
build-and-push (telegram-bot)	Send Telegram Message - Build Success	  "DOCKER_HUB_TOKEN": "***",
build-and-push (telegram-bot)	Send Telegram Message - Build Success	  "STAGING_ONTON_API_KEY": "***",
build-and-push (telegram-bot)	Send Telegram Message - Build Success	  "STAGING_CLOUDFLARE_API_TOKEN": "***",
build-and-push (telegram-bot)	Send Telegram Message - Build Success	  "DEV_TON_CENTER_TOKEN": "***",
build-and-push (telegram-bot)	Send Telegram Message - Build Success	  "STAGING_ONTON_API_SECRET": "***",
build-and-push (telegram-bot)	Send Telegram Message - Build Success	  "STAGING_GITHUB_CLIENT_SECRET": "***",
build-and-push (telegram-bot)	Send Telegram Message - Build Success	  "SSH_MAIN_IP": "***",
build-and-push (telegram-bot)	Send Telegram Message - Build Success	  "MAIN_TWITTER_CLIENT_SECRET": "***",
build-and-push (telegram-bot)	Send Telegram Message - Build Success	  "STAGING_MINIO_ROOT_PASSWORD": "***",
build-and-push (telegram-bot)	Send Telegram Message - Build Success	  "MAIN_GITHUB_CLIENT_SECRET": "***",
build-and-push (telegram-bot)	Send Telegram Message - Build Success	  "STAGING_RABBITMQ_DEFAULT_PASS": "***",
build-and-push (telegram-bot)	Send Telegram Message - Build Success	  "SSH_DEV_IP": "***",
build-and-push (telegram-bot)	Send Telegram Message - Build Success	  "DEV_POSTGRES_PASSWORD": "***",
build-and-push (telegram-bot)	Send Telegram Message - Build Success	  "SSH_PASSPHRASE": "***",
build-and-push (telegram-bot)	Send Telegram Message - Build Success	  "STAGING_CLIENT_API_FIXED_KEY": "***",
build-and-push (telegram-bot)	Send Telegram Message - Build Success	  "MAIN_TON_CENTER_TOKEN": "***",
build-and-push (telegram-bot)	Send Telegram Message - Build Success	  "DOCKER_HUB_USERNAME": "***",
build-and-push (telegram-bot)	Send Telegram Message - Build Success	  "GIT_API_KEY": "***",
build-and-push (telegram-bot)	Send Telegram Message - Build Success	  "MAIN_CLOUDFLARE_EMAIL": "***",
build-and-push (telegram-bot)	Send Telegram Message - Build Success	  "MAIN_DATABASE_URL": "***",
build-and-push (telegram-bot)	Send Telegram Message - Build Success	  "MAIN_CLOUDFLARE_EMAIL_MAIN": "***",
build-and-push (telegram-bot)	Send Telegram Message - Build Success	  "STAGING_PGADMIN_DEFAULT_EMAIL": "***",
build-and-push (telegram-bot)	Send Telegram Message - Build Success	  "STAGING_SECRET_EVENT_WALLET_ENC_KEY": "***",
build-and-push (telegram-bot)	Send Telegram Message - Build Success	  "STAGING_PGADMIN_DEFAULT_PASSWORD": "***",
build-and-push (telegram-bot)	Send Telegram Message - Build Success	  "CR_PAT": "***",
build-and-push (telegram-bot)	Send Telegram Message - Build Success	  "MAIN_CLOUDFLARE_API_TOKEN_MAIN": "***",
build-and-push (telegram-bot)	Send Telegram Message - Build Success	  "MAIN_POSTGRES_USER": "***",
build-and-push (telegram-bot)	Send Telegram Message - Build Success	  "DEV_BOT_TOKEN": "***",
build-and-push (telegram-bot)	Send Telegram Message - Build Success	  "STAGING_REDIS_PASSWORD": "***",
build-and-push (telegram-bot)	Send Telegram Message - Build Success	  "TELEGRAM_CHAT_ID_FOR_DEPLOYMENT": "***",
build-and-push (telegram-bot)	Send Telegram Message - Build Success	  "STAGING_TONAPI_API_KEY": "***",
build-and-push (telegram-bot)	Send Telegram Message - Build Success	  "STAGING_CLOUDFLARE_API_TOKEN_MAIN": "***",
build-and-push (telegram-bot)	Send Telegram Message - Build Success	  "MAIN_BOT_TOKEN": "***",
build-and-push (telegram-bot)	Send Telegram Message - Build Success	  "MAIN_SENTRY_AUTH_TOKEN": "***",
build-and-push (telegram-bot)	Send Telegram Message - Build Success	  "github_token": "***",
build-and-push (telegram-bot)	Send Telegram Message - Build Success	  "STAGING_DATABASE_URL_NFT_MANAGER": "***",
build-and-push (telegram-bot)	Send Telegram Message - Build Success	  "DEV_CLOUDFLARE_API_TOKEN": "***",
build-and-push (telegram-bot)	Send Telegram Message - Build Success	  "STAGING_TON_SOCIETY_API_KEY": "***",
build-and-push (telegram-bot)	Send Telegram Message - Build Success	  "STAGING_POSTGRES_PASSWORD": "***",
build-and-push (telegram-bot)	Send Telegram Message - Build Success	  "MAIN_RABBITMQ_DEFAULT_USER": "***",
build-and-push (telegram-bot)	Send Telegram Message - Build Success	  "MAIN_CLOUDFLARE_API_TOKEN": "***",
build-and-push (telegram-bot)	Send Telegram Message - Build Success	  "MAIN_CLOUDFLARE_DNS_ZONE_ID": "***",
build-and-push (telegram-bot)	Send Telegram Message - Build Success	  "MAIN_REDIS_PASSWORD": "***",
build-and-push (telegram-bot)	Send Telegram Message - Build Success	  "STAGING_MINIO_ROOT_USER": "***",
build-and-push (telegram-bot)	Send Telegram Message - Build Success	  "MAIN_TON_SOCIETY_API_KEY": "***",
build-and-push (telegram-bot)	Send Telegram Message - Build Success	  "STAGING_CLOUDFLARE_DNS_ZONE_ID": "***",
build-and-push (telegram-bot)	Send Telegram Message - Build Success	  "DEV_CLIENT_API_JWT_SECRET": "***",
build-and-push (telegram-bot)	Send Telegram Message - Build Success	  "STAGING_BOT_TOKEN": "***",
build-and-push (telegram-bot)	Send Telegram Message - Build Success	  "MAIN_MB_ENCRYPTION_SECRET_KEY": "***",
build-and-push (telegram-bot)	Send Telegram Message - Build Success	  "USE_CLOUDFLARE": "***",
build-and-push (telegram-bot)	Send Telegram Message - Build Success	  "MAIN_TONAPI_API_KEY": "***",
build-and-push (telegram-bot)	Send Telegram Message - Build Success	  "SSH_PRIVATE_KEY": "***",
build-and-push (telegram-bot)	Send Telegram Message - Build Success	  "MAIN_LINKEDIN_CLIENT_SECRET": "***",
build-and-push (telegram-bot)	Send Telegram Message - Build Success	  "STAGING_MS_CLIENT_SECRET": "***",
build-and-push (telegram-bot)	Send Telegram Message - Build Success	  "SSH_DEV_KEY": "***",
build-and-push (telegram-bot)	Send Telegram Message - Build Success	  "STAGING_TWITTER_CLIENT_SECRET": "***",
build-and-push (telegram-bot)	Send Telegram Message - Build Success	  "STAGING_CLIENT_API_JWT_SECRET": "***",
build-and-push (telegram-bot)	Send Telegram Message - Build Success	  "MAIN_DATABASE_URL_NFT_MANAGER": "***",
build-and-push (telegram-bot)	Send Telegram Message - Build Success	  "DEV_ONTON_API_SECRET": "***",
build-and-push (telegram-bot)	Send Telegram Message - Build Success	  "MAIN_GOOGLE_CLIENT_SECRET": "***",
build-and-push (telegram-bot)	Send Telegram Message - Build Success	  "MAIN_MS_CLIENT_SECRET": "***",
build-and-push (telegram-bot)	Send Telegram Message - Build Success	  "STAGING_DATABASE_URL": "***",
build-and-push (telegram-bot)	Send Telegram Message - Build Success	  "STAGING_TON_CENTER_TOKEN": "***",
build-and-push (telegram-bot)	Send Telegram Message - Build Success	  "DEV_TON_SOCIETY_API_KEY": "***",
build-and-push (telegram-bot)	Send Telegram Message - Build Success	  "MAIN_EVENT_WALLET_ENC_KEY": "***",
build-and-push (telegram-bot)	Send Telegram Message - Build Success	  "STAGING_POSTGRES_USER": "***",
build-and-push (telegram-bot)	Send Telegram Message - Build Success	  "MAIN_PGADMIN_DEFAULT_EMAIL": "***",
build-and-push (telegram-bot)	Send Telegram Message - Build Success	  "SSH_MAIN_PORT": "***",
build-and-push (telegram-bot)	Send Telegram Message - Build Success	  "MAIN_MNEMONIC": "***",
build-and-push (telegram-bot)	Send Telegram Message - Build Success	  "MAIN_POSTGRES_PASSWORD": "***",
build-and-push (telegram-bot)	Send Telegram Message - Build Success	  "DEV_TONAPI_API_KEY": "***",
build-and-push (telegram-bot)	Send Telegram Message - Build Success	  "STAGING_GOOGLE_CLIENT_SECRET": "***",
build-and-push (telegram-bot)	Send Telegram Message - Build Success	  "DEV_MB_ENCRYPTION_SECRET_KEY": "***",
build-and-push (telegram-bot)	Send Telegram Message - Build Success	  "STAGING_SENTRY_AUTH_TOKEN": "***",
build-and-push (telegram-bot)	Send Telegram Message - Build Success	  "DEV_DATABASE_URL": "***",
build-and-push (telegram-bot)	Send Telegram Message - Build Success	  "DEV_MINIO_ROOT_PASSWORD": "***",
build-and-push (telegram-bot)	Send Telegram Message - Build Success	  "MAIN_RABBITMQ_DEFAULT_PASS": "***",
build-and-push (telegram-bot)	Send Telegram Message - Build Success	  "TELEGRAM_BOT_TOKEN_FOR_DEPLOYMENT": "***",
build-and-push (telegram-bot)	Send Telegram Message - Build Success	  "MAIN_ONTON_API_SECRET": "***",
build-and-push (telegram-bot)	Send Telegram Message - Build Success	  "MAIN_CLIENT_API_FIXED_KEY": "***",
build-and-push (telegram-bot)	Send Telegram Message - Build Success	  "SSH_DEV_PORT": "***",
build-and-push (telegram-bot)	Send Telegram Message - Build Success	  "DEV_ONTON_API_KEY": "***",
build-and-push (telegram-bot)	Send Telegram Message - Build Success	  "DEV_MINIO_ROOT_USER": "***",
build-and-push (telegram-bot)	Send Telegram Message - Build Success	  "STAGING_MNEMONIC": "***",
build-and-push (telegram-bot)	Send Telegram Message - Build Success	  "MAIN_MINIO_ROOT_USER": "***",
build-and-push (telegram-bot)	Send Telegram Message - Build Success	  "DEV_PGADMIN_DEFAULT_PASSWORD": "***",
build-and-push (telegram-bot)	Send Telegram Message - Build Success	  "DEV_CLIENT_API_FIXED_KEY": "***",
build-and-push (telegram-bot)	Send Telegram Message - Build Success	  "STAGING_CLOUDFLARE_EMAIL": "***",
build-and-push (telegram-bot)	Send Telegram Message - Build Success	  "STAGING_MB_ENCRYPTION_SECRET_KEY": "***",
build-and-push (telegram-bot)	Send Telegram Message - Build Success	  "MAIN_MINIO_ROOT_PASSWORD": "***",
build-and-push (telegram-bot)	Send Telegram Message - Build Success	  "MAIN_ONTON_API_KEY": "***",
build-and-push (telegram-bot)	Send Telegram Message - Build Success	  "STAGING_RABBITMQ_DEFAULT_USER": "***",
build-and-push (telegram-bot)	Send Telegram Message - Build Success	  "MAIN_CLIENT_API_JWT_SECRET": "***",
build-and-push (telegram-bot)	Send Telegram Message - Build Success	  "STAGING_LINKEDIN_CLIENT_SECRET": "***",
build-and-push (telegram-bot)	Send Telegram Message - Build Success	  "DEV_RABBITMQ_DEFAULT_PASS": "***"
build-and-push (telegram-bot)	Send Telegram Message - Build Success	}
build-and-push (telegram-bot)	Send Telegram Message - Build Success	2026-02-09T12:10:17.4022179Z   ALLMYVARS: {
build-and-push (telegram-bot)	Send Telegram Message - Build Success	  "DEV_ACME_AGREE": "true",
build-and-push (telegram-bot)	Send Telegram Message - Build Success	  "DEV_BRANCH_NAME": "dev",
build-and-push (telegram-bot)	Send Telegram Message - Build Success	  "DEV_CACHE_ENABLED": "true",
build-and-push (telegram-bot)	Send Telegram Message - Build Success	  "DEV_CLAMAV_PORT": "***10",
build-and-push (telegram-bot)	Send Telegram Message - Build Success	  "DEV_CLIENT_API_FIXED_ORGANIZER": "@Ontonadmin",
build-and-push (telegram-bot)	Send Telegram Message - Build Success	  "DEV_CLIENT_API_FIXED_USER": "@Ontonadmin",
build-and-push (telegram-bot)	Send Telegram Message - Build Success	  "DEV_CLIENT_WEB_DOMAIN": "dev-client-web.dev.***.live",
build-and-push (telegram-bot)	Send Telegram Message - Build Success	  "DEV_COMPOSE_PROJECT_NAME": "develop-***",
build-and-push (telegram-bot)	Send Telegram Message - Build Success	  "DEV_ENV": "development",
build-and-push (telegram-bot)	Send Telegram Message - Build Success	  "DEV_EVENT_WALLET_ENC_KEY": "Ci5M6/B4Wke4qX6tXViVeW0xM0iH0yh/qvD3Y1xu2v8",
build-and-push (telegram-bot)	Send Telegram Message - Build Success	  "DEV_GOLANG_SERVER_PORT": "3013",
build-and-push (telegram-bot)	Send Telegram Message - Build Success	  "DEV_IP_CADDY": "caddy",
build-and-push (telegram-bot)	Send Telegram Message - Build Success	  "DEV_IP_CLAMAV": "host.docker.internal",
build-and-push (telegram-bot)	Send Telegram Message - Build Success	  "DEV_IP_CLIENT_WEB": "client-web",
build-and-push (telegram-bot)	Send Telegram Message - Build Success	  "DEV_IP_GIVEAWAY_CHECKER": "giveaway-checker",
build-and-push (telegram-bot)	Send Telegram Message - Build Success	  "DEV_IP_GOLANG_SERVER": "golang-server",
build-and-push (telegram-bot)	Send Telegram Message - Build Success	  "DEV_IP_GOLANG_WORKER": "golang-worker",
build-and-push (telegram-bot)	Send Telegram Message - Build Success	  "DEV_IP_KIBANA": "kibana",
build-and-push (telegram-bot)	Send Telegram Message - Build Success	  "DEV_IP_METABASE": "metabase",
build-and-push (telegram-bot)	Send Telegram Message - Build Success	  "DEV_IP_MINIO": "minio",
build-and-push (telegram-bot)	Send Telegram Message - Build Success	  "DEV_IP_MINI_APP": "mini-app",
build-and-push (telegram-bot)	Send Telegram Message - Build Success	  "DEV_IP_MINI_APP_CRON": "mini-app-sbt-worker",
build-and-push (telegram-bot)	Send Telegram Message - Build Success	  "DEV_IP_NFT_MANAGER": "nft-manager",
build-and-push (telegram-bot)	Send Telegram Message - Build Success	  "DEV_IP_PARTICIPANT_TMA": "participant-tma",
build-and-push (telegram-bot)	Send Telegram Message - Build Success	  "DEV_IP_PGADMIN": "pgadmin",
build-and-push (telegram-bot)	Send Telegram Message - Build Success	  "DEV_IP_POA_WORKER": "mini-app-poa-worker",
build-and-push (telegram-bot)	Send Telegram Message - Build Success	  "DEV_IP_POSTGRES": "postgres",
build-and-push (telegram-bot)	Send Telegram Message - Build Success	  "DEV_IP_RABBITMQ": "rabbitmq",
build-and-push (telegram-bot)	Send Telegram Message - Build Success	  "DEV_IP_RANGE_BASE": "host.docker.internal",
build-and-push (telegram-bot)	Send Telegram Message - Build Success	  "DEV_IP_RANGE_START": "172.10",
build-and-push (telegram-bot)	Send Telegram Message - Build Success	  "DEV_IP_RANGE_SUBNET": "24",
build-and-push (telegram-bot)	Send Telegram Message - Build Success	  "DEV_IP_REDIS": "redis",
build-and-push (telegram-bot)	Send Telegram Message - Build Success	  "DEV_IP_SOCKET": "mini-app-notification-socket",
build-and-push (telegram-bot)	Send Telegram Message - Build Success	  "DEV_IP_SWAGGER_UI": "swagger-ui",
build-and-push (telegram-bot)	Send Telegram Message - Build Success	  "DEV_IP_TELEGRAM_BOT": "telegram-bot",
build-and-push (telegram-bot)	Send Telegram Message - Build Success	  "DEV_IP_WEBSITE": "website",
build-and-push (telegram-bot)	Send Telegram Message - Build Success	  "DEV_JWT_SECRET_SOCKET": "D3v@OnTonw3tds112ewq%KD___%1006-7-8-9-0OkMjKlll%909R9OOsf",
build-and-push (telegram-bot)	Send Telegram Message - Build Success	  "DEV_KIBANA_HASHED_PASSWORD": "$2a$14$6P83mnKs9BxP2qZDaMU.2OzBHY3SG0nnaVXJ8nKluEWEWD5RMmN/W",
build-and-push (telegram-bot)	Send Telegram Message - Build Success	  "DEV_KIBANA_PORT": "3023",
build-and-push (telegram-bot)	Send Telegram Message - Build Success	  "DEV_KIBANA_USERNAME": "monitor",
build-and-push (telegram-bot)	Send Telegram Message - Build Success	  "DEV_LOCAL_DOMAIN": "dev-app.dev.***.live",
build-and-push (telegram-bot)	Send Telegram Message - Build Success	  "DEV_MB_REDIRECT_ALL_REQUESTS_TO_HTTPS": "true",
build-and-push (telegram-bot)	Send Telegram Message - Build Success	  "DEV_METABASE_DOMAIN": "dev-metabase.dev.***.live",
build-and-push (telegram-bot)	Send Telegram Message - Build Success	  "DEV_MINIO_COLLECTION_BUCKET": "***collection",
build-and-push (telegram-bot)	Send Telegram Message - Build Success	  "DEV_MINIO_DASHBOARD_PORT": "3014",
build-and-push (telegram-bot)	Send Telegram Message - Build Success	  "DEV_MINIO_DOC_BUCKET": "***doc",
build-and-push (telegram-bot)	Send Telegram Message - Build Success	  "DEV_MINIO_DOC_DEFAULT_BUCKET": "***",
build-and-push (telegram-bot)	Send Telegram Message - Build Success	  "DEV_MINIO_ENDPOINT": "minio",
build-and-push (telegram-bot)	Send Telegram Message - Build Success	  "DEV_MINIO_IMAGE_BUCKET": "***image",
build-and-push (telegram-bot)	Send Telegram Message - Build Success	  "DEV_MINIO_ITEM_BUCKET": "***item",
build-and-push (telegram-bot)	Send Telegram Message - Build Success	  "DEV_MINIO_PORT": "3012",
build-and-push (telegram-bot)	Send Telegram Message - Build Success	  "DEV_MINIO_PUBLIC_URL": "https://dev-storage.dev.***.live",
build-and-push (telegram-bot)	Send Telegram Message - Build Success	  "DEV_MINIO_REGION_NAME": "default",
build-and-push (telegram-bot)	Send Telegram Message - Build Success	  "DEV_MINIO_SBT_COLLECTIONS_BUCKET": "sbt-collections",
build-and-push (telegram-bot)	Send Telegram Message - Build Success	  "DEV_MINIO_STORAGE_ADMIN_DOMAIN": "dev-storage-admin.dev.***.live",
build-and-push (telegram-bot)	Send Telegram Message - Build Success	  "DEV_MINIO_STORAGE_DOMAIN": "dev-storage.dev.***.live",
build-and-push (telegram-bot)	Send Telegram Message - Build Success	  "DEV_MINIO_VIDEO_BUCKET": "***video",
build-and-push (telegram-bot)	Send Telegram Message - Build Success	  "DEV_MINI_APP_DOMAIN": "dev-app.dev.***.live",
build-and-push (telegram-bot)	Send Telegram Message - Build Success	  "DEV_MINI_APP_PORT": "3000",
build-and-push (telegram-bot)	Send Telegram Message - Build Success	  "DEV_MINI_APP_SOCKET_DOMAIN": "dev-socket.dev.***.live",
build-and-push (telegram-bot)	Send Telegram Message - Build Success	  "DEV_MONITORING_DOMAIN": "dev-monitoring.dev.***.live",
build-and-push (telegram-bot)	Send Telegram Message - Build Success	  "DEV_NETWORK_NAME": "***-dev",
build-and-push (telegram-bot)	Send Telegram Message - Build Success	  "DEV_NETWORK_PUBLIC_IP": "***",
build-and-push (telegram-bot)	Send Telegram Message - Build Success	  "DEV_NEXT_PUBLIC_API_BASE_URL": "https://dev-app.dev.***.live/api/v1",
build-and-push (telegram-bot)	Send Telegram Message - Build Success	  "DEV_NEXT_PUBLIC_APP_BASE_URL": "https://dev-app.dev.***.live",
build-and-push (telegram-bot)	Send Telegram Message - Build Success	  "DEV_NEXT_PUBLIC_BACKEND_URL_CLIENT": "https://dev-app.dev.***.live/api/client/v1/",
build-and-push (telegram-bot)	Send Telegram Message - Build Success	  "DEV_NEXT_PUBLIC_BOT_USERNAME": "dev_ont0n_bot",
build-and-push (telegram-bot)	Send Telegram Message - Build Success	  "DEV_NEXT_PUBLIC_ENV": "development",
build-and-push (telegram-bot)	Send Telegram Message - Build Success	  "DEV_NEXT_PUBLIC_GTM": "GTM-dev",
build-and-push (telegram-bot)	Send Telegram Message - Build Success	  "DEV_NEXT_PUBLIC_SOCKET_URL": "dev-socket.dev.***.live",
build-and-push (telegram-bot)	Send Telegram Message - Build Success	  "DEV_NFT_INTERVAL_TIME": "60000",
build-and-push (telegram-bot)	Send Telegram Message - Build Success	  "DEV_NFT_MANAGER_PORT": "3004",
build-and-push (telegram-bot)	Send Telegram Message - Build Success	  "DEV_NODE_ENV": "production",
build-and-push (telegram-bot)	Send Telegram Message - Build Success	  "DEV_NODE_TLS_REJECT_UNAUTHORIZED": "0",
build-and-push (telegram-bot)	Send Telegram Message - Build Success	  "DEV_ONTON_DOMAIN": "dev.***.live",
build-and-push (telegram-bot)	Send Telegram Message - Build Success	  "DEV_PARTICIPANT_TMA_PORT": "3001",
build-and-push (telegram-bot)	Send Telegram Message - Build Success	  "DEV_PGADMIN_DOMAIN": "dev-pgadmin.dev.***.live",
build-and-push (telegram-bot)	Send Telegram Message - Build Success	  "DEV_PORT_CLIENT_WEB": "3007",
build-and-push (telegram-bot)	Send Telegram Message - Build Success	  "DEV_PORT_METABASE": "3009",
build-and-push (telegram-bot)	Send Telegram Message - Build Success	  "DEV_PORT_PGADMIN": "3006",
build-and-push (telegram-bot)	Send Telegram Message - Build Success	  "DEV_PORT_WEB_SITE": "3005",
build-and-push (telegram-bot)	Send Telegram Message - Build Success	  "DEV_POSTGRES_METABASE_DB": "dev-mini-app",
build-and-push (telegram-bot)	Send Telegram Message - Build Success	  "DEV_POSTGRES_MINI_APP_DB": "dev-mini-app",
build-and-push (telegram-bot)	Send Telegram Message - Build Success	  "DEV_POSTGRES_NFT_MANAGER_DB": "dev-nft-manager",
build-and-push (telegram-bot)	Send Telegram Message - Build Success	  "DEV_POSTGRES_PORT": "3008",
build-and-push (telegram-bot)	Send Telegram Message - Build Success	  "DEV_PTMA_API_BASE_URL": "https://dev-app.dev.***.live/api/v1",
build-and-push (telegram-bot)	Send Telegram Message - Build Success	  "DEV_RABBITMQ_DOMAIN": "dev-rabbitmq.dev.***.live",
build-and-push (telegram-bot)	Send Telegram Message - Build Success	  "DEV_RABBITMQ_MANAGEMENT_PORT": "3015",
build-and-push (telegram-bot)	Send Telegram Message - Build Success	  "DEV_RABBITMQ_NODE_PORT": "3016",
build-and-push (telegram-bot)	Send Telegram Message - Build Success	  "DEV_REDIS_DATABASES": "1",
build-and-push (telegram-bot)	Send Telegram Message - Build Success	  "DEV_REDIS_PORT": "3011",
build-and-push (telegram-bot)	Send Telegram Message - Build Success	  "DEV_REGISTRY_URL": "ghcr.io",
build-and-push (telegram-bot)	Send Telegram Message - Build Success	  "DEV_SOCKET_PORT": "30***",
build-and-push (telegram-bot)	Send Telegram Message - Build Success	  "DEV_STAGE_NAME": "dev-***",
build-and-push (telegram-bot)	Send Telegram Message - Build Success	  "DEV_SWAGGER_UI_DOMAIN": "dev-swagger-ui.dev.***.live",
build-and-push (telegram-bot)	Send Telegram Message - Build Success	  "DEV_SWAGGER_UI_PORT": "3024",
build-and-push (telegram-bot)	Send Telegram Message - Build Success	  "DEV_SYS_CADDY_REPLICAS": "1",
build-and-push (telegram-bot)	Send Telegram Message - Build Success	  "DEV_SYS_MINI_APP_REPLICAS": "1",
build-and-push (telegram-bot)	Send Telegram Message - Build Success	  "DEV_SYS_PARTICIPANT_TMA_REPLICAS": "1",
build-and-push (telegram-bot)	Send Telegram Message - Build Success	  "DEV_SYS_WEB_SITE_REPLICAS": "1",
build-and-push (telegram-bot)	Send Telegram Message - Build Success	  "DEV_TELEGRAM_BOT_PORT": "3002",
build-and-push (telegram-bot)	Send Telegram Message - Build Success	  "DEV_TG_EVENTS_TOPIC": "2",
build-and-push (telegram-bot)	Send Telegram Message - Build Success	  "DEV_TG_LOGS_GROUP_ID": "-1002308507308",
build-and-push (telegram-bot)	Send Telegram Message - Build Success	  "DEV_TG_LOG_BOT_TOKEN": "7604730825:AAE1WJHs5lFI2zX_tba6M-1HYfffA8ugFmA",
build-and-push (telegram-bot)	Send Telegram Message - Build Success	  "DEV_TG_NOTIFICATION_CHANELL": "-1002164161685",
build-and-push (telegram-bot)	Send Telegram Message - Build Success	  "DEV_TG_SYSTEM_TOPIC": "16",
build-and-push (telegram-bot)	Send Telegram Message - Build Success	  "DEV_TG_TICKETS_TOPIC": "4",
build-and-push (telegram-bot)	Send Telegram Message - Build Success	  "DEV_TON_CENTER_ENDPOINT": "https://toncenter.com/api/v2/jsonRPC",
build-and-push (telegram-bot)	Send Telegram Message - Build Success	  "DEV_TON_SOCIETY_BASE_URL": "https://id.ton.org/v1",
build-and-push (telegram-bot)	Send Telegram Message - Build Success	  "DEV_USE_CLOUDFLARE": "true",
build-and-push (telegram-bot)	Send Telegram Message - Build Success	  "DEV_USE_MAIN_IP_TO_EXPOSE": "true",
build-and-push (telegram-bot)	Send Telegram Message - Build Success	  "MAIN_ACME_AGREE": "true",
build-and-push (telegram-bot)	Send Telegram Message - Build Success	  "MAIN_BRANCH_NAME": "main",
build-and-push (telegram-bot)	Send Telegram Message - Build Success	  "MAIN_CACHE_ENABLED": "true",
build-and-push (telegram-bot)	Send Telegram Message - Build Success	  "MAIN_CLAMAV_PORT": "***10",
build-and-push (telegram-bot)	Send Telegram Message - Build Success	  "MAIN_CLIENT_API_FIXED_ORGANIZER": "@Ontonadmin",
build-and-push (telegram-bot)	Send Telegram Message - Build Success	  "MAIN_CLIENT_API_FIXED_USER": "@Ontonadmin",
build-and-push (telegram-bot)	Send Telegram Message - Build Success	  "MAIN_CLIENT_WEB_DOMAIN": "client-web.***.live",
build-and-push (telegram-bot)	Send Telegram Message - Build Success	  "MAIN_COMPOSE_PROJECT_NAME": "production-***",
build-and-push (telegram-bot)	Send Telegram Message - Build Success	  "MAIN_ENV": "production",
build-and-push (telegram-bot)	Send Telegram Message - Build Success	  "MAIN_GITHUB_CLIENT_ID": "Ov23liQFN1rMeZicYHnL",
build-and-push (telegram-bot)	Send Telegram Message - Build Success	  "MAIN_GITHUB_REPO": "***bot",
build-and-push (telegram-bot)	Send Telegram Message - Build Success	  "MAIN_GOLANG_SERVER_PORT": "8013",
build-and-push (telegram-bot)	Send Telegram Message - Build Success	  "MAIN_GOOGLE_CLIENT_ID": "174044865725-8urfv981fca74aj3bq2kqik7fbe2rggg.apps.googleusercontent.com",
build-and-push (telegram-bot)	Send Telegram Message - Build Success	  "MAIN_IP_CADDY": "caddy",
build-and-push (telegram-bot)	Send Telegram Message - Build Success	  "MAIN_IP_CLAMAV": "host.docker.internal",
build-and-push (telegram-bot)	Send Telegram Message - Build Success	  "MAIN_IP_CLIENT_WEB": "client-web",
build-and-push (telegram-bot)	Send Telegram Message - Build Success	  "MAIN_IP_GIVEAWAY_CHECKER": "giveaway-checker",
build-and-push (telegram-bot)	Send Telegram Message - Build Success	  "MAIN_IP_GOLANG_SERVER": "golang-server",
build-and-push (telegram-bot)	Send Telegram Message - Build Success	  "MAIN_IP_GOLANG_WORKER": "golang-worker",
build-and-push (telegram-bot)	Send Telegram Message - Build Success	  "MAIN_IP_KIBANA": "kibana",
build-and-push (telegram-bot)	Send Telegram Message - Build Success	  "MAIN_IP_METABASE": "metabase",
build-and-push (telegram-bot)	Send Telegram Message - Build Success	  "MAIN_IP_MINIO": "minio",
build-and-push (telegram-bot)	Send Telegram Message - Build Success	  "MAIN_IP_MINI_APP": "mini-app",
build-and-push (telegram-bot)	Send Telegram Message - Build Success	  "MAIN_IP_MINI_APP_CRON": "mini-app-sbt-worker",
build-and-push (telegram-bot)	Send Telegram Message - Build Success	  "MAIN_IP_NFT_MANAGER": "nft-manager",
build-and-push (telegram-bot)	Send Telegram Message - Build Success	  "MAIN_IP_PARTICIPANT_TMA": "participant-tma",
build-and-push (telegram-bot)	Send Telegram Message - Build Success	  "MAIN_IP_PGADMIN": "pgadmin",
build-and-push (telegram-bot)	Send Telegram Message - Build Success	  "MAIN_IP_POA_WORKER": "mini-app-poa-worker",
build-and-push (telegram-bot)	Send Telegram Message - Build Success	  "MAIN_IP_POSTGRES": "postgres",
build-and-push (telegram-bot)	Send Telegram Message - Build Success	  "MAIN_IP_RABBITMQ": "rabbitmq",
build-and-push (telegram-bot)	Send Telegram Message - Build Success	  "MAIN_IP_RANGE_BASE": "host.docker.internal",
build-and-push (telegram-bot)	Send Telegram Message - Build Success	  "MAIN_IP_REDIS": "redis",
build-and-push (telegram-bot)	Send Telegram Message - Build Success	  "MAIN_IP_SOCKET": "mini-app-notification-socket",
build-and-push (telegram-bot)	Send Telegram Message - Build Success	  "MAIN_IP_SWAGGER_UI": "swagger-ui",
build-and-push (telegram-bot)	Send Telegram Message - Build Success	  "MAIN_IP_TELEGRAM_BOT": "telegram-bot",
build-and-push (telegram-bot)	Send Telegram Message - Build Success	  "MAIN_IP_WEBSITE": "website",
build-and-push (telegram-bot)	Send Telegram Message - Build Success	  "MAIN_JWT_SECRET_SOCKET": "JFDmdjeu__@HF_KKSEEWR_ERW*ER_FGDFG_ET%DG%34534aasd_Rhuefli!hfsdlnf",
build-and-push (telegram-bot)	Send Telegram Message - Build Success	  "MAIN_KIBANA_HASHED_PASSWORD": "$2a$14$6P83mnKs9BxP2qZDaMU.2OzBHY3SG0nnaVXJ8nKluEWEWD5RMmN/W",
build-and-push (telegram-bot)	Send Telegram Message - Build Success	  "MAIN_KIBANA_PORT": "8023",
build-and-push (telegram-bot)	Send Telegram Message - Build Success	  "MAIN_KIBANA_USERNAME": "monitor",
build-and-push (telegram-bot)	Send Telegram Message - Build Success	  "MAIN_LINKEDIN_CLIENT_ID": "77osbnm9chxr4c",
build-and-push (telegram-bot)	Send Telegram Message - Build Success	  "MAIN_LOCAL_DOMAIN": "***.live",
build-and-push (telegram-bot)	Send Telegram Message - Build Success	  "MAIN_MB_REDIRECT_ALL_REQUESTS_TO_HTTPS": "true",
build-and-push (telegram-bot)	Send Telegram Message - Build Success	  "MAIN_METABASE_DOMAIN": "metabase.***.live",
build-and-push (telegram-bot)	Send Telegram Message - Build Success	  "MAIN_MINIO_COLLECTION_BUCKET": "***collection",
build-and-push (telegram-bot)	Send Telegram Message - Build Success	  "MAIN_MINIO_DASHBOARD_PORT": "8014",
build-and-push (telegram-bot)	Send Telegram Message - Build Success	  "MAIN_MINIO_DOC_BUCKET": "***doc",
build-and-push (telegram-bot)	Send Telegram Message - Build Success	  "MAIN_MINIO_DOC_DEFAULT_BUCKET": "***",
build-and-push (telegram-bot)	Send Telegram Message - Build Success	  "MAIN_MINIO_ENDPOINT": "minio",
build-and-push (telegram-bot)	Send Telegram Message - Build Success	  "MAIN_MINIO_IMAGE_BUCKET": "***image",
build-and-push (telegram-bot)	Send Telegram Message - Build Success	  "MAIN_MINIO_ITEM_BUCKET": "***item",
build-and-push (telegram-bot)	Send Telegram Message - Build Success	  "MAIN_MINIO_PORT": "8012",
build-and-push (telegram-bot)	Send Telegram Message - Build Success	  "MAIN_MINIO_PUBLIC_URL": "https://storage.***.live",
build-and-push (telegram-bot)	Send Telegram Message - Build Success	  "MAIN_MINIO_REGION_NAME": "default",
build-and-push (telegram-bot)	Send Telegram Message - Build Success	  "MAIN_MINIO_SBT_COLLECTIONS_BUCKET": "sbt-collections",
build-and-push (telegram-bot)	Send Telegram Message - Build Success	  "MAIN_MINIO_STORAGE_ADMIN_DOMAIN": "storage-admin.***.live",
build-and-push (telegram-bot)	Send Telegram Message - Build Success	  "MAIN_MINIO_STORAGE_DOMAIN": "storage.***.live",
build-and-push (telegram-bot)	Send Telegram Message - Build Success	  "MAIN_MINIO_VIDEO_BUCKET": "***video",
build-and-push (telegram-bot)	Send Telegram Message - Build Success	  "MAIN_MINI_APP_DOMAIN": "app.***.live",
build-and-push (telegram-bot)	Send Telegram Message - Build Success	  "MAIN_MINI_APP_PORT": "8000",
build-and-push (telegram-bot)	Send Telegram Message - Build Success	  "MAIN_MINI_APP_SOCKET_DOMAIN": "socket.***.live",
build-and-push (telegram-bot)	Send Telegram Message - Build Success	  "MAIN_MONITORING_DOMAIN": "monitoring.***.live",
build-and-push (telegram-bot)	Send Telegram Message - Build Success	  "MAIN_MS_CLIENT_ID": "916e0c9f-17bc-45c2-9cbc-025c48a0d449",
build-and-push (telegram-bot)	Send Telegram Message - Build Success	  "MAIN_NETWORK_NAME": "***-production",
build-and-push (telegram-bot)	Send Telegram Message - Build Success	  "MAIN_NETWORK_PUBLIC_IP": "***",
build-and-push (telegram-bot)	Send Telegram Message - Build Success	  "MAIN_NEXT_PUBLIC_API_BASE_URL": "https://app.***.live/api/v1",
build-and-push (telegram-bot)	Send Telegram Message - Build Success	  "MAIN_NEXT_PUBLIC_APP_BASE_URL": "https://app.***.live",
build-and-push (telegram-bot)	Send Telegram Message - Build Success	  "MAIN_NEXT_PUBLIC_BACKEND_URL_CLIENT": "https://app.***.live/api/client/v1/",
build-and-push (telegram-bot)	Send Telegram Message - Build Success	  "MAIN_NEXT_PUBLIC_BOT_USERNAME": "the***bot",
build-and-push (telegram-bot)	Send Telegram Message - Build Success	  "MAIN_NEXT_PUBLIC_ENV": "production",
build-and-push (telegram-bot)	Send Telegram Message - Build Success	  "MAIN_NEXT_PUBLIC_GTM": "GTM-TSCPWNCM",
build-and-push (telegram-bot)	Send Telegram Message - Build Success	  "MAIN_NEXT_PUBLIC_SOCKET_URL": "socket.***.live",
build-and-push (telegram-bot)	Send Telegram Message - Build Success	  "MAIN_NFT_INTERVAL_TIME": "60000",
build-and-push (telegram-bot)	Send Telegram Message - Build Success	  "MAIN_NFT_MANAGER_PORT": "8004",
build-and-push (telegram-bot)	Send Telegram Message - Build Success	  "MAIN_NODE_ENV": "production",
build-and-push (telegram-bot)	Send Telegram Message - Build Success	  "MAIN_NODE_TLS_REJECT_UNAUTHORIZED": "1",
build-and-push (telegram-bot)	Send Telegram Message - Build Success	  "MAIN_ONTON_DOMAIN": "***.live",
build-and-push (telegram-bot)	Send Telegram Message - Build Success	  "MAIN_PARTICIPANT_TMA_PORT": "8001",
build-and-push (telegram-bot)	Send Telegram Message - Build Success	  "MAIN_PGADMIN_DOMAIN": "pgadmin.***.live",
build-and-push (telegram-bot)	Send Telegram Message - Build Success	  "MAIN_PORT_CLIENT_WEB": "8007",
build-and-push (telegram-bot)	Send Telegram Message - Build Success	  "MAIN_PORT_METABASE": "8009",
build-and-push (telegram-bot)	Send Telegram Message - Build Success	  "MAIN_PORT_PGADMIN": "8006",
build-and-push (telegram-bot)	Send Telegram Message - Build Success	  "MAIN_PORT_WEB_SITE": "8005",
build-and-push (telegram-bot)	Send Telegram Message - Build Success	  "MAIN_POSTGRES_METABASE_DB": "production-mini-app",
build-and-push (telegram-bot)	Send Telegram Message - Build Success	  "MAIN_POSTGRES_MINI_APP_DB": "production-mini-app",
build-and-push (telegram-bot)	Send Telegram Message - Build Success	  "MAIN_POSTGRES_NFT_MANAGER_DB": "production-nft-manager",
build-and-push (telegram-bot)	Send Telegram Message - Build Success	  "MAIN_POSTGRES_PORT": "8008",
build-and-push (telegram-bot)	Send Telegram Message - Build Success	  "MAIN_PTMA_API_BASE_URL": "https://app.***.live/api/v1",
build-and-push (telegram-bot)	Send Telegram Message - Build Success	  "MAIN_RABBITMQ_DOMAIN": "rabbitmq.***.live",
build-and-push (telegram-bot)	Send Telegram Message - Build Success	  "MAIN_RABBITMQ_MANAGEMENT_PORT": "8015",
build-and-push (telegram-bot)	Send Telegram Message - Build Success	  "MAIN_RABBITMQ_NODE_PORT": "8016",
build-and-push (telegram-bot)	Send Telegram Message - Build Success	  "MAIN_REDIS_DATABASES": "1",
build-and-push (telegram-bot)	Send Telegram Message - Build Success	  "MAIN_REDIS_PORT": "8011",
build-and-push (telegram-bot)	Send Telegram Message - Build Success	  "MAIN_REGISTRY_URL": "registry.toncloud.observer",
build-and-push (telegram-bot)	Send Telegram Message - Build Success	  "MAIN_SOCKET_PORT": "80***",
build-and-push (telegram-bot)	Send Telegram Message - Build Success	  "MAIN_STAGE_NAME": "main-***",
build-and-push (telegram-bot)	Send Telegram Message - Build Success	  "MAIN_SWAGGER_UI_DOMAIN": "swagger-ui.***.live",
build-and-push (telegram-bot)	Send Telegram Message - Build Success	  "MAIN_SWAGGER_UI_PORT": "8024",
build-and-push (telegram-bot)	Send Telegram Message - Build Success	  "MAIN_SYS_CADDY_REPLICAS": "1",
build-and-push (telegram-bot)	Send Telegram Message - Build Success	  "MAIN_SYS_MINI_APP_REPLICAS": "12",
build-and-push (telegram-bot)	Send Telegram Message - Build Success	  "MAIN_SYS_PARTICIPANT_TMA_REPLICAS": "6",
build-and-push (telegram-bot)	Send Telegram Message - Build Success	  "MAIN_SYS_WEB_SITE_REPLICAS": "3",
build-and-push (telegram-bot)	Send Telegram Message - Build Success	  "MAIN_TELEGRAM_BOT_PORT": "8002",
build-and-push (telegram-bot)	Send Telegram Message - Build Success	  "MAIN_TG_EVENTS_TOPIC": "2",
build-and-push (telegram-bot)	Send Telegram Message - Build Success	  "MAIN_TG_LOGS_GROUP_ID": "-1002300666538",
build-and-push (telegram-bot)	Send Telegram Message - Build Success	  "MAIN_TG_LOG_BOT_TOKEN": "7604730825:AAE1WJHs5lFI2zX_tba6M-1HYfffA8ugFmA",
build-and-push (telegram-bot)	Send Telegram Message - Build Success	  "MAIN_TG_NOTIFICATION_CHANELL": "-100***32083***",
build-and-push (telegram-bot)	Send Telegram Message - Build Success	  "MAIN_TG_SYSTEM_TOPIC": "16",
build-and-push (telegram-bot)	Send Telegram Message - Build Success	  "MAIN_TG_TICKETS_TOPIC": "4",
build-and-push (telegram-bot)	Send Telegram Message - Build Success	  "MAIN_TON_CENTER_ENDPOINT": "https://toncenter.com/api/v2/jsonRPC",
build-and-push (telegram-bot)	Send Telegram Message - Build Success	  "MAIN_TON_SOCIETY_BASE_URL": "https://id.ton.org/v1",
build-and-push (telegram-bot)	Send Telegram Message - Build Success	  "MAIN_TWITTER_CLIENT_ID": "SU1RUS0xaHNsRk5kd014UlZieDQ6MTpjaQ",
build-and-push (telegram-bot)	Send Telegram Message - Build Success	  "MAIN_USE_CLOUDFLARE": "true",
build-and-push (telegram-bot)	Send Telegram Message - Build Success	  "MAIN_USE_MAIN_IP_TO_EXPOSE": "true",
build-and-push (telegram-bot)	Send Telegram Message - Build Success	  "NEXT_PUBLIC_BOT_USERNAME": "notnonstagebot",
build-and-push (telegram-bot)	Send Telegram Message - Build Success	  "SANDBOX_ACME_AGREE": "true",
build-and-push (telegram-bot)	Send Telegram Message - Build Success	  "SANDBOX_BRANCH_NAME": "sandbox",
build-and-push (telegram-bot)	Send Telegram Message - Build Success	  "SANDBOX_CACHE_ENABLED": "true",
build-and-push (telegram-bot)	Send Telegram Message - Build Success	  "SANDBOX_CLAMAV_PORT": "***10",
build-and-push (telegram-bot)	Send Telegram Message - Build Success	  "SANDBOX_CLIENT_API_FIXED_ORGANIZER": "@Ontonadmin",
build-and-push (telegram-bot)	Send Telegram Message - Build Success	  "SANDBOX_CLIENT_API_FIXED_USER": "@Ontonadmin",
build-and-push (telegram-bot)	Send Telegram Message - Build Success	  "SANDBOX_CLIENT_WEB_DOMAIN": "sandbox-client-web.toncloud.observer",
build-and-push (telegram-bot)	Send Telegram Message - Build Success	  "SANDBOX_COMPOSE_PROJECT_NAME": "sanbox-***",
build-and-push (telegram-bot)	Send Telegram Message - Build Success	  "SANDBOX_IP_CADDY": "caddy",
build-and-push (telegram-bot)	Send Telegram Message - Build Success	  "SANDBOX_IP_CLAMAV": "host.docker.internal",
build-and-push (telegram-bot)	Send Telegram Message - Build Success	  "SANDBOX_IP_KIBANA": "kibana",
build-and-push (telegram-bot)	Send Telegram Message - Build Success	  "SANDBOX_IP_METABASE": "metabase",
build-and-push (telegram-bot)	Send Telegram Message - Build Success	  "SANDBOX_IP_PGADMIN": "pgadmin",
build-and-push (telegram-bot)	Send Telegram Message - Build Success	  "SANDBOX_IP_POA_WORKER": "mini-app-poa-worker",
build-and-push (telegram-bot)	Send Telegram Message - Build Success	  "SANDBOX_IP_POSTGRES": "postgres",
build-and-push (telegram-bot)	Send Telegram Message - Build Success	  "SANDBOX_IP_SOCKET": "mini-app-notification-socket",
build-and-push (telegram-bot)	Send Telegram Message - Build Success	  "SANDBOX_IP_TELEGRAM_BOT": "telegram-bot",
build-and-push (telegram-bot)	Send Telegram Message - Build Success	  "SANDBOX_IP_WEBSITE": "website",
build-and-push (telegram-bot)	Send Telegram Message - Build Success	  "SANDBOX_JWT_SECRET_SOCKET": "D3v@OnTonw3tds112ewq%KD___%1006-7-8-9-0OkMjKlll%909R9OOsf",
build-and-push (telegram-bot)	Send Telegram Message - Build Success	  "SANDBOX_KIBANA_HASHED_PASSWORD": "$2a$14$6P83mnKs9BxP2qZDaMU.2OzBHY3SG0nnaVXJ8nKluEWEWD5RMmN/W",
build-and-push (telegram-bot)	Send Telegram Message - Build Success	  "SANDBOX_KIBANA_PORT": "6023",
build-and-push (telegram-bot)	Send Telegram Message - Build Success	  "SANDBOX_KIBANA_USERNAME": "monitor",
build-and-push (telegram-bot)	Send Telegram Message - Build Success	  "SANDBOX_LOCAL_DOMAIN": "sandbox-app.toncloud.observer",
build-and-push (telegram-bot)	Send Telegram Message - Build Success	  "SANDBOX_MB_REDIRECT_ALL_REQUESTS_TO_HTTPS": "true",
build-and-push (telegram-bot)	Send Telegram Message - Build Success	  "SANDBOX_METABASE_DOMAIN": "sandbox-metabase.toncloud.observer",
build-and-push (telegram-bot)	Send Telegram Message - Build Success	  "SANDBOX_MINIO_COLLECTION_BUCKET": "***collection",
build-and-push (telegram-bot)	Send Telegram Message - Build Success	  "SANDBOX_MINIO_DASHBOARD_PORT": "6014",
build-and-push (telegram-bot)	Send Telegram Message - Build Success	  "SANDBOX_MINIO_DOC_BUCKET": "***doc",
build-and-push (telegram-bot)	Send Telegram Message - Build Success	  "SANDBOX_MINIO_DOC_DEFAULT_BUCKET": "***",
build-and-push (telegram-bot)	Send Telegram Message - Build Success	  "SANDBOX_MINIO_ENDPOINT": "minio",
build-and-push (telegram-bot)	Send Telegram Message - Build Success	  "SANDBOX_MINIO_IMAGE_BUCKET": "***image",
build-and-push (telegram-bot)	Send Telegram Message - Build Success	  "SANDBOX_MINIO_ITEM_BUCKET": "***item",
build-and-push (telegram-bot)	Send Telegram Message - Build Success	  "SANDBOX_MINIO_PORT": "6012",
build-and-push (telegram-bot)	Send Telegram Message - Build Success	  "SANDBOX_MINIO_PUBLIC_URL": "https://sandbox-storage.toncloud.observer",
build-and-push (telegram-bot)	Send Telegram Message - Build Success	  "SANDBOX_MINIO_REGION_NAME": "default",
build-and-push (telegram-bot)	Send Telegram Message - Build Success	  "SANDBOX_MINIO_SBT_COLLECTIONS_BUCKET": "sbt-collections",
build-and-push (telegram-bot)	Send Telegram Message - Build Success	  "SANDBOX_MINIO_STORAGE_ADMIN_DOMAIN": "sandbox-storage-admin.toncloud.observer",
build-and-push (telegram-bot)	Send Telegram Message - Build Success	  "SANDBOX_MINIO_STORAGE_DOMAIN": "sandbox-storage.toncloud.observer",
build-and-push (telegram-bot)	Send Telegram Message - Build Success	  "SANDBOX_MINIO_VIDEO_BUCKET": "***video",
build-and-push (telegram-bot)	Send Telegram Message - Build Success	  "SANDBOX_MINI_APP_DOMAIN": "sandbox-app.toncloud.observer",
build-and-push (telegram-bot)	Send Telegram Message - Build Success	  "SANDBOX_MINI_APP_PORT": "6000",
build-and-push (telegram-bot)	Send Telegram Message - Build Success	  "SANDBOX_MINI_APP_SOCKET_DOMAIN": "sandbox-socket.toncloud.observer",
build-and-push (telegram-bot)	Send Telegram Message - Build Success	  "SANDBOX_MONITORING_DOMAIN": "sandbox-monitoring.toncloud.observer",
build-and-push (telegram-bot)	Send Telegram Message - Build Success	  "SANDBOX_NETWORK_NAME": "***-sandbox",
build-and-push (telegram-bot)	Send Telegram Message - Build Success	  "SANDBOX_NETWORK_PUBLIC_IP": "***",
build-and-push (telegram-bot)	Send Telegram Message - Build Success	  "SANDBOX_NEXT_PUBLIC_API_BASE_URL": "https://sandbox-app.toncloud.observer/api/v1",
build-and-push (telegram-bot)	Send Telegram Message - Build Success	  "SANDBOX_NEXT_PUBLIC_APP_BASE_URL": "https://sandbox-app.toncloud.observer",
build-and-push (telegram-bot)	Send Telegram Message - Build Success	  "SANDBOX_NEXT_PUBLIC_BACKEND_URL_CLIENT": "https://sandbox-app.toncloud.observer/api/client/v1/",
build-and-push (telegram-bot)	Send Telegram Message - Build Success	  "SANDBOX_NEXT_PUBLIC_BOT_USERNAME": "sandbox_ont0n_bot",
build-and-push (telegram-bot)	Send Telegram Message - Build Success	  "SANDBOX_NEXT_PUBLIC_GTM": "GTM-sandbox",
build-and-push (telegram-bot)	Send Telegram Message - Build Success	  "SANDBOX_NEXT_PUBLIC_SOCKET_URL": "sandbox-socket.toncloud.observer",
build-and-push (telegram-bot)	Send Telegram Message - Build Success	  "SANDBOX_NFT_INTERVAL_TIME": "60000",
build-and-push (telegram-bot)	Send Telegram Message - Build Success	  "SANDBOX_NFT_MANAGER_PORT": "6004",
build-and-push (telegram-bot)	Send Telegram Message - Build Success	  "SANDBOX_NODE_ENV": "production",
build-and-push (telegram-bot)	Send Telegram Message - Build Success	  "SANDBOX_NODE_TLS_REJECT_UNAUTHORIZED": "0",
build-and-push (telegram-bot)	Send Telegram Message - Build Success	  "SANDBOX_ONTON_DOMAIN": "sandbox.toncloud.observer",
build-and-push (telegram-bot)	Send Telegram Message - Build Success	  "SANDBOX_PARTICIPANT_TMA_PORT": "6001",
build-and-push (telegram-bot)	Send Telegram Message - Build Success	  "SANDBOX_PGADMIN_DOMAIN": "sandbox-pgadmin.toncloud.observer",
build-and-push (telegram-bot)	Send Telegram Message - Build Success	  "SANDBOX_PORT_CLIENT_WEB": "6007",
build-and-push (telegram-bot)	Send Telegram Message - Build Success	  "SANDBOX_PORT_METABASE": "6009",
build-and-push (telegram-bot)	Send Telegram Message - Build Success	  "SANDBOX_PORT_PGADMIN": "6006",
build-and-push (telegram-bot)	Send Telegram Message - Build Success	  "SANDBOX_PORT_WEB_SITE": "6005",
build-and-push (telegram-bot)	Send Telegram Message - Build Success	  "SANDBOX_POSTGRES_METABASE_DB": "sandbox-mini-app",
build-and-push (telegram-bot)	Send Telegram Message - Build Success	  "SANDBOX_POSTGRES_MINI_APP_DB": "sandbox-mini-app",
build-and-push (telegram-bot)	Send Telegram Message - Build Success	  "SANDBOX_POSTGRES_NFT_MANAGER_DB": "sandbox-nft-manager",
build-and-push (telegram-bot)	Send Telegram Message - Build Success	  "SANDBOX_POSTGRES_PORT": "6008",
build-and-push (telegram-bot)	Send Telegram Message - Build Success	  "SANDBOX_PTMA_API_BASE_URL": "https://sandbox-app.toncloud.observer/api/v1",
build-and-push (telegram-bot)	Send Telegram Message - Build Success	  "SANDBOX_RABBITMQ_DOMAIN": "sandbox-rabbitmq.toncloud.observer",
build-and-push (telegram-bot)	Send Telegram Message - Build Success	  "SANDBOX_RABBITMQ_MANAGEMENT_PORT": "6015",
build-and-push (telegram-bot)	Send Telegram Message - Build Success	  "SANDBOX_RABBITMQ_NODE_PORT": "6016",
build-and-push (telegram-bot)	Send Telegram Message - Build Success	  "SANDBOX_REDIS_DATABASES": "1",
build-and-push (telegram-bot)	Send Telegram Message - Build Success	  "SANDBOX_REDIS_PORT": "6011",
build-and-push (telegram-bot)	Send Telegram Message - Build Success	  "SANDBOX_REGISTRY_URL": "registry.toncloud.observer",
build-and-push (telegram-bot)	Send Telegram Message - Build Success	  "SANDBOX_SOCKET_PORT": "60***",
build-and-push (telegram-bot)	Send Telegram Message - Build Success	  "SANDBOX_STAGE_NAME": "sandbox-***",
build-and-push (telegram-bot)	Send Telegram Message - Build Success	  "SANDBOX_SYS_CADDY_REPLICAS": "1",
build-and-push (telegram-bot)	Send Telegram Message - Build Success	  "SANDBOX_SYS_MINI_APP_REPLICAS": "2",
build-and-push (telegram-bot)	Send Telegram Message - Build Success	  "SANDBOX_SYS_PARTICIPANT_TMA_REPLICAS": "2",
build-and-push (telegram-bot)	Send Telegram Message - Build Success	  "SANDBOX_SYS_WEB_SITE_REPLICAS": "1",
build-and-push (telegram-bot)	Send Telegram Message - Build Success	  "SANDBOX_TELEGRAM_BOT_PORT": "6002",
build-and-push (telegram-bot)	Send Telegram Message - Build Success	  "SANDBOX_TG_NOTIFICATION_CHANELL": "-1002164161685",
build-and-push (telegram-bot)	Send Telegram Message - Build Success	  "SANDBOX_TON_CENTER_ENDPOINT": "https://toncenter.com/api/v2/jsonRPC",
build-and-push (telegram-bot)	Send Telegram Message - Build Success	  "SANDBOX_TON_SOCIETY_BASE_URL": "https://society.ton.org/v1",
build-and-push (telegram-bot)	Send Telegram Message - Build Success	  "SANDBOX_USE_CLOUDFLARE": "true",
build-and-push (telegram-bot)	Send Telegram Message - Build Success	  "SANDBOX_USE_MAIN_IP_TO_EXPOSE": "true",
build-and-push (telegram-bot)	Send Telegram Message - Build Success	  "STAGING_ACME_AGREE": "true",
build-and-push (telegram-bot)	Send Telegram Message - Build Success	  "STAGING_BRANCH_NAME": "staging",
build-and-push (telegram-bot)	Send Telegram Message - Build Success	  "STAGING_CACHE_ENABLED": "true",
build-and-push (telegram-bot)	Send Telegram Message - Build Success	  "STAGING_CLAMAV_PORT": "***10",
build-and-push (telegram-bot)	Send Telegram Message - Build Success	  "STAGING_CLIENT_API_FIXED_ORGANIZER": "@Ontonadmin",
build-and-push (telegram-bot)	Send Telegram Message - Build Success	  "STAGING_CLIENT_API_FIXED_USER": "@Ontonadmin",
build-and-push (telegram-bot)	Send Telegram Message - Build Success	  "STAGING_CLIENT_WEB_DOMAIN": "staging-client-web.toncloud.observer",
build-and-push (telegram-bot)	Send Telegram Message - Build Success	  "STAGING_COMPOSE_PROJECT_NAME": "staging-***",
build-and-push (telegram-bot)	Send Telegram Message - Build Success	  "STAGING_ENV": "staging",
build-and-push (telegram-bot)	Send Telegram Message - Build Success	  "STAGING_EVENT_WALLET_ENC_KEY": "Ci5M6/B4Wke4qX6tXViVeW0xM0iH0yh/qvD3Y1xu2v8",
build-and-push (telegram-bot)	Send Telegram Message - Build Success	  "STAGING_GITHUB_CLIENT_ID": "Ov23liQFN1rMeZicYHnL",
build-and-push (telegram-bot)	Send Telegram Message - Build Success	  "STAGING_GITHUB_REPO": "***bot",
build-and-push (telegram-bot)	Send Telegram Message - Build Success	  "STAGING_GOLANG_SERVER_PORT": "4013",
build-and-push (telegram-bot)	Send Telegram Message - Build Success	  "STAGING_GOOGLE_CLIENT_ID": "174044865725-8urfv981fca74aj3bq2kqik7fbe2rggg.apps.googleusercontent.com",
build-and-push (telegram-bot)	Send Telegram Message - Build Success	  "STAGING_IP_CADDY": "caddy",
build-and-push (telegram-bot)	Send Telegram Message - Build Success	  "STAGING_IP_CLAMAV": "host.docker.internal",
build-and-push (telegram-bot)	Send Telegram Message - Build Success	  "STAGING_IP_CLIENT_WEB": "client-web",
build-and-push (telegram-bot)	Send Telegram Message - Build Success	  "STAGING_IP_GIVEAWAY_CHECKER": "giveaway-checker",
build-and-push (telegram-bot)	Send Telegram Message - Build Success	  "STAGING_IP_GOLANG_SERVER": "golang-server",
build-and-push (telegram-bot)	Send Telegram Message - Build Success	  "STAGING_IP_GOLANG_WORKER": "golang-worker",
build-and-push (telegram-bot)	Send Telegram Message - Build Success	  "STAGING_IP_KIBANA": "kibana",
build-and-push (telegram-bot)	Send Telegram Message - Build Success	  "STAGING_IP_METABASE": "metabase",
build-and-push (telegram-bot)	Send Telegram Message - Build Success	  "STAGING_IP_MINIO": "minio",
build-and-push (telegram-bot)	Send Telegram Message - Build Success	  "STAGING_IP_MINI_APP": "mini-app",
build-and-push (telegram-bot)	Send Telegram Message - Build Success	  "STAGING_IP_MINI_APP_CRON": "mini-app-sbt-worker",
build-and-push (telegram-bot)	Send Telegram Message - Build Success	  "STAGING_IP_NFT_MANAGER": "nft-manager",
build-and-push (telegram-bot)	Send Telegram Message - Build Success	  "STAGING_IP_PARTICIPANT_TMA": "participant-tma",
build-and-push (telegram-bot)	Send Telegram Message - Build Success	  "STAGING_IP_PGADMIN": "pgadmin",
build-and-push (telegram-bot)	Send Telegram Message - Build Success	  "STAGING_IP_POA_WORKER": "mini-app-poa-worker",
build-and-push (telegram-bot)	Send Telegram Message - Build Success	  "STAGING_IP_POSTGRES": "postgres",
build-and-push (telegram-bot)	Send Telegram Message - Build Success	  "STAGING_IP_RABBITMQ": "rabbitmq",
build-and-push (telegram-bot)	Send Telegram Message - Build Success	  "STAGING_IP_RANGE_BASE": "host.docker.internal",
build-and-push (telegram-bot)	Send Telegram Message - Build Success	  "STAGING_IP_RANGE_START": "172.11",
build-and-push (telegram-bot)	Send Telegram Message - Build Success	  "STAGING_IP_RANGE_SUBNET": "24",
build-and-push (telegram-bot)	Send Telegram Message - Build Success	  "STAGING_IP_REDIS": "redis",
build-and-push (telegram-bot)	Send Telegram Message - Build Success	  "STAGING_IP_SOCKET": "IP_SOCKET=mini-app-notification-socket",
build-and-push (telegram-bot)	Send Telegram Message - Build Success	  "STAGING_IP_SWAGGER_UI": "swagger-ui",
build-and-push (telegram-bot)	Send Telegram Message - Build Success	  "STAGING_IP_TELEGRAM_BOT": "telegram-bot",
build-and-push (telegram-bot)	Send Telegram Message - Build Success	  "STAGING_IP_WEBSITE": "website",
build-and-push (telegram-bot)	Send Telegram Message - Build Success	  "STAGING_JWT_SECRET_SOCKET": "JFDmdjeu__@HF_KKSEEWR_ERWER_FGDFG_ET%DG%34534aasd%_Rhueflihfsdlnf",
build-and-push (telegram-bot)	Send Telegram Message - Build Success	  "STAGING_KIBANA_HASHED_PASSWORD": "$2a$14$6P83mnKs9BxP2qZDaMU.2OzBHY3SG0nnaVXJ8nKluEWEWD5RMmN/W",
build-and-push (telegram-bot)	Send Telegram Message - Build Success	  "STAGING_KIBANA_PORT": "4023",
build-and-push (telegram-bot)	Send Telegram Message - Build Success	  "STAGING_KIBANA_USERNAME": "monitor",
build-and-push (telegram-bot)	Send Telegram Message - Build Success	  "STAGING_LINKEDIN_CLIENT_ID": "77osbnm9chxr4c",
build-and-push (telegram-bot)	Send Telegram Message - Build Success	  "STAGING_LOCAL_DOMAIN": "staging-app.toncloud.observer",
build-and-push (telegram-bot)	Send Telegram Message - Build Success	  "STAGING_MB_REDIRECT_ALL_REQUESTS_TO_HTTPS": "true",
build-and-push (telegram-bot)	Send Telegram Message - Build Success	  "STAGING_METABASE_DOMAIN": "staging-metabase.toncloud.observer",
build-and-push (telegram-bot)	Send Telegram Message - Build Success	  "STAGING_MINIO_COLLECTION_BUCKET": "***collection",
build-and-push (telegram-bot)	Send Telegram Message - Build Success	  "STAGING_MINIO_DASHBOARD_PORT": "4014",
build-and-push (telegram-bot)	Send Telegram Message - Build Success	  "STAGING_MINIO_DOC_BUCKET": "***doc",
build-and-push (telegram-bot)	Send Telegram Message - Build Success	  "STAGING_MINIO_DOC_DEFAULT_BUCKET": "***",
build-and-push (telegram-bot)	Send Telegram Message - Build Success	  "STAGING_MINIO_ENDPOINT": "minio",
build-and-push (telegram-bot)	Send Telegram Message - Build Success	  "STAGING_MINIO_IMAGE_BUCKET": "***image",
build-and-push (telegram-bot)	Send Telegram Message - Build Success	  "STAGING_MINIO_ITEM_BUCKET": "***item",
build-and-push (telegram-bot)	Send Telegram Message - Build Success	  "STAGING_MINIO_PORT": "4012",
build-and-push (telegram-bot)	Send Telegram Message - Build Success	  "STAGING_MINIO_PUBLIC_URL": "https://staging-storage.toncloud.observer",
build-and-push (telegram-bot)	Send Telegram Message - Build Success	  "STAGING_MINIO_REGION_NAME": "default",
build-and-push (telegram-bot)	Send Telegram Message - Build Success	  "STAGING_MINIO_SBT_COLLECTIONS_BUCKET": "sbt-collections",
build-and-push (telegram-bot)	Send Telegram Message - Build Success	  "STAGING_MINIO_STORAGE_ADMIN_DOMAIN": "staging-storage-admin.toncloud.observer",
build-and-push (telegram-bot)	Send Telegram Message - Build Success	  "STAGING_MINIO_STORAGE_DOMAIN": "staging-storage.toncloud.observer",
build-and-push (telegram-bot)	Send Telegram Message - Build Success	  "STAGING_MINIO_VIDEO_BUCKET": "***video",
build-and-push (telegram-bot)	Send Telegram Message - Build Success	  "STAGING_MINI_APP_DOMAIN": "staging-app.toncloud.observer",
build-and-push (telegram-bot)	Send Telegram Message - Build Success	  "STAGING_MINI_APP_PORT": "4000",
build-and-push (telegram-bot)	Send Telegram Message - Build Success	  "STAGING_MINI_APP_SOCKET_DOMAIN": "staging-socket.toncloud.observer",
build-and-push (telegram-bot)	Send Telegram Message - Build Success	  "STAGING_MONITORING_DOMAIN": "staging-monitoring.toncloud.observer",
build-and-push (telegram-bot)	Send Telegram Message - Build Success	  "STAGING_MS_CLIENT_ID": "916e0c9f-17bc-45c2-9cbc-025c48a0d449",
build-and-push (telegram-bot)	Send Telegram Message - Build Success	  "STAGING_NETWORK_NAME": "***-staging",
build-and-push (telegram-bot)	Send Telegram Message - Build Success	  "STAGING_NETWORK_PUBLIC_IP": "***",
build-and-push (telegram-bot)	Send Telegram Message - Build Success	  "STAGING_NEXT_PUBLIC_API_BASE_URL": "https://staging-app.toncloud.observer/api/v1",
build-and-push (telegram-bot)	Send Telegram Message - Build Success	  "STAGING_NEXT_PUBLIC_APP_BASE_URL": "https://staging-app.toncloud.observer",
build-and-push (telegram-bot)	Send Telegram Message - Build Success	  "STAGING_NEXT_PUBLIC_BACKEND_URL_CLIENT": "https://staging-app.toncloud.observer/api/client/v1/",
build-and-push (telegram-bot)	Send Telegram Message - Build Success	  "STAGING_NEXT_PUBLIC_BOT_USERNAME": "notnonstagebot",
build-and-push (telegram-bot)	Send Telegram Message - Build Success	  "STAGING_NEXT_PUBLIC_ENV": "staging",
build-and-push (telegram-bot)	Send Telegram Message - Build Success	  "STAGING_NEXT_PUBLIC_GTM": "GTM-staging",
build-and-push (telegram-bot)	Send Telegram Message - Build Success	  "STAGING_NEXT_PUBLIC_SOCKET_URL": "staging-socket.toncloud.observer",
build-and-push (telegram-bot)	Send Telegram Message - Build Success	  "STAGING_NEXT_PUBLIC_TRPC_BASE_URL": "https://staging-app.toncloud.observer",
build-and-push (telegram-bot)	Send Telegram Message - Build Success	  "STAGING_NFT_INTERVAL_TIME": "60000",
build-and-push (telegram-bot)	Send Telegram Message - Build Success	  "STAGING_NFT_MANAGER_PORT": "4004",
build-and-push (telegram-bot)	Send Telegram Message - Build Success	  "STAGING_NODE_ENV": "production",
build-and-push (telegram-bot)	Send Telegram Message - Build Success	  "STAGING_NODE_TLS_REJECT_UNAUTHORIZED": "0",
build-and-push (telegram-bot)	Send Telegram Message - Build Success	  "STAGING_ONTON_DOMAIN": "staging.toncloud.observer",
build-and-push (telegram-bot)	Send Telegram Message - Build Success	  "STAGING_PARTICIPANT_TMA_PORT": "4001",
build-and-push (telegram-bot)	Send Telegram Message - Build Success	  "STAGING_PGADMIN_DOMAIN": "staging-pgadmin.toncloud.observer",
build-and-push (telegram-bot)	Send Telegram Message - Build Success	  "STAGING_PORT_CLIENT_WEB": "4007",
build-and-push (telegram-bot)	Send Telegram Message - Build Success	  "STAGING_PORT_METABASE": "4009",
build-and-push (telegram-bot)	Send Telegram Message - Build Success	  "STAGING_PORT_PGADMIN": "4006",
build-and-push (telegram-bot)	Send Telegram Message - Build Success	  "STAGING_PORT_WEB_SITE": "4005",
build-and-push (telegram-bot)	Send Telegram Message - Build Success	  "STAGING_POSTGRES_METABASE_DB": "staging-mini-app",
build-and-push (telegram-bot)	Send Telegram Message - Build Success	  "STAGING_POSTGRES_MINI_APP_DB": "staging-mini-app",
build-and-push (telegram-bot)	Send Telegram Message - Build Success	  "STAGING_POSTGRES_NFT_MANAGER_DB": "staging-nft-manager",
build-and-push (telegram-bot)	Send Telegram Message - Build Success	  "STAGING_POSTGRES_PORT": "4008",
build-and-push (telegram-bot)	Send Telegram Message - Build Success	  "STAGING_PTMA_API_BASE_URL": "https://staging-app.toncloud.observer/api/v1",
build-and-push (telegram-bot)	Send Telegram Message - Build Success	  "STAGING_RABBITMQ_DOMAIN": "staging-rabbitmq.toncloud.observer",
build-and-push (telegram-bot)	Send Telegram Message - Build Success	  "STAGING_RABBITMQ_MANAGEMENT_PORT": "4015",
build-and-push (telegram-bot)	Send Telegram Message - Build Success	  "STAGING_RABBITMQ_NODE_PORT": "4016",
build-and-push (telegram-bot)	Send Telegram Message - Build Success	  "STAGING_REDIS_DATABASES": "1",
build-and-push (telegram-bot)	Send Telegram Message - Build Success	  "STAGING_REDIS_PORT": "4011",
build-and-push (telegram-bot)	Send Telegram Message - Build Success	  "STAGING_REGISTRY_URL": "registry.toncloud.observer",
build-and-push (telegram-bot)	Send Telegram Message - Build Success	  "STAGING_SOCKET_PORT": "40***",
build-and-push (telegram-bot)	Send Telegram Message - Build Success	  "STAGING_STAGE_NAME": "staging-***",
build-and-push (telegram-bot)	Send Telegram Message - Build Success	  "STAGING_SWAGGER_UI_DOMAIN": "staging-swagger-ui.toncloud.observer",
build-and-push (telegram-bot)	Send Telegram Message - Build Success	  "STAGING_SWAGGER_UI_PORT": "4024",
build-and-push (telegram-bot)	Send Telegram Message - Build Success	  "STAGING_SYS_CADDY_REPLICAS": "1",
build-and-push (telegram-bot)	Send Telegram Message - Build Success	  "STAGING_SYS_MINI_APP_REPLICAS": "2",
build-and-push (telegram-bot)	Send Telegram Message - Build Success	  "STAGING_SYS_PARTICIPANT_TMA_REPLICAS": "2",
build-and-push (telegram-bot)	Send Telegram Message - Build Success	  "STAGING_SYS_WEB_SITE_REPLICAS": "1",
build-and-push (telegram-bot)	Send Telegram Message - Build Success	  "STAGING_TELEGRAM_BOT_PORT": "4002",
build-and-push (telegram-bot)	Send Telegram Message - Build Success	  "STAGING_TG_EVENTS_TOPIC": "2",
build-and-push (telegram-bot)	Send Telegram Message - Build Success	  "STAGING_TG_LOGS_GROUP_ID": "-100***64975789",
build-and-push (telegram-bot)	Send Telegram Message - Build Success	  "STAGING_TG_LOG_BOT_TOKEN": "7604730825:AAE1WJHs5lFI2zX_tba6M-1HYfffA8ugFmA",
build-and-push (telegram-bot)	Send Telegram Message - Build Success	  "STAGING_TG_NOTIFICATION_CHANELL": "-1002164161685",
build-and-push (telegram-bot)	Send Telegram Message - Build Success	  "STAGING_TG_SYSTEM_TOPIC": "16",
build-and-push (telegram-bot)	Send Telegram Message - Build Success	  "STAGING_TG_TICKETS_TOPIC": "4",
build-and-push (telegram-bot)	Send Telegram Message - Build Success	  "STAGING_TON_CENTER_ENDPOINT": "https://toncenter.com/api/v2/jsonRPC",
build-and-push (telegram-bot)	Send Telegram Message - Build Success	  "STAGING_TON_SOCIETY_BASE_URL": "https://id.ton.org/v1",
build-and-push (telegram-bot)	Send Telegram Message - Build Success	  "STAGING_TWITTER_CLIENT_ID": "SU1RUS0xaHNsRk5kd014UlZieDQ6MTpjaQ",
build-and-push (telegram-bot)	Send Telegram Message - Build Success	  "STAGING_USE_CLOUDFLARE": "true",
build-and-push (telegram-bot)	Send Telegram Message - Build Success	  "STAGING_USE_MAIN_IP_TO_EXPOSE": "true",
build-and-push (telegram-bot)	Send Telegram Message - Build Success	  "TELEGRAM_BOT_TOKEN_FOR_DEPLOYMENT": "7604730825:AAHhtwa4bGhELsBn2VqUxIIFXVJkRJfKuDs",
build-and-push (telegram-bot)	Send Telegram Message - Build Success	  "TELEGRAM_CHAT_ID_FOR_DEPLOYMENT": "***"
build-and-push (telegram-bot)	Send Telegram Message - Build Success	}
build-and-push (telegram-bot)	Send Telegram Message - Build Success	2026-02-09T12:10:17.4089249Z   TELEGRAM_BOT_TOKEN: 7604730825:AAHhtwa4bGhELsBn2VqUxIIFXVJkRJfKuDs
build-and-push (telegram-bot)	Send Telegram Message - Build Success	2026-02-09T12:10:17.4089917Z   TELEGRAM_CHAT_ID: ***
build-and-push (telegram-bot)	Send Telegram Message - Build Success	2026-02-09T12:10:17.4090382Z ##[endgroup]
build-and-push (telegram-bot)	Send Telegram Message - Build Success	2026-02-09T12:10:17.9198506Z {"ok":true,"result":{"message_id":***8,"sender_chat":{"id":***,"title":"ONTON LOGs","type":"channel"},"chat":{"id":***,"title":"ONTON LOGs","type":"channel"},"date":1770639017,"text":"\ud83d\ude02\ud83d\ude03Build ok for ExecutESG/***\n  \ud83d\udcdd branch: refs/heads/dev\n  \ud83e\uddd1 \u200d\ud83d\udcbbActor: bemehrbani\n  \ud83d\udd8a   message: fix(deploy): strip quotes from env and inject bot vars\n  \ud83d\udd0d See Changes: https://github.com/ExecutESG/***/commit/0c3bec63c4903a99acde2a599f1cd5d98df508ae","entities":[{"offset":176,"length":82,"type":"url"}],"link_preview_options":{"url":"https://github.com/ExecutESG/***/commit/0c3bec63c4903a99acde2a599f1cd5d98df508ae"}}}
build-and-push (telegram-bot)	Post Authenticate to GitHub Container Registry	﻿2026-02-09T12:10:17.9278372Z Post job cleanup.
build-and-push (telegram-bot)	Post Authenticate to GitHub Container Registry	2026-02-09T12:10:18.2414887Z ##[group]Logout from ghcr.io
build-and-push (telegram-bot)	Post Authenticate to GitHub Container Registry	2026-02-09T12:10:18.2461328Z [command]/usr/bin/docker logout ghcr.io
build-and-push (telegram-bot)	Post Authenticate to GitHub Container Registry	2026-02-09T12:10:18.2591553Z Removing login credentials for ghcr.io
build-and-push (telegram-bot)	Post Authenticate to GitHub Container Registry	2026-02-09T12:10:18.2624282Z ##[endgroup]
build-and-push (telegram-bot)	Post Authenticate to GitHub Container Registry	2026-02-09T12:10:18.2625210Z ##[group]Post cache
build-and-push (telegram-bot)	Post Authenticate to GitHub Container Registry	2026-02-09T12:10:18.2626406Z State not set
build-and-push (telegram-bot)	Post Authenticate to GitHub Container Registry	2026-02-09T12:10:18.2627196Z ##[endgroup]
build-and-push (telegram-bot)	Post Set up Docker Buildx	﻿2026-02-09T12:10:18.2809715Z Post job cleanup.
build-and-push (telegram-bot)	Post Set up Docker Buildx	2026-02-09T12:10:18.5189168Z ##[group]Removing builder
build-and-push (telegram-bot)	Post Set up Docker Buildx	2026-02-09T12:10:18.6339003Z [command]/usr/bin/docker buildx rm builder-2c512ddd-5f59-424a-9f77-7fe0186f2d5b
build-and-push (telegram-bot)	Post Set up Docker Buildx	2026-02-09T12:10:19.6796097Z builder-2c512ddd-5f59-424a-9f77-7fe0186f2d5b removed
build-and-push (telegram-bot)	Post Set up Docker Buildx	2026-02-09T12:10:19.6834694Z ##[endgroup]
build-and-push (telegram-bot)	Post Set up Docker Buildx	2026-02-09T12:10:19.6837443Z ##[group]Cleaning up certificates
build-and-push (telegram-bot)	Post Set up Docker Buildx	2026-02-09T12:10:19.6845335Z ##[endgroup]
build-and-push (telegram-bot)	Post Set up Docker Buildx	2026-02-09T12:10:19.6846687Z ##[group]Post cache
build-and-push (telegram-bot)	Post Set up Docker Buildx	2026-02-09T12:10:19.6848114Z State not set
build-and-push (telegram-bot)	Post Set up Docker Buildx	2026-02-09T12:10:19.6849425Z ##[endgroup]
build-and-push (telegram-bot)	Post Checkout Code	﻿2026-02-09T12:10:19.7071139Z Post job cleanup.
build-and-push (telegram-bot)	Post Checkout Code	2026-02-09T12:10:19.8017420Z [command]/usr/bin/git version
build-and-push (telegram-bot)	Post Checkout Code	2026-02-09T12:10:19.8054617Z git version 2.52.0
build-and-push (telegram-bot)	Post Checkout Code	2026-02-09T12:10:19.8103373Z Temporarily overriding HOME='/home/runner/work/_temp/fb6844a1-351a-4fec-b793-46bfa191c7b5' before making global git config changes
build-and-push (telegram-bot)	Post Checkout Code	2026-02-09T12:10:19.8104618Z Adding repository directory to the temporary git global config as a safe directory
build-and-push (telegram-bot)	Post Checkout Code	2026-02-09T12:10:19.8120521Z [command]/usr/bin/git config --global --add safe.directory /home/runner/work/***/***
build-and-push (telegram-bot)	Post Checkout Code	2026-02-09T12:10:19.8161743Z [command]/usr/bin/git config --local --name-only --get-regexp core\.sshCommand
build-and-push (telegram-bot)	Post Checkout Code	2026-02-09T12:10:19.8193723Z [command]/usr/bin/git submodule foreach --recursive sh -c "git config --local --name-only --get-regexp 'core\.sshCommand' && git config --local --unset-all 'core.sshCommand' || :"
build-and-push (telegram-bot)	Post Checkout Code	2026-02-09T12:10:19.8426274Z [command]/usr/bin/git config --local --name-only --get-regexp http\.https\:\/\/github\.com\/\.extraheader
build-and-push (telegram-bot)	Post Checkout Code	2026-02-09T12:10:19.8446084Z http.https://github.com/.extraheader
build-and-push (telegram-bot)	Post Checkout Code	2026-02-09T12:10:19.8458952Z [command]/usr/bin/git config --local --unset-all http.https://github.com/.extraheader
build-and-push (telegram-bot)	Post Checkout Code	2026-02-09T12:10:19.8489480Z [command]/usr/bin/git submodule foreach --recursive sh -c "git config --local --name-only --get-regexp 'http\.https\:\/\/github\.com\/\.extraheader' && git config --local --unset-all 'http.https://github.com/.extraheader' || :"
build-and-push (telegram-bot)	Post Checkout Code	2026-02-09T12:10:19.8737675Z [command]/usr/bin/git config --local --name-only --get-regexp ^includeIf\.gitdir:
build-and-push (telegram-bot)	Post Checkout Code	2026-02-09T12:10:19.8770326Z [command]/usr/bin/git submodule foreach --recursive git config --local --show-origin --name-only --get-regexp remote.origin.url
build-and-push (telegram-bot)	Complete job	﻿2026-02-09T12:10:19.9112617Z Cleaning up orphan processes
deploy	Set up job	﻿2026-02-09T12:10:26.1908034Z Current runner version: '2.331.0'
deploy	Set up job	2026-02-09T12:10:26.1938562Z ##[group]Runner Image Provisioner
deploy	Set up job	2026-02-09T12:10:26.1940698Z Hosted Compute Agent
deploy	Set up job	2026-02-09T12:10:26.1942147Z Version: 20260123.484
deploy	Set up job	2026-02-09T12:10:26.1943689Z Commit: 6bd6555ca37d84114959e1c76d2c01448ff61c5d
deploy	Set up job	2026-02-09T12:10:26.1945811Z Build Date: 2026-01-23T19:41:17Z
deploy	Set up job	2026-02-09T12:10:26.1947479Z Worker ID: {8107a895-3ff1-45ce-995e-b4843891ef2a}
deploy	Set up job	2026-02-09T12:10:26.1949105Z Azure Region: eastus2
deploy	Set up job	2026-02-09T12:10:26.1950513Z ##[endgroup]
deploy	Set up job	2026-02-09T12:10:26.1952845Z ##[group]Operating System
deploy	Set up job	2026-02-09T12:10:26.1955349Z Ubuntu
deploy	Set up job	2026-02-09T12:10:26.1956773Z 24.04.3
deploy	Set up job	2026-02-09T12:10:26.1958559Z LTS
deploy	Set up job	2026-02-09T12:10:26.1959879Z ##[endgroup]
deploy	Set up job	2026-02-09T12:10:26.1961265Z ##[group]Runner Image
deploy	Set up job	2026-02-09T12:10:26.1962689Z Image: ubuntu-24.04
deploy	Set up job	2026-02-09T12:10:26.1964073Z Version: 20260201.15.1
deploy	Set up job	2026-02-09T12:10:26.1966412Z Included Software: https://github.com/actions/runner-images/blob/ubuntu24/20260201.15/images/ubuntu/Ubuntu2404-Readme.md
deploy	Set up job	2026-02-09T12:10:26.1969154Z Image Release: https://github.com/actions/runner-images/releases/tag/ubuntu24%2F20260201.15
deploy	Set up job	2026-02-09T12:10:26.1971201Z ##[endgroup]
deploy	Set up job	2026-02-09T12:10:26.1973827Z ##[group]GITHUB_TOKEN Permissions
deploy	Set up job	2026-02-09T12:10:26.1977167Z Actions: write
deploy	Set up job	2026-02-09T12:10:26.1978564Z Contents: write
deploy	Set up job	2026-02-09T12:10:26.1979921Z Metadata: read
deploy	Set up job	2026-02-09T12:10:26.1981252Z Packages: read
deploy	Set up job	2026-02-09T12:10:26.1982933Z ##[endgroup]
deploy	Set up job	2026-02-09T12:10:26.1986416Z Secret source: Actions
deploy	Set up job	2026-02-09T12:10:26.1988259Z Prepare workflow directory
deploy	Set up job	2026-02-09T12:10:26.2660005Z Prepare all required actions
deploy	Set up job	2026-02-09T12:10:26.2699826Z Getting action download info
deploy	Set up job	2026-02-09T12:10:26.5849567Z Download action repository 'webfactory/ssh-agent@v0.9.0' (SHA:dc588b651fe13675774614f8e6a936a468676387)
deploy	Set up job	2026-02-09T12:10:26.8323233Z Download action repository 'actions/checkout@v4' (SHA:34e114876b0b11c390a56381ad16ebd13914f8d5)
deploy	Set up job	2026-02-09T12:10:26.9529846Z Complete job name: deploy
deploy	Start SSH Agent and Add Key	﻿2026-02-09T12:10:27.0298538Z ##[group]Run webfactory/ssh-agent@v0.9.0
deploy	Start SSH Agent and Add Key	2026-02-09T12:10:27.0300050Z with:
deploy	Start SSH Agent and Add Key	2026-02-09T12:10:27.0303918Z   ssh-private-key: ***
deploy	Start SSH Agent and Add Key	2026-02-09T12:10:27.0304968Z   log-public-key: true
deploy	Start SSH Agent and Add Key	2026-02-09T12:10:27.0306350Z env:
deploy	Start SSH Agent and Add Key	2026-02-09T12:10:27.0355667Z   ALLMYSECRETS: {
deploy	Start SSH Agent and Add Key	  "DEV_MNEMONIC": "***",
deploy	Start SSH Agent and Add Key	  "MAIN_PGADMIN_DEFAULT_PASSWORD": "***",
deploy	Start SSH Agent and Add Key	  "DOCKER_HUB_TOKEN": "***",
deploy	Start SSH Agent and Add Key	  "STAGING_ONTON_API_KEY": "***",
deploy	Start SSH Agent and Add Key	  "STAGING_CLOUDFLARE_API_TOKEN": "***",
deploy	Start SSH Agent and Add Key	  "DEV_TON_CENTER_TOKEN": "***",
deploy	Start SSH Agent and Add Key	  "STAGING_ONTON_API_SECRET": "***",
deploy	Start SSH Agent and Add Key	  "STAGING_GITHUB_CLIENT_SECRET": "***",
deploy	Start SSH Agent and Add Key	  "SSH_MAIN_IP": "***",
deploy	Start SSH Agent and Add Key	  "MAIN_TWITTER_CLIENT_SECRET": "***",
deploy	Start SSH Agent and Add Key	  "STAGING_MINIO_ROOT_PASSWORD": "***",
deploy	Start SSH Agent and Add Key	  "MAIN_GITHUB_CLIENT_SECRET": "***",
deploy	Start SSH Agent and Add Key	  "STAGING_RABBITMQ_DEFAULT_PASS": "***",
deploy	Start SSH Agent and Add Key	  "SSH_DEV_IP": "***",
deploy	Start SSH Agent and Add Key	  "DEV_POSTGRES_PASSWORD": "***",
deploy	Start SSH Agent and Add Key	  "SSH_PASSPHRASE": "***",
deploy	Start SSH Agent and Add Key	  "STAGING_CLIENT_API_FIXED_KEY": "***",
deploy	Start SSH Agent and Add Key	  "MAIN_TON_CENTER_TOKEN": "***",
deploy	Start SSH Agent and Add Key	  "DOCKER_HUB_USERNAME": "***",
deploy	Start SSH Agent and Add Key	  "GIT_API_KEY": "***",
deploy	Start SSH Agent and Add Key	  "MAIN_CLOUDFLARE_EMAIL": "***",
deploy	Start SSH Agent and Add Key	  "MAIN_DATABASE_URL": "***",
deploy	Start SSH Agent and Add Key	  "MAIN_CLOUDFLARE_EMAIL_MAIN": "***",
deploy	Start SSH Agent and Add Key	  "STAGING_PGADMIN_DEFAULT_EMAIL": "***",
deploy	Start SSH Agent and Add Key	  "STAGING_SECRET_EVENT_WALLET_ENC_KEY": "***",
deploy	Start SSH Agent and Add Key	  "STAGING_PGADMIN_DEFAULT_PASSWORD": "***",
deploy	Start SSH Agent and Add Key	  "CR_PAT": "***",
deploy	Start SSH Agent and Add Key	  "MAIN_CLOUDFLARE_API_TOKEN_MAIN": "***",
deploy	Start SSH Agent and Add Key	  "MAIN_POSTGRES_USER": "***",
deploy	Start SSH Agent and Add Key	  "DEV_BOT_TOKEN": "***",
deploy	Start SSH Agent and Add Key	  "STAGING_REDIS_PASSWORD": "***",
deploy	Start SSH Agent and Add Key	  "TELEGRAM_CHAT_ID_FOR_DEPLOYMENT": "***",
deploy	Start SSH Agent and Add Key	  "STAGING_TONAPI_API_KEY": "***",
deploy	Start SSH Agent and Add Key	  "STAGING_CLOUDFLARE_API_TOKEN_MAIN": "***",
deploy	Start SSH Agent and Add Key	  "MAIN_BOT_TOKEN": "***",
deploy	Start SSH Agent and Add Key	  "MAIN_SENTRY_AUTH_TOKEN": "***",
deploy	Start SSH Agent and Add Key	  "github_token": "***",
deploy	Start SSH Agent and Add Key	  "STAGING_DATABASE_URL_NFT_MANAGER": "***",
deploy	Start SSH Agent and Add Key	  "DEV_CLOUDFLARE_API_TOKEN": "***",
deploy	Start SSH Agent and Add Key	  "STAGING_TON_SOCIETY_API_KEY": "***",
deploy	Start SSH Agent and Add Key	  "STAGING_POSTGRES_PASSWORD": "***",
deploy	Start SSH Agent and Add Key	  "MAIN_RABBITMQ_DEFAULT_USER": "***",
deploy	Start SSH Agent and Add Key	  "MAIN_CLOUDFLARE_API_TOKEN": "***",
deploy	Start SSH Agent and Add Key	  "MAIN_CLOUDFLARE_DNS_ZONE_ID": "***",
deploy	Start SSH Agent and Add Key	  "MAIN_REDIS_PASSWORD": "***",
deploy	Start SSH Agent and Add Key	  "STAGING_MINIO_ROOT_USER": "***",
deploy	Start SSH Agent and Add Key	  "MAIN_TON_SOCIETY_API_KEY": "***",
deploy	Start SSH Agent and Add Key	  "STAGING_CLOUDFLARE_DNS_ZONE_ID": "***",
deploy	Start SSH Agent and Add Key	  "DEV_CLIENT_API_JWT_SECRET": "***",
deploy	Start SSH Agent and Add Key	  "STAGING_BOT_TOKEN": "***",
deploy	Start SSH Agent and Add Key	  "MAIN_MB_ENCRYPTION_SECRET_KEY": "***",
deploy	Start SSH Agent and Add Key	  "USE_CLOUDFLARE": "***",
deploy	Start SSH Agent and Add Key	  "MAIN_TONAPI_API_KEY": "***",
deploy	Start SSH Agent and Add Key	  "SSH_PRIVATE_KEY": "***",
deploy	Start SSH Agent and Add Key	  "MAIN_LINKEDIN_CLIENT_SECRET": "***",
deploy	Start SSH Agent and Add Key	  "STAGING_MS_CLIENT_SECRET": "***",
deploy	Start SSH Agent and Add Key	  "SSH_DEV_KEY": "***",
deploy	Start SSH Agent and Add Key	  "STAGING_TWITTER_CLIENT_SECRET": "***",
deploy	Start SSH Agent and Add Key	  "STAGING_CLIENT_API_JWT_SECRET": "***",
deploy	Start SSH Agent and Add Key	  "MAIN_DATABASE_URL_NFT_MANAGER": "***",
deploy	Start SSH Agent and Add Key	  "DEV_ONTON_API_SECRET": "***",
deploy	Start SSH Agent and Add Key	  "MAIN_GOOGLE_CLIENT_SECRET": "***",
deploy	Start SSH Agent and Add Key	  "MAIN_MS_CLIENT_SECRET": "***",
deploy	Start SSH Agent and Add Key	  "STAGING_DATABASE_URL": "***",
deploy	Start SSH Agent and Add Key	  "STAGING_TON_CENTER_TOKEN": "***",
deploy	Start SSH Agent and Add Key	  "DEV_TON_SOCIETY_API_KEY": "***",
deploy	Start SSH Agent and Add Key	  "MAIN_EVENT_WALLET_ENC_KEY": "***",
deploy	Start SSH Agent and Add Key	  "STAGING_POSTGRES_USER": "***",
deploy	Start SSH Agent and Add Key	  "MAIN_PGADMIN_DEFAULT_EMAIL": "***",
deploy	Start SSH Agent and Add Key	  "SSH_MAIN_PORT": "***",
deploy	Start SSH Agent and Add Key	  "MAIN_MNEMONIC": "***",
deploy	Start SSH Agent and Add Key	  "MAIN_POSTGRES_PASSWORD": "***",
deploy	Start SSH Agent and Add Key	  "DEV_TONAPI_API_KEY": "***",
deploy	Start SSH Agent and Add Key	  "STAGING_GOOGLE_CLIENT_SECRET": "***",
deploy	Start SSH Agent and Add Key	  "DEV_MB_ENCRYPTION_SECRET_KEY": "***",
deploy	Start SSH Agent and Add Key	  "STAGING_SENTRY_AUTH_TOKEN": "***",
deploy	Start SSH Agent and Add Key	  "DEV_DATABASE_URL": "***",
deploy	Start SSH Agent and Add Key	  "DEV_MINIO_ROOT_PASSWORD": "***",
deploy	Start SSH Agent and Add Key	  "MAIN_RABBITMQ_DEFAULT_PASS": "***",
deploy	Start SSH Agent and Add Key	  "TELEGRAM_BOT_TOKEN_FOR_DEPLOYMENT": "***",
deploy	Start SSH Agent and Add Key	  "MAIN_ONTON_API_SECRET": "***",
deploy	Start SSH Agent and Add Key	  "MAIN_CLIENT_API_FIXED_KEY": "***",
deploy	Start SSH Agent and Add Key	  "SSH_DEV_PORT": "***",
deploy	Start SSH Agent and Add Key	  "DEV_ONTON_API_KEY": "***",
deploy	Start SSH Agent and Add Key	  "DEV_MINIO_ROOT_USER": "***",
deploy	Start SSH Agent and Add Key	  "STAGING_MNEMONIC": "***",
deploy	Start SSH Agent and Add Key	  "MAIN_MINIO_ROOT_USER": "***",
deploy	Start SSH Agent and Add Key	  "DEV_PGADMIN_DEFAULT_PASSWORD": "***",
deploy	Start SSH Agent and Add Key	  "DEV_CLIENT_API_FIXED_KEY": "***",
deploy	Start SSH Agent and Add Key	  "STAGING_CLOUDFLARE_EMAIL": "***",
deploy	Start SSH Agent and Add Key	  "STAGING_MB_ENCRYPTION_SECRET_KEY": "***",
deploy	Start SSH Agent and Add Key	  "MAIN_MINIO_ROOT_PASSWORD": "***",
deploy	Start SSH Agent and Add Key	  "MAIN_ONTON_API_KEY": "***",
deploy	Start SSH Agent and Add Key	  "STAGING_RABBITMQ_DEFAULT_USER": "***",
deploy	Start SSH Agent and Add Key	  "MAIN_CLIENT_API_JWT_SECRET": "***",
deploy	Start SSH Agent and Add Key	  "STAGING_LINKEDIN_CLIENT_SECRET": "***",
deploy	Start SSH Agent and Add Key	  "DEV_RABBITMQ_DEFAULT_PASS": "***"
deploy	Start SSH Agent and Add Key	}
deploy	Start SSH Agent and Add Key	2026-02-09T12:10:27.0487059Z   ALLMYVARS: {
deploy	Start SSH Agent and Add Key	  "DEV_ACME_AGREE": "true",
deploy	Start SSH Agent and Add Key	  "DEV_BRANCH_NAME": "dev",
deploy	Start SSH Agent and Add Key	  "DEV_CACHE_ENABLED": "true",
deploy	Start SSH Agent and Add Key	  "DEV_CLAMAV_PORT": "***10",
deploy	Start SSH Agent and Add Key	  "DEV_CLIENT_API_FIXED_ORGANIZER": "@Ontonadmin",
deploy	Start SSH Agent and Add Key	  "DEV_CLIENT_API_FIXED_USER": "@Ontonadmin",
deploy	Start SSH Agent and Add Key	  "DEV_CLIENT_WEB_DOMAIN": "dev-client-web.dev.***.live",
deploy	Start SSH Agent and Add Key	  "DEV_COMPOSE_PROJECT_NAME": "develop-***",
deploy	Start SSH Agent and Add Key	  "DEV_ENV": "development",
deploy	Start SSH Agent and Add Key	  "DEV_EVENT_WALLET_ENC_KEY": "Ci5M6/B4Wke4qX6tXViVeW0xM0iH0yh/qvD3Y1xu2v8",
deploy	Start SSH Agent and Add Key	  "DEV_GOLANG_SERVER_PORT": "3013",
deploy	Start SSH Agent and Add Key	  "DEV_IP_CADDY": "caddy",
deploy	Start SSH Agent and Add Key	  "DEV_IP_CLAMAV": "host.docker.internal",
deploy	Start SSH Agent and Add Key	  "DEV_IP_CLIENT_WEB": "client-web",
deploy	Start SSH Agent and Add Key	  "DEV_IP_GIVEAWAY_CHECKER": "giveaway-checker",
deploy	Start SSH Agent and Add Key	  "DEV_IP_GOLANG_SERVER": "golang-server",
deploy	Start SSH Agent and Add Key	  "DEV_IP_GOLANG_WORKER": "golang-worker",
deploy	Start SSH Agent and Add Key	  "DEV_IP_KIBANA": "kibana",
deploy	Start SSH Agent and Add Key	  "DEV_IP_METABASE": "metabase",
deploy	Start SSH Agent and Add Key	  "DEV_IP_MINIO": "minio",
deploy	Start SSH Agent and Add Key	  "DEV_IP_MINI_APP": "mini-app",
deploy	Start SSH Agent and Add Key	  "DEV_IP_MINI_APP_CRON": "mini-app-sbt-worker",
deploy	Start SSH Agent and Add Key	  "DEV_IP_NFT_MANAGER": "nft-manager",
deploy	Start SSH Agent and Add Key	  "DEV_IP_PARTICIPANT_TMA": "participant-tma",
deploy	Start SSH Agent and Add Key	  "DEV_IP_PGADMIN": "pgadmin",
deploy	Start SSH Agent and Add Key	  "DEV_IP_POA_WORKER": "mini-app-poa-worker",
deploy	Start SSH Agent and Add Key	  "DEV_IP_POSTGRES": "postgres",
deploy	Start SSH Agent and Add Key	  "DEV_IP_RABBITMQ": "rabbitmq",
deploy	Start SSH Agent and Add Key	  "DEV_IP_RANGE_BASE": "host.docker.internal",
deploy	Start SSH Agent and Add Key	  "DEV_IP_RANGE_START": "172.10",
deploy	Start SSH Agent and Add Key	  "DEV_IP_RANGE_SUBNET": "24",
deploy	Start SSH Agent and Add Key	  "DEV_IP_REDIS": "redis",
deploy	Start SSH Agent and Add Key	  "DEV_IP_SOCKET": "mini-app-notification-socket",
deploy	Start SSH Agent and Add Key	  "DEV_IP_SWAGGER_UI": "swagger-ui",
deploy	Start SSH Agent and Add Key	  "DEV_IP_TELEGRAM_BOT": "telegram-bot",
deploy	Start SSH Agent and Add Key	  "DEV_IP_WEBSITE": "website",
deploy	Start SSH Agent and Add Key	  "DEV_JWT_SECRET_SOCKET": "D3v@OnTonw3tds112ewq%KD___%1006-7-8-9-0OkMjKlll%909R9OOsf",
deploy	Start SSH Agent and Add Key	  "DEV_KIBANA_HASHED_PASSWORD": "$2a$14$6P83mnKs9BxP2qZDaMU.2OzBHY3SG0nnaVXJ8nKluEWEWD5RMmN/W",
deploy	Start SSH Agent and Add Key	  "DEV_KIBANA_PORT": "3023",
deploy	Start SSH Agent and Add Key	  "DEV_KIBANA_USERNAME": "monitor",
deploy	Start SSH Agent and Add Key	  "DEV_LOCAL_DOMAIN": "dev-app.dev.***.live",
deploy	Start SSH Agent and Add Key	  "DEV_MB_REDIRECT_ALL_REQUESTS_TO_HTTPS": "true",
deploy	Start SSH Agent and Add Key	  "DEV_METABASE_DOMAIN": "dev-metabase.dev.***.live",
deploy	Start SSH Agent and Add Key	  "DEV_MINIO_COLLECTION_BUCKET": "***collection",
deploy	Start SSH Agent and Add Key	  "DEV_MINIO_DASHBOARD_PORT": "3014",
deploy	Start SSH Agent and Add Key	  "DEV_MINIO_DOC_BUCKET": "***doc",
deploy	Start SSH Agent and Add Key	  "DEV_MINIO_DOC_DEFAULT_BUCKET": "***",
deploy	Start SSH Agent and Add Key	  "DEV_MINIO_ENDPOINT": "minio",
deploy	Start SSH Agent and Add Key	  "DEV_MINIO_IMAGE_BUCKET": "***image",
deploy	Start SSH Agent and Add Key	  "DEV_MINIO_ITEM_BUCKET": "***item",
deploy	Start SSH Agent and Add Key	  "DEV_MINIO_PORT": "3012",
deploy	Start SSH Agent and Add Key	  "DEV_MINIO_PUBLIC_URL": "https://dev-storage.dev.***.live",
deploy	Start SSH Agent and Add Key	  "DEV_MINIO_REGION_NAME": "default",
deploy	Start SSH Agent and Add Key	  "DEV_MINIO_SBT_COLLECTIONS_BUCKET": "sbt-collections",
deploy	Start SSH Agent and Add Key	  "DEV_MINIO_STORAGE_ADMIN_DOMAIN": "dev-storage-admin.dev.***.live",
deploy	Start SSH Agent and Add Key	  "DEV_MINIO_STORAGE_DOMAIN": "dev-storage.dev.***.live",
deploy	Start SSH Agent and Add Key	  "DEV_MINIO_VIDEO_BUCKET": "***video",
deploy	Start SSH Agent and Add Key	  "DEV_MINI_APP_DOMAIN": "dev-app.dev.***.live",
deploy	Start SSH Agent and Add Key	  "DEV_MINI_APP_PORT": "3000",
deploy	Start SSH Agent and Add Key	  "DEV_MINI_APP_SOCKET_DOMAIN": "dev-socket.dev.***.live",
deploy	Start SSH Agent and Add Key	  "DEV_MONITORING_DOMAIN": "dev-monitoring.dev.***.live",
deploy	Start SSH Agent and Add Key	  "DEV_NETWORK_NAME": "***-dev",
deploy	Start SSH Agent and Add Key	  "DEV_NETWORK_PUBLIC_IP": "***",
deploy	Start SSH Agent and Add Key	  "DEV_NEXT_PUBLIC_API_BASE_URL": "https://dev-app.dev.***.live/api/v1",
deploy	Start SSH Agent and Add Key	  "DEV_NEXT_PUBLIC_APP_BASE_URL": "https://dev-app.dev.***.live",
deploy	Start SSH Agent and Add Key	  "DEV_NEXT_PUBLIC_BACKEND_URL_CLIENT": "https://dev-app.dev.***.live/api/client/v1/",
deploy	Start SSH Agent and Add Key	  "DEV_NEXT_PUBLIC_BOT_USERNAME": "dev_ont0n_bot",
deploy	Start SSH Agent and Add Key	  "DEV_NEXT_PUBLIC_ENV": "development",
deploy	Start SSH Agent and Add Key	  "DEV_NEXT_PUBLIC_GTM": "GTM-dev",
deploy	Start SSH Agent and Add Key	  "DEV_NEXT_PUBLIC_SOCKET_URL": "dev-socket.dev.***.live",
deploy	Start SSH Agent and Add Key	  "DEV_NFT_INTERVAL_TIME": "60000",
deploy	Start SSH Agent and Add Key	  "DEV_NFT_MANAGER_PORT": "3004",
deploy	Start SSH Agent and Add Key	  "DEV_NODE_ENV": "production",
deploy	Start SSH Agent and Add Key	  "DEV_NODE_TLS_REJECT_UNAUTHORIZED": "0",
deploy	Start SSH Agent and Add Key	  "DEV_ONTON_DOMAIN": "dev.***.live",
deploy	Start SSH Agent and Add Key	  "DEV_PARTICIPANT_TMA_PORT": "3001",
deploy	Start SSH Agent and Add Key	  "DEV_PGADMIN_DOMAIN": "dev-pgadmin.dev.***.live",
deploy	Start SSH Agent and Add Key	  "DEV_PORT_CLIENT_WEB": "3007",
deploy	Start SSH Agent and Add Key	  "DEV_PORT_METABASE": "3009",
deploy	Start SSH Agent and Add Key	  "DEV_PORT_PGADMIN": "3006",
deploy	Start SSH Agent and Add Key	  "DEV_PORT_WEB_SITE": "3005",
deploy	Start SSH Agent and Add Key	  "DEV_POSTGRES_METABASE_DB": "dev-mini-app",
deploy	Start SSH Agent and Add Key	  "DEV_POSTGRES_MINI_APP_DB": "dev-mini-app",
deploy	Start SSH Agent and Add Key	  "DEV_POSTGRES_NFT_MANAGER_DB": "dev-nft-manager",
deploy	Start SSH Agent and Add Key	  "DEV_POSTGRES_PORT": "3008",
deploy	Start SSH Agent and Add Key	  "DEV_PTMA_API_BASE_URL": "https://dev-app.dev.***.live/api/v1",
deploy	Start SSH Agent and Add Key	  "DEV_RABBITMQ_DOMAIN": "dev-rabbitmq.dev.***.live",
deploy	Start SSH Agent and Add Key	  "DEV_RABBITMQ_MANAGEMENT_PORT": "3015",
deploy	Start SSH Agent and Add Key	  "DEV_RABBITMQ_NODE_PORT": "3016",
deploy	Start SSH Agent and Add Key	  "DEV_REDIS_DATABASES": "1",
deploy	Start SSH Agent and Add Key	  "DEV_REDIS_PORT": "3011",
deploy	Start SSH Agent and Add Key	  "DEV_REGISTRY_URL": "ghcr.io",
deploy	Start SSH Agent and Add Key	  "DEV_SOCKET_PORT": "30***",
deploy	Start SSH Agent and Add Key	  "DEV_STAGE_NAME": "dev-***",
deploy	Start SSH Agent and Add Key	  "DEV_SWAGGER_UI_DOMAIN": "dev-swagger-ui.dev.***.live",
deploy	Start SSH Agent and Add Key	  "DEV_SWAGGER_UI_PORT": "3024",
deploy	Start SSH Agent and Add Key	  "DEV_SYS_CADDY_REPLICAS": "1",
deploy	Start SSH Agent and Add Key	  "DEV_SYS_MINI_APP_REPLICAS": "1",
deploy	Start SSH Agent and Add Key	  "DEV_SYS_PARTICIPANT_TMA_REPLICAS": "1",
deploy	Start SSH Agent and Add Key	  "DEV_SYS_WEB_SITE_REPLICAS": "1",
deploy	Start SSH Agent and Add Key	  "DEV_TELEGRAM_BOT_PORT": "3002",
deploy	Start SSH Agent and Add Key	  "DEV_TG_EVENTS_TOPIC": "2",
deploy	Start SSH Agent and Add Key	  "DEV_TG_LOGS_GROUP_ID": "-1002308507308",
deploy	Start SSH Agent and Add Key	  "DEV_TG_LOG_BOT_TOKEN": "7604730825:AAE1WJHs5lFI2zX_tba6M-1HYfffA8ugFmA",
deploy	Start SSH Agent and Add Key	  "DEV_TG_NOTIFICATION_CHANELL": "-1002164161685",
deploy	Start SSH Agent and Add Key	  "DEV_TG_SYSTEM_TOPIC": "16",
deploy	Start SSH Agent and Add Key	  "DEV_TG_TICKETS_TOPIC": "4",
deploy	Start SSH Agent and Add Key	  "DEV_TON_CENTER_ENDPOINT": "https://toncenter.com/api/v2/jsonRPC",
deploy	Start SSH Agent and Add Key	  "DEV_TON_SOCIETY_BASE_URL": "https://id.ton.org/v1",
deploy	Start SSH Agent and Add Key	  "DEV_USE_CLOUDFLARE": "true",
deploy	Start SSH Agent and Add Key	  "DEV_USE_MAIN_IP_TO_EXPOSE": "true",
deploy	Start SSH Agent and Add Key	  "MAIN_ACME_AGREE": "true",
deploy	Start SSH Agent and Add Key	  "MAIN_BRANCH_NAME": "main",
deploy	Start SSH Agent and Add Key	  "MAIN_CACHE_ENABLED": "true",
deploy	Start SSH Agent and Add Key	  "MAIN_CLAMAV_PORT": "***10",
deploy	Start SSH Agent and Add Key	  "MAIN_CLIENT_API_FIXED_ORGANIZER": "@Ontonadmin",
deploy	Start SSH Agent and Add Key	  "MAIN_CLIENT_API_FIXED_USER": "@Ontonadmin",
deploy	Start SSH Agent and Add Key	  "MAIN_CLIENT_WEB_DOMAIN": "client-web.***.live",
deploy	Start SSH Agent and Add Key	  "MAIN_COMPOSE_PROJECT_NAME": "production-***",
deploy	Start SSH Agent and Add Key	  "MAIN_ENV": "production",
deploy	Start SSH Agent and Add Key	  "MAIN_GITHUB_CLIENT_ID": "Ov23liQFN1rMeZicYHnL",
deploy	Start SSH Agent and Add Key	  "MAIN_GITHUB_REPO": "***bot",
deploy	Start SSH Agent and Add Key	  "MAIN_GOLANG_SERVER_PORT": "8013",
deploy	Start SSH Agent and Add Key	  "MAIN_GOOGLE_CLIENT_ID": "174044865725-8urfv981fca74aj3bq2kqik7fbe2rggg.apps.googleusercontent.com",
deploy	Start SSH Agent and Add Key	  "MAIN_IP_CADDY": "caddy",
deploy	Start SSH Agent and Add Key	  "MAIN_IP_CLAMAV": "host.docker.internal",
deploy	Start SSH Agent and Add Key	  "MAIN_IP_CLIENT_WEB": "client-web",
deploy	Start SSH Agent and Add Key	  "MAIN_IP_GIVEAWAY_CHECKER": "giveaway-checker",
deploy	Start SSH Agent and Add Key	  "MAIN_IP_GOLANG_SERVER": "golang-server",
deploy	Start SSH Agent and Add Key	  "MAIN_IP_GOLANG_WORKER": "golang-worker",
deploy	Start SSH Agent and Add Key	  "MAIN_IP_KIBANA": "kibana",
deploy	Start SSH Agent and Add Key	  "MAIN_IP_METABASE": "metabase",
deploy	Start SSH Agent and Add Key	  "MAIN_IP_MINIO": "minio",
deploy	Start SSH Agent and Add Key	  "MAIN_IP_MINI_APP": "mini-app",
deploy	Start SSH Agent and Add Key	  "MAIN_IP_MINI_APP_CRON": "mini-app-sbt-worker",
deploy	Start SSH Agent and Add Key	  "MAIN_IP_NFT_MANAGER": "nft-manager",
deploy	Start SSH Agent and Add Key	  "MAIN_IP_PARTICIPANT_TMA": "participant-tma",
deploy	Start SSH Agent and Add Key	  "MAIN_IP_PGADMIN": "pgadmin",
deploy	Start SSH Agent and Add Key	  "MAIN_IP_POA_WORKER": "mini-app-poa-worker",
deploy	Start SSH Agent and Add Key	  "MAIN_IP_POSTGRES": "postgres",
deploy	Start SSH Agent and Add Key	  "MAIN_IP_RABBITMQ": "rabbitmq",
deploy	Start SSH Agent and Add Key	  "MAIN_IP_RANGE_BASE": "host.docker.internal",
deploy	Start SSH Agent and Add Key	  "MAIN_IP_REDIS": "redis",
deploy	Start SSH Agent and Add Key	  "MAIN_IP_SOCKET": "mini-app-notification-socket",
deploy	Start SSH Agent and Add Key	  "MAIN_IP_SWAGGER_UI": "swagger-ui",
deploy	Start SSH Agent and Add Key	  "MAIN_IP_TELEGRAM_BOT": "telegram-bot",
deploy	Start SSH Agent and Add Key	  "MAIN_IP_WEBSITE": "website",
deploy	Start SSH Agent and Add Key	  "MAIN_JWT_SECRET_SOCKET": "JFDmdjeu__@HF_KKSEEWR_ERW*ER_FGDFG_ET%DG%34534aasd_Rhuefli!hfsdlnf",
deploy	Start SSH Agent and Add Key	  "MAIN_KIBANA_HASHED_PASSWORD": "$2a$14$6P83mnKs9BxP2qZDaMU.2OzBHY3SG0nnaVXJ8nKluEWEWD5RMmN/W",
deploy	Start SSH Agent and Add Key	  "MAIN_KIBANA_PORT": "8023",
deploy	Start SSH Agent and Add Key	  "MAIN_KIBANA_USERNAME": "monitor",
deploy	Start SSH Agent and Add Key	  "MAIN_LINKEDIN_CLIENT_ID": "77osbnm9chxr4c",
deploy	Start SSH Agent and Add Key	  "MAIN_LOCAL_DOMAIN": "***.live",
deploy	Start SSH Agent and Add Key	  "MAIN_MB_REDIRECT_ALL_REQUESTS_TO_HTTPS": "true",
deploy	Start SSH Agent and Add Key	  "MAIN_METABASE_DOMAIN": "metabase.***.live",
deploy	Start SSH Agent and Add Key	  "MAIN_MINIO_COLLECTION_BUCKET": "***collection",
deploy	Start SSH Agent and Add Key	  "MAIN_MINIO_DASHBOARD_PORT": "8014",
deploy	Start SSH Agent and Add Key	  "MAIN_MINIO_DOC_BUCKET": "***doc",
deploy	Start SSH Agent and Add Key	  "MAIN_MINIO_DOC_DEFAULT_BUCKET": "***",
deploy	Start SSH Agent and Add Key	  "MAIN_MINIO_ENDPOINT": "minio",
deploy	Start SSH Agent and Add Key	  "MAIN_MINIO_IMAGE_BUCKET": "***image",
deploy	Start SSH Agent and Add Key	  "MAIN_MINIO_ITEM_BUCKET": "***item",
deploy	Start SSH Agent and Add Key	  "MAIN_MINIO_PORT": "8012",
deploy	Start SSH Agent and Add Key	  "MAIN_MINIO_PUBLIC_URL": "https://storage.***.live",
deploy	Start SSH Agent and Add Key	  "MAIN_MINIO_REGION_NAME": "default",
deploy	Start SSH Agent and Add Key	  "MAIN_MINIO_SBT_COLLECTIONS_BUCKET": "sbt-collections",
deploy	Start SSH Agent and Add Key	  "MAIN_MINIO_STORAGE_ADMIN_DOMAIN": "storage-admin.***.live",
deploy	Start SSH Agent and Add Key	  "MAIN_MINIO_STORAGE_DOMAIN": "storage.***.live",
deploy	Start SSH Agent and Add Key	  "MAIN_MINIO_VIDEO_BUCKET": "***video",
deploy	Start SSH Agent and Add Key	  "MAIN_MINI_APP_DOMAIN": "app.***.live",
deploy	Start SSH Agent and Add Key	  "MAIN_MINI_APP_PORT": "8000",
deploy	Start SSH Agent and Add Key	  "MAIN_MINI_APP_SOCKET_DOMAIN": "socket.***.live",
deploy	Start SSH Agent and Add Key	  "MAIN_MONITORING_DOMAIN": "monitoring.***.live",
deploy	Start SSH Agent and Add Key	  "MAIN_MS_CLIENT_ID": "916e0c9f-17bc-45c2-9cbc-025c48a0d449",
deploy	Start SSH Agent and Add Key	  "MAIN_NETWORK_NAME": "***-production",
deploy	Start SSH Agent and Add Key	  "MAIN_NETWORK_PUBLIC_IP": "***",
deploy	Start SSH Agent and Add Key	  "MAIN_NEXT_PUBLIC_API_BASE_URL": "https://app.***.live/api/v1",
deploy	Start SSH Agent and Add Key	  "MAIN_NEXT_PUBLIC_APP_BASE_URL": "https://app.***.live",
deploy	Start SSH Agent and Add Key	  "MAIN_NEXT_PUBLIC_BACKEND_URL_CLIENT": "https://app.***.live/api/client/v1/",
deploy	Start SSH Agent and Add Key	  "MAIN_NEXT_PUBLIC_BOT_USERNAME": "the***bot",
deploy	Start SSH Agent and Add Key	  "MAIN_NEXT_PUBLIC_ENV": "production",
deploy	Start SSH Agent and Add Key	  "MAIN_NEXT_PUBLIC_GTM": "GTM-TSCPWNCM",
deploy	Start SSH Agent and Add Key	  "MAIN_NEXT_PUBLIC_SOCKET_URL": "socket.***.live",
deploy	Start SSH Agent and Add Key	  "MAIN_NFT_INTERVAL_TIME": "60000",
deploy	Start SSH Agent and Add Key	  "MAIN_NFT_MANAGER_PORT": "8004",
deploy	Start SSH Agent and Add Key	  "MAIN_NODE_ENV": "production",
deploy	Start SSH Agent and Add Key	  "MAIN_NODE_TLS_REJECT_UNAUTHORIZED": "1",
deploy	Start SSH Agent and Add Key	  "MAIN_ONTON_DOMAIN": "***.live",
deploy	Start SSH Agent and Add Key	  "MAIN_PARTICIPANT_TMA_PORT": "8001",
deploy	Start SSH Agent and Add Key	  "MAIN_PGADMIN_DOMAIN": "pgadmin.***.live",
deploy	Start SSH Agent and Add Key	  "MAIN_PORT_CLIENT_WEB": "8007",
deploy	Start SSH Agent and Add Key	  "MAIN_PORT_METABASE": "8009",
deploy	Start SSH Agent and Add Key	  "MAIN_PORT_PGADMIN": "8006",
deploy	Start SSH Agent and Add Key	  "MAIN_PORT_WEB_SITE": "8005",
deploy	Start SSH Agent and Add Key	  "MAIN_POSTGRES_METABASE_DB": "production-mini-app",
deploy	Start SSH Agent and Add Key	  "MAIN_POSTGRES_MINI_APP_DB": "production-mini-app",
deploy	Start SSH Agent and Add Key	  "MAIN_POSTGRES_NFT_MANAGER_DB": "production-nft-manager",
deploy	Start SSH Agent and Add Key	  "MAIN_POSTGRES_PORT": "8008",
deploy	Start SSH Agent and Add Key	  "MAIN_PTMA_API_BASE_URL": "https://app.***.live/api/v1",
deploy	Start SSH Agent and Add Key	  "MAIN_RABBITMQ_DOMAIN": "rabbitmq.***.live",
deploy	Start SSH Agent and Add Key	  "MAIN_RABBITMQ_MANAGEMENT_PORT": "8015",
deploy	Start SSH Agent and Add Key	  "MAIN_RABBITMQ_NODE_PORT": "8016",
deploy	Start SSH Agent and Add Key	  "MAIN_REDIS_DATABASES": "1",
deploy	Start SSH Agent and Add Key	  "MAIN_REDIS_PORT": "8011",
deploy	Start SSH Agent and Add Key	  "MAIN_REGISTRY_URL": "registry.toncloud.observer",
deploy	Start SSH Agent and Add Key	  "MAIN_SOCKET_PORT": "80***",
deploy	Start SSH Agent and Add Key	  "MAIN_STAGE_NAME": "main-***",
deploy	Start SSH Agent and Add Key	  "MAIN_SWAGGER_UI_DOMAIN": "swagger-ui.***.live",
deploy	Start SSH Agent and Add Key	  "MAIN_SWAGGER_UI_PORT": "8024",
deploy	Start SSH Agent and Add Key	  "MAIN_SYS_CADDY_REPLICAS": "1",
deploy	Start SSH Agent and Add Key	  "MAIN_SYS_MINI_APP_REPLICAS": "12",
deploy	Start SSH Agent and Add Key	  "MAIN_SYS_PARTICIPANT_TMA_REPLICAS": "6",
deploy	Start SSH Agent and Add Key	  "MAIN_SYS_WEB_SITE_REPLICAS": "3",
deploy	Start SSH Agent and Add Key	  "MAIN_TELEGRAM_BOT_PORT": "8002",
deploy	Start SSH Agent and Add Key	  "MAIN_TG_EVENTS_TOPIC": "2",
deploy	Start SSH Agent and Add Key	  "MAIN_TG_LOGS_GROUP_ID": "-1002300666538",
deploy	Start SSH Agent and Add Key	  "MAIN_TG_LOG_BOT_TOKEN": "7604730825:AAE1WJHs5lFI2zX_tba6M-1HYfffA8ugFmA",
deploy	Start SSH Agent and Add Key	  "MAIN_TG_NOTIFICATION_CHANELL": "-100***32083***",
deploy	Start SSH Agent and Add Key	  "MAIN_TG_SYSTEM_TOPIC": "16",
deploy	Start SSH Agent and Add Key	  "MAIN_TG_TICKETS_TOPIC": "4",
deploy	Start SSH Agent and Add Key	  "MAIN_TON_CENTER_ENDPOINT": "https://toncenter.com/api/v2/jsonRPC",
deploy	Start SSH Agent and Add Key	  "MAIN_TON_SOCIETY_BASE_URL": "https://id.ton.org/v1",
deploy	Start SSH Agent and Add Key	  "MAIN_TWITTER_CLIENT_ID": "SU1RUS0xaHNsRk5kd014UlZieDQ6MTpjaQ",
deploy	Start SSH Agent and Add Key	  "MAIN_USE_CLOUDFLARE": "true",
deploy	Start SSH Agent and Add Key	  "MAIN_USE_MAIN_IP_TO_EXPOSE": "true",
deploy	Start SSH Agent and Add Key	  "NEXT_PUBLIC_BOT_USERNAME": "notnonstagebot",
deploy	Start SSH Agent and Add Key	  "SANDBOX_ACME_AGREE": "true",
deploy	Start SSH Agent and Add Key	  "SANDBOX_BRANCH_NAME": "sandbox",
deploy	Start SSH Agent and Add Key	  "SANDBOX_CACHE_ENABLED": "true",
deploy	Start SSH Agent and Add Key	  "SANDBOX_CLAMAV_PORT": "***10",
deploy	Start SSH Agent and Add Key	  "SANDBOX_CLIENT_API_FIXED_ORGANIZER": "@Ontonadmin",
deploy	Start SSH Agent and Add Key	  "SANDBOX_CLIENT_API_FIXED_USER": "@Ontonadmin",
deploy	Start SSH Agent and Add Key	  "SANDBOX_CLIENT_WEB_DOMAIN": "sandbox-client-web.toncloud.observer",
deploy	Start SSH Agent and Add Key	  "SANDBOX_COMPOSE_PROJECT_NAME": "sanbox-***",
deploy	Start SSH Agent and Add Key	  "SANDBOX_IP_CADDY": "caddy",
deploy	Start SSH Agent and Add Key	  "SANDBOX_IP_CLAMAV": "host.docker.internal",
deploy	Start SSH Agent and Add Key	  "SANDBOX_IP_KIBANA": "kibana",
deploy	Start SSH Agent and Add Key	  "SANDBOX_IP_METABASE": "metabase",
deploy	Start SSH Agent and Add Key	  "SANDBOX_IP_PGADMIN": "pgadmin",
deploy	Start SSH Agent and Add Key	  "SANDBOX_IP_POA_WORKER": "mini-app-poa-worker",
deploy	Start SSH Agent and Add Key	  "SANDBOX_IP_POSTGRES": "postgres",
deploy	Start SSH Agent and Add Key	  "SANDBOX_IP_SOCKET": "mini-app-notification-socket",
deploy	Start SSH Agent and Add Key	  "SANDBOX_IP_TELEGRAM_BOT": "telegram-bot",
deploy	Start SSH Agent and Add Key	  "SANDBOX_IP_WEBSITE": "website",
deploy	Start SSH Agent and Add Key	  "SANDBOX_JWT_SECRET_SOCKET": "D3v@OnTonw3tds112ewq%KD___%1006-7-8-9-0OkMjKlll%909R9OOsf",
deploy	Start SSH Agent and Add Key	  "SANDBOX_KIBANA_HASHED_PASSWORD": "$2a$14$6P83mnKs9BxP2qZDaMU.2OzBHY3SG0nnaVXJ8nKluEWEWD5RMmN/W",
deploy	Start SSH Agent and Add Key	  "SANDBOX_KIBANA_PORT": "6023",
deploy	Start SSH Agent and Add Key	  "SANDBOX_KIBANA_USERNAME": "monitor",
deploy	Start SSH Agent and Add Key	  "SANDBOX_LOCAL_DOMAIN": "sandbox-app.toncloud.observer",
deploy	Start SSH Agent and Add Key	  "SANDBOX_MB_REDIRECT_ALL_REQUESTS_TO_HTTPS": "true",
deploy	Start SSH Agent and Add Key	  "SANDBOX_METABASE_DOMAIN": "sandbox-metabase.toncloud.observer",
deploy	Start SSH Agent and Add Key	  "SANDBOX_MINIO_COLLECTION_BUCKET": "***collection",
deploy	Start SSH Agent and Add Key	  "SANDBOX_MINIO_DASHBOARD_PORT": "6014",
deploy	Start SSH Agent and Add Key	  "SANDBOX_MINIO_DOC_BUCKET": "***doc",
deploy	Start SSH Agent and Add Key	  "SANDBOX_MINIO_DOC_DEFAULT_BUCKET": "***",
deploy	Start SSH Agent and Add Key	  "SANDBOX_MINIO_ENDPOINT": "minio",
deploy	Start SSH Agent and Add Key	  "SANDBOX_MINIO_IMAGE_BUCKET": "***image",
deploy	Start SSH Agent and Add Key	  "SANDBOX_MINIO_ITEM_BUCKET": "***item",
deploy	Start SSH Agent and Add Key	  "SANDBOX_MINIO_PORT": "6012",
deploy	Start SSH Agent and Add Key	  "SANDBOX_MINIO_PUBLIC_URL": "https://sandbox-storage.toncloud.observer",
deploy	Start SSH Agent and Add Key	  "SANDBOX_MINIO_REGION_NAME": "default",
deploy	Start SSH Agent and Add Key	  "SANDBOX_MINIO_SBT_COLLECTIONS_BUCKET": "sbt-collections",
deploy	Start SSH Agent and Add Key	  "SANDBOX_MINIO_STORAGE_ADMIN_DOMAIN": "sandbox-storage-admin.toncloud.observer",
deploy	Start SSH Agent and Add Key	  "SANDBOX_MINIO_STORAGE_DOMAIN": "sandbox-storage.toncloud.observer",
deploy	Start SSH Agent and Add Key	  "SANDBOX_MINIO_VIDEO_BUCKET": "***video",
deploy	Start SSH Agent and Add Key	  "SANDBOX_MINI_APP_DOMAIN": "sandbox-app.toncloud.observer",
deploy	Start SSH Agent and Add Key	  "SANDBOX_MINI_APP_PORT": "6000",
deploy	Start SSH Agent and Add Key	  "SANDBOX_MINI_APP_SOCKET_DOMAIN": "sandbox-socket.toncloud.observer",
deploy	Start SSH Agent and Add Key	  "SANDBOX_MONITORING_DOMAIN": "sandbox-monitoring.toncloud.observer",
deploy	Start SSH Agent and Add Key	  "SANDBOX_NETWORK_NAME": "***-sandbox",
deploy	Start SSH Agent and Add Key	  "SANDBOX_NETWORK_PUBLIC_IP": "***",
deploy	Start SSH Agent and Add Key	  "SANDBOX_NEXT_PUBLIC_API_BASE_URL": "https://sandbox-app.toncloud.observer/api/v1",
deploy	Start SSH Agent and Add Key	  "SANDBOX_NEXT_PUBLIC_APP_BASE_URL": "https://sandbox-app.toncloud.observer",
deploy	Start SSH Agent and Add Key	  "SANDBOX_NEXT_PUBLIC_BACKEND_URL_CLIENT": "https://sandbox-app.toncloud.observer/api/client/v1/",
deploy	Start SSH Agent and Add Key	  "SANDBOX_NEXT_PUBLIC_BOT_USERNAME": "sandbox_ont0n_bot",
deploy	Start SSH Agent and Add Key	  "SANDBOX_NEXT_PUBLIC_GTM": "GTM-sandbox",
deploy	Start SSH Agent and Add Key	  "SANDBOX_NEXT_PUBLIC_SOCKET_URL": "sandbox-socket.toncloud.observer",
deploy	Start SSH Agent and Add Key	  "SANDBOX_NFT_INTERVAL_TIME": "60000",
deploy	Start SSH Agent and Add Key	  "SANDBOX_NFT_MANAGER_PORT": "6004",
deploy	Start SSH Agent and Add Key	  "SANDBOX_NODE_ENV": "production",
deploy	Start SSH Agent and Add Key	  "SANDBOX_NODE_TLS_REJECT_UNAUTHORIZED": "0",
deploy	Start SSH Agent and Add Key	  "SANDBOX_ONTON_DOMAIN": "sandbox.toncloud.observer",
deploy	Start SSH Agent and Add Key	  "SANDBOX_PARTICIPANT_TMA_PORT": "6001",
deploy	Start SSH Agent and Add Key	  "SANDBOX_PGADMIN_DOMAIN": "sandbox-pgadmin.toncloud.observer",
deploy	Start SSH Agent and Add Key	  "SANDBOX_PORT_CLIENT_WEB": "6007",
deploy	Start SSH Agent and Add Key	  "SANDBOX_PORT_METABASE": "6009",
deploy	Start SSH Agent and Add Key	  "SANDBOX_PORT_PGADMIN": "6006",
deploy	Start SSH Agent and Add Key	  "SANDBOX_PORT_WEB_SITE": "6005",
deploy	Start SSH Agent and Add Key	  "SANDBOX_POSTGRES_METABASE_DB": "sandbox-mini-app",
deploy	Start SSH Agent and Add Key	  "SANDBOX_POSTGRES_MINI_APP_DB": "sandbox-mini-app",
deploy	Start SSH Agent and Add Key	  "SANDBOX_POSTGRES_NFT_MANAGER_DB": "sandbox-nft-manager",
deploy	Start SSH Agent and Add Key	  "SANDBOX_POSTGRES_PORT": "6008",
deploy	Start SSH Agent and Add Key	  "SANDBOX_PTMA_API_BASE_URL": "https://sandbox-app.toncloud.observer/api/v1",
deploy	Start SSH Agent and Add Key	  "SANDBOX_RABBITMQ_DOMAIN": "sandbox-rabbitmq.toncloud.observer",
deploy	Start SSH Agent and Add Key	  "SANDBOX_RABBITMQ_MANAGEMENT_PORT": "6015",
deploy	Start SSH Agent and Add Key	  "SANDBOX_RABBITMQ_NODE_PORT": "6016",
deploy	Start SSH Agent and Add Key	  "SANDBOX_REDIS_DATABASES": "1",
deploy	Start SSH Agent and Add Key	  "SANDBOX_REDIS_PORT": "6011",
deploy	Start SSH Agent and Add Key	  "SANDBOX_REGISTRY_URL": "registry.toncloud.observer",
deploy	Start SSH Agent and Add Key	  "SANDBOX_SOCKET_PORT": "60***",
deploy	Start SSH Agent and Add Key	  "SANDBOX_STAGE_NAME": "sandbox-***",
deploy	Start SSH Agent and Add Key	  "SANDBOX_SYS_CADDY_REPLICAS": "1",
deploy	Start SSH Agent and Add Key	  "SANDBOX_SYS_MINI_APP_REPLICAS": "2",
deploy	Start SSH Agent and Add Key	  "SANDBOX_SYS_PARTICIPANT_TMA_REPLICAS": "2",
deploy	Start SSH Agent and Add Key	  "SANDBOX_SYS_WEB_SITE_REPLICAS": "1",
deploy	Start SSH Agent and Add Key	  "SANDBOX_TELEGRAM_BOT_PORT": "6002",
deploy	Start SSH Agent and Add Key	  "SANDBOX_TG_NOTIFICATION_CHANELL": "-1002164161685",
deploy	Start SSH Agent and Add Key	  "SANDBOX_TON_CENTER_ENDPOINT": "https://toncenter.com/api/v2/jsonRPC",
deploy	Start SSH Agent and Add Key	  "SANDBOX_TON_SOCIETY_BASE_URL": "https://society.ton.org/v1",
deploy	Start SSH Agent and Add Key	  "SANDBOX_USE_CLOUDFLARE": "true",
deploy	Start SSH Agent and Add Key	  "SANDBOX_USE_MAIN_IP_TO_EXPOSE": "true",
deploy	Start SSH Agent and Add Key	  "STAGING_ACME_AGREE": "true",
deploy	Start SSH Agent and Add Key	  "STAGING_BRANCH_NAME": "staging",
deploy	Start SSH Agent and Add Key	  "STAGING_CACHE_ENABLED": "true",
deploy	Start SSH Agent and Add Key	  "STAGING_CLAMAV_PORT": "***10",
deploy	Start SSH Agent and Add Key	  "STAGING_CLIENT_API_FIXED_ORGANIZER": "@Ontonadmin",
deploy	Start SSH Agent and Add Key	  "STAGING_CLIENT_API_FIXED_USER": "@Ontonadmin",
deploy	Start SSH Agent and Add Key	  "STAGING_CLIENT_WEB_DOMAIN": "staging-client-web.toncloud.observer",
deploy	Start SSH Agent and Add Key	  "STAGING_COMPOSE_PROJECT_NAME": "staging-***",
deploy	Start SSH Agent and Add Key	  "STAGING_ENV": "staging",
deploy	Start SSH Agent and Add Key	  "STAGING_EVENT_WALLET_ENC_KEY": "Ci5M6/B4Wke4qX6tXViVeW0xM0iH0yh/qvD3Y1xu2v8",
deploy	Start SSH Agent and Add Key	  "STAGING_GITHUB_CLIENT_ID": "Ov23liQFN1rMeZicYHnL",
deploy	Start SSH Agent and Add Key	  "STAGING_GITHUB_REPO": "***bot",
deploy	Start SSH Agent and Add Key	  "STAGING_GOLANG_SERVER_PORT": "4013",
deploy	Start SSH Agent and Add Key	  "STAGING_GOOGLE_CLIENT_ID": "174044865725-8urfv981fca74aj3bq2kqik7fbe2rggg.apps.googleusercontent.com",
deploy	Start SSH Agent and Add Key	  "STAGING_IP_CADDY": "caddy",
deploy	Start SSH Agent and Add Key	  "STAGING_IP_CLAMAV": "host.docker.internal",
deploy	Start SSH Agent and Add Key	  "STAGING_IP_CLIENT_WEB": "client-web",
deploy	Start SSH Agent and Add Key	  "STAGING_IP_GIVEAWAY_CHECKER": "giveaway-checker",
deploy	Start SSH Agent and Add Key	  "STAGING_IP_GOLANG_SERVER": "golang-server",
deploy	Start SSH Agent and Add Key	  "STAGING_IP_GOLANG_WORKER": "golang-worker",
deploy	Start SSH Agent and Add Key	  "STAGING_IP_KIBANA": "kibana",
deploy	Start SSH Agent and Add Key	  "STAGING_IP_METABASE": "metabase",
deploy	Start SSH Agent and Add Key	  "STAGING_IP_MINIO": "minio",
deploy	Start SSH Agent and Add Key	  "STAGING_IP_MINI_APP": "mini-app",
deploy	Start SSH Agent and Add Key	  "STAGING_IP_MINI_APP_CRON": "mini-app-sbt-worker",
deploy	Start SSH Agent and Add Key	  "STAGING_IP_NFT_MANAGER": "nft-manager",
deploy	Start SSH Agent and Add Key	  "STAGING_IP_PARTICIPANT_TMA": "participant-tma",
deploy	Start SSH Agent and Add Key	  "STAGING_IP_PGADMIN": "pgadmin",
deploy	Start SSH Agent and Add Key	  "STAGING_IP_POA_WORKER": "mini-app-poa-worker",
deploy	Start SSH Agent and Add Key	  "STAGING_IP_POSTGRES": "postgres",
deploy	Start SSH Agent and Add Key	  "STAGING_IP_RABBITMQ": "rabbitmq",
deploy	Start SSH Agent and Add Key	  "STAGING_IP_RANGE_BASE": "host.docker.internal",
deploy	Start SSH Agent and Add Key	  "STAGING_IP_RANGE_START": "172.11",
deploy	Start SSH Agent and Add Key	  "STAGING_IP_RANGE_SUBNET": "24",
deploy	Start SSH Agent and Add Key	  "STAGING_IP_REDIS": "redis",
deploy	Start SSH Agent and Add Key	  "STAGING_IP_SOCKET": "IP_SOCKET=mini-app-notification-socket",
deploy	Start SSH Agent and Add Key	  "STAGING_IP_SWAGGER_UI": "swagger-ui",
deploy	Start SSH Agent and Add Key	  "STAGING_IP_TELEGRAM_BOT": "telegram-bot",
deploy	Start SSH Agent and Add Key	  "STAGING_IP_WEBSITE": "website",
deploy	Start SSH Agent and Add Key	  "STAGING_JWT_SECRET_SOCKET": "JFDmdjeu__@HF_KKSEEWR_ERWER_FGDFG_ET%DG%34534aasd%_Rhueflihfsdlnf",
deploy	Start SSH Agent and Add Key	  "STAGING_KIBANA_HASHED_PASSWORD": "$2a$14$6P83mnKs9BxP2qZDaMU.2OzBHY3SG0nnaVXJ8nKluEWEWD5RMmN/W",
deploy	Start SSH Agent and Add Key	  "STAGING_KIBANA_PORT": "4023",
deploy	Start SSH Agent and Add Key	  "STAGING_KIBANA_USERNAME": "monitor",
deploy	Start SSH Agent and Add Key	  "STAGING_LINKEDIN_CLIENT_ID": "77osbnm9chxr4c",
deploy	Start SSH Agent and Add Key	  "STAGING_LOCAL_DOMAIN": "staging-app.toncloud.observer",
deploy	Start SSH Agent and Add Key	  "STAGING_MB_REDIRECT_ALL_REQUESTS_TO_HTTPS": "true",
deploy	Start SSH Agent and Add Key	  "STAGING_METABASE_DOMAIN": "staging-metabase.toncloud.observer",
deploy	Start SSH Agent and Add Key	  "STAGING_MINIO_COLLECTION_BUCKET": "***collection",
deploy	Start SSH Agent and Add Key	  "STAGING_MINIO_DASHBOARD_PORT": "4014",
deploy	Start SSH Agent and Add Key	  "STAGING_MINIO_DOC_BUCKET": "***doc",
deploy	Start SSH Agent and Add Key	  "STAGING_MINIO_DOC_DEFAULT_BUCKET": "***",
deploy	Start SSH Agent and Add Key	  "STAGING_MINIO_ENDPOINT": "minio",
deploy	Start SSH Agent and Add Key	  "STAGING_MINIO_IMAGE_BUCKET": "***image",
deploy	Start SSH Agent and Add Key	  "STAGING_MINIO_ITEM_BUCKET": "***item",
deploy	Start SSH Agent and Add Key	  "STAGING_MINIO_PORT": "4012",
deploy	Start SSH Agent and Add Key	  "STAGING_MINIO_PUBLIC_URL": "https://staging-storage.toncloud.observer",
deploy	Start SSH Agent and Add Key	  "STAGING_MINIO_REGION_NAME": "default",
deploy	Start SSH Agent and Add Key	  "STAGING_MINIO_SBT_COLLECTIONS_BUCKET": "sbt-collections",
deploy	Start SSH Agent and Add Key	  "STAGING_MINIO_STORAGE_ADMIN_DOMAIN": "staging-storage-admin.toncloud.observer",
deploy	Start SSH Agent and Add Key	  "STAGING_MINIO_STORAGE_DOMAIN": "staging-storage.toncloud.observer",
deploy	Start SSH Agent and Add Key	  "STAGING_MINIO_VIDEO_BUCKET": "***video",
deploy	Start SSH Agent and Add Key	  "STAGING_MINI_APP_DOMAIN": "staging-app.toncloud.observer",
deploy	Start SSH Agent and Add Key	  "STAGING_MINI_APP_PORT": "4000",
deploy	Start SSH Agent and Add Key	  "STAGING_MINI_APP_SOCKET_DOMAIN": "staging-socket.toncloud.observer",
deploy	Start SSH Agent and Add Key	  "STAGING_MONITORING_DOMAIN": "staging-monitoring.toncloud.observer",
deploy	Start SSH Agent and Add Key	  "STAGING_MS_CLIENT_ID": "916e0c9f-17bc-45c2-9cbc-025c48a0d449",
deploy	Start SSH Agent and Add Key	  "STAGING_NETWORK_NAME": "***-staging",
deploy	Start SSH Agent and Add Key	  "STAGING_NETWORK_PUBLIC_IP": "***",
deploy	Start SSH Agent and Add Key	  "STAGING_NEXT_PUBLIC_API_BASE_URL": "https://staging-app.toncloud.observer/api/v1",
deploy	Start SSH Agent and Add Key	  "STAGING_NEXT_PUBLIC_APP_BASE_URL": "https://staging-app.toncloud.observer",
deploy	Start SSH Agent and Add Key	  "STAGING_NEXT_PUBLIC_BACKEND_URL_CLIENT": "https://staging-app.toncloud.observer/api/client/v1/",
deploy	Start SSH Agent and Add Key	  "STAGING_NEXT_PUBLIC_BOT_USERNAME": "notnonstagebot",
deploy	Start SSH Agent and Add Key	  "STAGING_NEXT_PUBLIC_ENV": "staging",
deploy	Start SSH Agent and Add Key	  "STAGING_NEXT_PUBLIC_GTM": "GTM-staging",
deploy	Start SSH Agent and Add Key	  "STAGING_NEXT_PUBLIC_SOCKET_URL": "staging-socket.toncloud.observer",
deploy	Start SSH Agent and Add Key	  "STAGING_NEXT_PUBLIC_TRPC_BASE_URL": "https://staging-app.toncloud.observer",
deploy	Start SSH Agent and Add Key	  "STAGING_NFT_INTERVAL_TIME": "60000",
deploy	Start SSH Agent and Add Key	  "STAGING_NFT_MANAGER_PORT": "4004",
deploy	Start SSH Agent and Add Key	  "STAGING_NODE_ENV": "production",
deploy	Start SSH Agent and Add Key	  "STAGING_NODE_TLS_REJECT_UNAUTHORIZED": "0",
deploy	Start SSH Agent and Add Key	  "STAGING_ONTON_DOMAIN": "staging.toncloud.observer",
deploy	Start SSH Agent and Add Key	  "STAGING_PARTICIPANT_TMA_PORT": "4001",
deploy	Start SSH Agent and Add Key	  "STAGING_PGADMIN_DOMAIN": "staging-pgadmin.toncloud.observer",
deploy	Start SSH Agent and Add Key	  "STAGING_PORT_CLIENT_WEB": "4007",
deploy	Start SSH Agent and Add Key	  "STAGING_PORT_METABASE": "4009",
deploy	Start SSH Agent and Add Key	  "STAGING_PORT_PGADMIN": "4006",
deploy	Start SSH Agent and Add Key	  "STAGING_PORT_WEB_SITE": "4005",
deploy	Start SSH Agent and Add Key	  "STAGING_POSTGRES_METABASE_DB": "staging-mini-app",
deploy	Start SSH Agent and Add Key	  "STAGING_POSTGRES_MINI_APP_DB": "staging-mini-app",
deploy	Start SSH Agent and Add Key	  "STAGING_POSTGRES_NFT_MANAGER_DB": "staging-nft-manager",
deploy	Start SSH Agent and Add Key	  "STAGING_POSTGRES_PORT": "4008",
deploy	Start SSH Agent and Add Key	  "STAGING_PTMA_API_BASE_URL": "https://staging-app.toncloud.observer/api/v1",
deploy	Start SSH Agent and Add Key	  "STAGING_RABBITMQ_DOMAIN": "staging-rabbitmq.toncloud.observer",
deploy	Start SSH Agent and Add Key	  "STAGING_RABBITMQ_MANAGEMENT_PORT": "4015",
deploy	Start SSH Agent and Add Key	  "STAGING_RABBITMQ_NODE_PORT": "4016",
deploy	Start SSH Agent and Add Key	  "STAGING_REDIS_DATABASES": "1",
deploy	Start SSH Agent and Add Key	  "STAGING_REDIS_PORT": "4011",
deploy	Start SSH Agent and Add Key	  "STAGING_REGISTRY_URL": "registry.toncloud.observer",
deploy	Start SSH Agent and Add Key	  "STAGING_SOCKET_PORT": "40***",
deploy	Start SSH Agent and Add Key	  "STAGING_STAGE_NAME": "staging-***",
deploy	Start SSH Agent and Add Key	  "STAGING_SWAGGER_UI_DOMAIN": "staging-swagger-ui.toncloud.observer",
deploy	Start SSH Agent and Add Key	  "STAGING_SWAGGER_UI_PORT": "4024",
deploy	Start SSH Agent and Add Key	  "STAGING_SYS_CADDY_REPLICAS": "1",
deploy	Start SSH Agent and Add Key	  "STAGING_SYS_MINI_APP_REPLICAS": "2",
deploy	Start SSH Agent and Add Key	  "STAGING_SYS_PARTICIPANT_TMA_REPLICAS": "2",
deploy	Start SSH Agent and Add Key	  "STAGING_SYS_WEB_SITE_REPLICAS": "1",
deploy	Start SSH Agent and Add Key	  "STAGING_TELEGRAM_BOT_PORT": "4002",
deploy	Start SSH Agent and Add Key	  "STAGING_TG_EVENTS_TOPIC": "2",
deploy	Start SSH Agent and Add Key	  "STAGING_TG_LOGS_GROUP_ID": "-100***64975789",
deploy	Start SSH Agent and Add Key	  "STAGING_TG_LOG_BOT_TOKEN": "7604730825:AAE1WJHs5lFI2zX_tba6M-1HYfffA8ugFmA",
deploy	Start SSH Agent and Add Key	  "STAGING_TG_NOTIFICATION_CHANELL": "-1002164161685",
deploy	Start SSH Agent and Add Key	  "STAGING_TG_SYSTEM_TOPIC": "16",
deploy	Start SSH Agent and Add Key	  "STAGING_TG_TICKETS_TOPIC": "4",
deploy	Start SSH Agent and Add Key	  "STAGING_TON_CENTER_ENDPOINT": "https://toncenter.com/api/v2/jsonRPC",
deploy	Start SSH Agent and Add Key	  "STAGING_TON_SOCIETY_BASE_URL": "https://id.ton.org/v1",
deploy	Start SSH Agent and Add Key	  "STAGING_TWITTER_CLIENT_ID": "SU1RUS0xaHNsRk5kd014UlZieDQ6MTpjaQ",
deploy	Start SSH Agent and Add Key	  "STAGING_USE_CLOUDFLARE": "true",
deploy	Start SSH Agent and Add Key	  "STAGING_USE_MAIN_IP_TO_EXPOSE": "true",
deploy	Start SSH Agent and Add Key	  "TELEGRAM_BOT_TOKEN_FOR_DEPLOYMENT": "7604730825:AAHhtwa4bGhELsBn2VqUxIIFXVJkRJfKuDs",
deploy	Start SSH Agent and Add Key	  "TELEGRAM_CHAT_ID_FOR_DEPLOYMENT": "***"
deploy	Start SSH Agent and Add Key	}
deploy	Start SSH Agent and Add Key	2026-02-09T12:10:27.0613119Z ##[endgroup]
deploy	Start SSH Agent and Add Key	2026-02-09T12:10:27.1042058Z Starting ssh-agent
deploy	Start SSH Agent and Add Key	2026-02-09T12:10:27.1322006Z SSH_AUTH_SOCK=/tmp/ssh-IlznzUjWu38A/agent.2102
deploy	Start SSH Agent and Add Key	2026-02-09T12:10:27.1323717Z SSH_AGENT_PID=2103
deploy	Start SSH Agent and Add Key	2026-02-09T12:10:27.1324760Z Adding private key(s) to agent
deploy	Start SSH Agent and Add Key	2026-02-09T12:10:27.1767908Z Identity added: (stdin) (root@AGNode)
deploy	Start SSH Agent and Add Key	2026-02-09T12:10:27.1769708Z Key(s) added:
deploy	Start SSH Agent and Add Key	2026-02-09T12:10:27.1807050Z 256 SHA256:3yR4jLU+ekWdGf4K2gM9T7hRV1p6nPG2bMWzN0++aKM root@AGNode (ED25519)
deploy	Start SSH Agent and Add Key	2026-02-09T12:10:27.1811954Z Configuring deployment key(s)
deploy	Start SSH Agent and Add Key	2026-02-09T12:10:27.1858237Z Comment for (public) key 'ssh-ed25519 AAAAC3NzaC1lZDI1NTE5AAAAIAqXHk2K77kq035CkTYa+P00FJWyeSCdROIbfcQOIRLY root@AGNode' does not match GitHub URL pattern. Not treating it as a GitHub deploy key.
deploy	Checkout Code	﻿2026-02-09T12:10:27.2162140Z ##[group]Run actions/checkout@v4
deploy	Checkout Code	2026-02-09T12:10:27.2163242Z with:
deploy	Checkout Code	2026-02-09T12:10:27.2164141Z   fetch-depth: 0
deploy	Checkout Code	2026-02-09T12:10:27.2165555Z   repository: ExecutESG/***
deploy	Checkout Code	2026-02-09T12:10:27.2166786Z   token: ***
deploy	Checkout Code	2026-02-09T12:10:27.2192877Z   ssh-strict: true
deploy	Checkout Code	2026-02-09T12:10:27.2194195Z   ssh-user: git
deploy	Checkout Code	2026-02-09T12:10:27.2195552Z   persist-credentials: true
deploy	Checkout Code	2026-02-09T12:10:27.2196706Z   clean: true
deploy	Checkout Code	2026-02-09T12:10:27.2197837Z   sparse-checkout-cone-mode: true
deploy	Checkout Code	2026-02-09T12:10:27.2199010Z   fetch-tags: ***
deploy	Checkout Code	2026-02-09T12:10:27.2200028Z   show-progress: true
deploy	Checkout Code	2026-02-09T12:10:27.2201037Z   lfs: ***
deploy	Checkout Code	2026-02-09T12:10:27.2202144Z   submodules: ***
deploy	Checkout Code	2026-02-09T12:10:27.2203155Z   set-safe-directory: true
deploy	Checkout Code	2026-02-09T12:10:27.2204166Z env:
deploy	Checkout Code	2026-02-09T12:10:27.2255691Z   ALLMYSECRETS: {
deploy	Checkout Code	  "DEV_MNEMONIC": "***",
deploy	Checkout Code	  "MAIN_PGADMIN_DEFAULT_PASSWORD": "***",
deploy	Checkout Code	  "DOCKER_HUB_TOKEN": "***",
deploy	Checkout Code	  "STAGING_ONTON_API_KEY": "***",
deploy	Checkout Code	  "STAGING_CLOUDFLARE_API_TOKEN": "***",
deploy	Checkout Code	  "DEV_TON_CENTER_TOKEN": "***",
deploy	Checkout Code	  "STAGING_ONTON_API_SECRET": "***",
deploy	Checkout Code	  "STAGING_GITHUB_CLIENT_SECRET": "***",
deploy	Checkout Code	  "SSH_MAIN_IP": "***",
deploy	Checkout Code	  "MAIN_TWITTER_CLIENT_SECRET": "***",
deploy	Checkout Code	  "STAGING_MINIO_ROOT_PASSWORD": "***",
deploy	Checkout Code	  "MAIN_GITHUB_CLIENT_SECRET": "***",
deploy	Checkout Code	  "STAGING_RABBITMQ_DEFAULT_PASS": "***",
deploy	Checkout Code	  "SSH_DEV_IP": "***",
deploy	Checkout Code	  "DEV_POSTGRES_PASSWORD": "***",
deploy	Checkout Code	  "SSH_PASSPHRASE": "***",
deploy	Checkout Code	  "STAGING_CLIENT_API_FIXED_KEY": "***",
deploy	Checkout Code	  "MAIN_TON_CENTER_TOKEN": "***",
deploy	Checkout Code	  "DOCKER_HUB_USERNAME": "***",
deploy	Checkout Code	  "GIT_API_KEY": "***",
deploy	Checkout Code	  "MAIN_CLOUDFLARE_EMAIL": "***",
deploy	Checkout Code	  "MAIN_DATABASE_URL": "***",
deploy	Checkout Code	  "MAIN_CLOUDFLARE_EMAIL_MAIN": "***",
deploy	Checkout Code	  "STAGING_PGADMIN_DEFAULT_EMAIL": "***",
deploy	Checkout Code	  "STAGING_SECRET_EVENT_WALLET_ENC_KEY": "***",
deploy	Checkout Code	  "STAGING_PGADMIN_DEFAULT_PASSWORD": "***",
deploy	Checkout Code	  "CR_PAT": "***",
deploy	Checkout Code	  "MAIN_CLOUDFLARE_API_TOKEN_MAIN": "***",
deploy	Checkout Code	  "MAIN_POSTGRES_USER": "***",
deploy	Checkout Code	  "DEV_BOT_TOKEN": "***",
deploy	Checkout Code	  "STAGING_REDIS_PASSWORD": "***",
deploy	Checkout Code	  "TELEGRAM_CHAT_ID_FOR_DEPLOYMENT": "***",
deploy	Checkout Code	  "STAGING_TONAPI_API_KEY": "***",
deploy	Checkout Code	  "STAGING_CLOUDFLARE_API_TOKEN_MAIN": "***",
deploy	Checkout Code	  "MAIN_BOT_TOKEN": "***",
deploy	Checkout Code	  "MAIN_SENTRY_AUTH_TOKEN": "***",
deploy	Checkout Code	  "github_token": "***",
deploy	Checkout Code	  "STAGING_DATABASE_URL_NFT_MANAGER": "***",
deploy	Checkout Code	  "DEV_CLOUDFLARE_API_TOKEN": "***",
deploy	Checkout Code	  "STAGING_TON_SOCIETY_API_KEY": "***",
deploy	Checkout Code	  "STAGING_POSTGRES_PASSWORD": "***",
deploy	Checkout Code	  "MAIN_RABBITMQ_DEFAULT_USER": "***",
deploy	Checkout Code	  "MAIN_CLOUDFLARE_API_TOKEN": "***",
deploy	Checkout Code	  "MAIN_CLOUDFLARE_DNS_ZONE_ID": "***",
deploy	Checkout Code	  "MAIN_REDIS_PASSWORD": "***",
deploy	Checkout Code	  "STAGING_MINIO_ROOT_USER": "***",
deploy	Checkout Code	  "MAIN_TON_SOCIETY_API_KEY": "***",
deploy	Checkout Code	  "STAGING_CLOUDFLARE_DNS_ZONE_ID": "***",
deploy	Checkout Code	  "DEV_CLIENT_API_JWT_SECRET": "***",
deploy	Checkout Code	  "STAGING_BOT_TOKEN": "***",
deploy	Checkout Code	  "MAIN_MB_ENCRYPTION_SECRET_KEY": "***",
deploy	Checkout Code	  "USE_CLOUDFLARE": "***",
deploy	Checkout Code	  "MAIN_TONAPI_API_KEY": "***",
deploy	Checkout Code	  "SSH_PRIVATE_KEY": "***",
deploy	Checkout Code	  "MAIN_LINKEDIN_CLIENT_SECRET": "***",
deploy	Checkout Code	  "STAGING_MS_CLIENT_SECRET": "***",
deploy	Checkout Code	  "SSH_DEV_KEY": "***",
deploy	Checkout Code	  "STAGING_TWITTER_CLIENT_SECRET": "***",
deploy	Checkout Code	  "STAGING_CLIENT_API_JWT_SECRET": "***",
deploy	Checkout Code	  "MAIN_DATABASE_URL_NFT_MANAGER": "***",
deploy	Checkout Code	  "DEV_ONTON_API_SECRET": "***",
deploy	Checkout Code	  "MAIN_GOOGLE_CLIENT_SECRET": "***",
deploy	Checkout Code	  "MAIN_MS_CLIENT_SECRET": "***",
deploy	Checkout Code	  "STAGING_DATABASE_URL": "***",
deploy	Checkout Code	  "STAGING_TON_CENTER_TOKEN": "***",
deploy	Checkout Code	  "DEV_TON_SOCIETY_API_KEY": "***",
deploy	Checkout Code	  "MAIN_EVENT_WALLET_ENC_KEY": "***",
deploy	Checkout Code	  "STAGING_POSTGRES_USER": "***",
deploy	Checkout Code	  "MAIN_PGADMIN_DEFAULT_EMAIL": "***",
deploy	Checkout Code	  "SSH_MAIN_PORT": "***",
deploy	Checkout Code	  "MAIN_MNEMONIC": "***",
deploy	Checkout Code	  "MAIN_POSTGRES_PASSWORD": "***",
deploy	Checkout Code	  "DEV_TONAPI_API_KEY": "***",
deploy	Checkout Code	  "STAGING_GOOGLE_CLIENT_SECRET": "***",
deploy	Checkout Code	  "DEV_MB_ENCRYPTION_SECRET_KEY": "***",
deploy	Checkout Code	  "STAGING_SENTRY_AUTH_TOKEN": "***",
deploy	Checkout Code	  "DEV_DATABASE_URL": "***",
deploy	Checkout Code	  "DEV_MINIO_ROOT_PASSWORD": "***",
deploy	Checkout Code	  "MAIN_RABBITMQ_DEFAULT_PASS": "***",
deploy	Checkout Code	  "TELEGRAM_BOT_TOKEN_FOR_DEPLOYMENT": "***",
deploy	Checkout Code	  "MAIN_ONTON_API_SECRET": "***",
deploy	Checkout Code	  "MAIN_CLIENT_API_FIXED_KEY": "***",
deploy	Checkout Code	  "SSH_DEV_PORT": "***",
deploy	Checkout Code	  "DEV_ONTON_API_KEY": "***",
deploy	Checkout Code	  "DEV_MINIO_ROOT_USER": "***",
deploy	Checkout Code	  "STAGING_MNEMONIC": "***",
deploy	Checkout Code	  "MAIN_MINIO_ROOT_USER": "***",
deploy	Checkout Code	  "DEV_PGADMIN_DEFAULT_PASSWORD": "***",
deploy	Checkout Code	  "DEV_CLIENT_API_FIXED_KEY": "***",
deploy	Checkout Code	  "STAGING_CLOUDFLARE_EMAIL": "***",
deploy	Checkout Code	  "STAGING_MB_ENCRYPTION_SECRET_KEY": "***",
deploy	Checkout Code	  "MAIN_MINIO_ROOT_PASSWORD": "***",
deploy	Checkout Code	  "MAIN_ONTON_API_KEY": "***",
deploy	Checkout Code	  "STAGING_RABBITMQ_DEFAULT_USER": "***",
deploy	Checkout Code	  "MAIN_CLIENT_API_JWT_SECRET": "***",
deploy	Checkout Code	  "STAGING_LINKEDIN_CLIENT_SECRET": "***",
deploy	Checkout Code	  "DEV_RABBITMQ_DEFAULT_PASS": "***"
deploy	Checkout Code	}
deploy	Checkout Code	2026-02-09T12:10:27.2390601Z   ALLMYVARS: {
deploy	Checkout Code	  "DEV_ACME_AGREE": "true",
deploy	Checkout Code	  "DEV_BRANCH_NAME": "dev",
deploy	Checkout Code	  "DEV_CACHE_ENABLED": "true",
deploy	Checkout Code	  "DEV_CLAMAV_PORT": "***10",
deploy	Checkout Code	  "DEV_CLIENT_API_FIXED_ORGANIZER": "@Ontonadmin",
deploy	Checkout Code	  "DEV_CLIENT_API_FIXED_USER": "@Ontonadmin",
deploy	Checkout Code	  "DEV_CLIENT_WEB_DOMAIN": "dev-client-web.dev.***.live",
deploy	Checkout Code	  "DEV_COMPOSE_PROJECT_NAME": "develop-***",
deploy	Checkout Code	  "DEV_ENV": "development",
deploy	Checkout Code	  "DEV_EVENT_WALLET_ENC_KEY": "Ci5M6/B4Wke4qX6tXViVeW0xM0iH0yh/qvD3Y1xu2v8",
deploy	Checkout Code	  "DEV_GOLANG_SERVER_PORT": "3013",
deploy	Checkout Code	  "DEV_IP_CADDY": "caddy",
deploy	Checkout Code	  "DEV_IP_CLAMAV": "host.docker.internal",
deploy	Checkout Code	  "DEV_IP_CLIENT_WEB": "client-web",
deploy	Checkout Code	  "DEV_IP_GIVEAWAY_CHECKER": "giveaway-checker",
deploy	Checkout Code	  "DEV_IP_GOLANG_SERVER": "golang-server",
deploy	Checkout Code	  "DEV_IP_GOLANG_WORKER": "golang-worker",
deploy	Checkout Code	  "DEV_IP_KIBANA": "kibana",
deploy	Checkout Code	  "DEV_IP_METABASE": "metabase",
deploy	Checkout Code	  "DEV_IP_MINIO": "minio",
deploy	Checkout Code	  "DEV_IP_MINI_APP": "mini-app",
deploy	Checkout Code	  "DEV_IP_MINI_APP_CRON": "mini-app-sbt-worker",
deploy	Checkout Code	  "DEV_IP_NFT_MANAGER": "nft-manager",
deploy	Checkout Code	  "DEV_IP_PARTICIPANT_TMA": "participant-tma",
deploy	Checkout Code	  "DEV_IP_PGADMIN": "pgadmin",
deploy	Checkout Code	  "DEV_IP_POA_WORKER": "mini-app-poa-worker",
deploy	Checkout Code	  "DEV_IP_POSTGRES": "postgres",
deploy	Checkout Code	  "DEV_IP_RABBITMQ": "rabbitmq",
deploy	Checkout Code	  "DEV_IP_RANGE_BASE": "host.docker.internal",
deploy	Checkout Code	  "DEV_IP_RANGE_START": "172.10",
deploy	Checkout Code	  "DEV_IP_RANGE_SUBNET": "24",
deploy	Checkout Code	  "DEV_IP_REDIS": "redis",
deploy	Checkout Code	  "DEV_IP_SOCKET": "mini-app-notification-socket",
deploy	Checkout Code	  "DEV_IP_SWAGGER_UI": "swagger-ui",
deploy	Checkout Code	  "DEV_IP_TELEGRAM_BOT": "telegram-bot",
deploy	Checkout Code	  "DEV_IP_WEBSITE": "website",
deploy	Checkout Code	  "DEV_JWT_SECRET_SOCKET": "D3v@OnTonw3tds112ewq%KD___%1006-7-8-9-0OkMjKlll%909R9OOsf",
deploy	Checkout Code	  "DEV_KIBANA_HASHED_PASSWORD": "$2a$14$6P83mnKs9BxP2qZDaMU.2OzBHY3SG0nnaVXJ8nKluEWEWD5RMmN/W",
deploy	Checkout Code	  "DEV_KIBANA_PORT": "3023",
deploy	Checkout Code	  "DEV_KIBANA_USERNAME": "monitor",
deploy	Checkout Code	  "DEV_LOCAL_DOMAIN": "dev-app.dev.***.live",
deploy	Checkout Code	  "DEV_MB_REDIRECT_ALL_REQUESTS_TO_HTTPS": "true",
deploy	Checkout Code	  "DEV_METABASE_DOMAIN": "dev-metabase.dev.***.live",
deploy	Checkout Code	  "DEV_MINIO_COLLECTION_BUCKET": "***collection",
deploy	Checkout Code	  "DEV_MINIO_DASHBOARD_PORT": "3014",
deploy	Checkout Code	  "DEV_MINIO_DOC_BUCKET": "***doc",
deploy	Checkout Code	  "DEV_MINIO_DOC_DEFAULT_BUCKET": "***",
deploy	Checkout Code	  "DEV_MINIO_ENDPOINT": "minio",
deploy	Checkout Code	  "DEV_MINIO_IMAGE_BUCKET": "***image",
deploy	Checkout Code	  "DEV_MINIO_ITEM_BUCKET": "***item",
deploy	Checkout Code	  "DEV_MINIO_PORT": "3012",
deploy	Checkout Code	  "DEV_MINIO_PUBLIC_URL": "https://dev-storage.dev.***.live",
deploy	Checkout Code	  "DEV_MINIO_REGION_NAME": "default",
deploy	Checkout Code	  "DEV_MINIO_SBT_COLLECTIONS_BUCKET": "sbt-collections",
deploy	Checkout Code	  "DEV_MINIO_STORAGE_ADMIN_DOMAIN": "dev-storage-admin.dev.***.live",
deploy	Checkout Code	  "DEV_MINIO_STORAGE_DOMAIN": "dev-storage.dev.***.live",
deploy	Checkout Code	  "DEV_MINIO_VIDEO_BUCKET": "***video",
deploy	Checkout Code	  "DEV_MINI_APP_DOMAIN": "dev-app.dev.***.live",
deploy	Checkout Code	  "DEV_MINI_APP_PORT": "3000",
deploy	Checkout Code	  "DEV_MINI_APP_SOCKET_DOMAIN": "dev-socket.dev.***.live",
deploy	Checkout Code	  "DEV_MONITORING_DOMAIN": "dev-monitoring.dev.***.live",
deploy	Checkout Code	  "DEV_NETWORK_NAME": "***-dev",
deploy	Checkout Code	  "DEV_NETWORK_PUBLIC_IP": "***",
deploy	Checkout Code	  "DEV_NEXT_PUBLIC_API_BASE_URL": "https://dev-app.dev.***.live/api/v1",
deploy	Checkout Code	  "DEV_NEXT_PUBLIC_APP_BASE_URL": "https://dev-app.dev.***.live",
deploy	Checkout Code	  "DEV_NEXT_PUBLIC_BACKEND_URL_CLIENT": "https://dev-app.dev.***.live/api/client/v1/",
deploy	Checkout Code	  "DEV_NEXT_PUBLIC_BOT_USERNAME": "dev_ont0n_bot",
deploy	Checkout Code	  "DEV_NEXT_PUBLIC_ENV": "development",
deploy	Checkout Code	  "DEV_NEXT_PUBLIC_GTM": "GTM-dev",
deploy	Checkout Code	  "DEV_NEXT_PUBLIC_SOCKET_URL": "dev-socket.dev.***.live",
deploy	Checkout Code	  "DEV_NFT_INTERVAL_TIME": "60000",
deploy	Checkout Code	  "DEV_NFT_MANAGER_PORT": "3004",
deploy	Checkout Code	  "DEV_NODE_ENV": "production",
deploy	Checkout Code	  "DEV_NODE_TLS_REJECT_UNAUTHORIZED": "0",
deploy	Checkout Code	  "DEV_ONTON_DOMAIN": "dev.***.live",
deploy	Checkout Code	  "DEV_PARTICIPANT_TMA_PORT": "3001",
deploy	Checkout Code	  "DEV_PGADMIN_DOMAIN": "dev-pgadmin.dev.***.live",
deploy	Checkout Code	  "DEV_PORT_CLIENT_WEB": "3007",
deploy	Checkout Code	  "DEV_PORT_METABASE": "3009",
deploy	Checkout Code	  "DEV_PORT_PGADMIN": "3006",
deploy	Checkout Code	  "DEV_PORT_WEB_SITE": "3005",
deploy	Checkout Code	  "DEV_POSTGRES_METABASE_DB": "dev-mini-app",
deploy	Checkout Code	  "DEV_POSTGRES_MINI_APP_DB": "dev-mini-app",
deploy	Checkout Code	  "DEV_POSTGRES_NFT_MANAGER_DB": "dev-nft-manager",
deploy	Checkout Code	  "DEV_POSTGRES_PORT": "3008",
deploy	Checkout Code	  "DEV_PTMA_API_BASE_URL": "https://dev-app.dev.***.live/api/v1",
deploy	Checkout Code	  "DEV_RABBITMQ_DOMAIN": "dev-rabbitmq.dev.***.live",
deploy	Checkout Code	  "DEV_RABBITMQ_MANAGEMENT_PORT": "3015",
deploy	Checkout Code	  "DEV_RABBITMQ_NODE_PORT": "3016",
deploy	Checkout Code	  "DEV_REDIS_DATABASES": "1",
deploy	Checkout Code	  "DEV_REDIS_PORT": "3011",
deploy	Checkout Code	  "DEV_REGISTRY_URL": "ghcr.io",
deploy	Checkout Code	  "DEV_SOCKET_PORT": "30***",
deploy	Checkout Code	  "DEV_STAGE_NAME": "dev-***",
deploy	Checkout Code	  "DEV_SWAGGER_UI_DOMAIN": "dev-swagger-ui.dev.***.live",
deploy	Checkout Code	  "DEV_SWAGGER_UI_PORT": "3024",
deploy	Checkout Code	  "DEV_SYS_CADDY_REPLICAS": "1",
deploy	Checkout Code	  "DEV_SYS_MINI_APP_REPLICAS": "1",
deploy	Checkout Code	  "DEV_SYS_PARTICIPANT_TMA_REPLICAS": "1",
deploy	Checkout Code	  "DEV_SYS_WEB_SITE_REPLICAS": "1",
deploy	Checkout Code	  "DEV_TELEGRAM_BOT_PORT": "3002",
deploy	Checkout Code	  "DEV_TG_EVENTS_TOPIC": "2",
deploy	Checkout Code	  "DEV_TG_LOGS_GROUP_ID": "-1002308507308",
deploy	Checkout Code	  "DEV_TG_LOG_BOT_TOKEN": "7604730825:AAE1WJHs5lFI2zX_tba6M-1HYfffA8ugFmA",
deploy	Checkout Code	  "DEV_TG_NOTIFICATION_CHANELL": "-1002164161685",
deploy	Checkout Code	  "DEV_TG_SYSTEM_TOPIC": "16",
deploy	Checkout Code	  "DEV_TG_TICKETS_TOPIC": "4",
deploy	Checkout Code	  "DEV_TON_CENTER_ENDPOINT": "https://toncenter.com/api/v2/jsonRPC",
deploy	Checkout Code	  "DEV_TON_SOCIETY_BASE_URL": "https://id.ton.org/v1",
deploy	Checkout Code	  "DEV_USE_CLOUDFLARE": "true",
deploy	Checkout Code	  "DEV_USE_MAIN_IP_TO_EXPOSE": "true",
deploy	Checkout Code	  "MAIN_ACME_AGREE": "true",
deploy	Checkout Code	  "MAIN_BRANCH_NAME": "main",
deploy	Checkout Code	  "MAIN_CACHE_ENABLED": "true",
deploy	Checkout Code	  "MAIN_CLAMAV_PORT": "***10",
deploy	Checkout Code	  "MAIN_CLIENT_API_FIXED_ORGANIZER": "@Ontonadmin",
deploy	Checkout Code	  "MAIN_CLIENT_API_FIXED_USER": "@Ontonadmin",
deploy	Checkout Code	  "MAIN_CLIENT_WEB_DOMAIN": "client-web.***.live",
deploy	Checkout Code	  "MAIN_COMPOSE_PROJECT_NAME": "production-***",
deploy	Checkout Code	  "MAIN_ENV": "production",
deploy	Checkout Code	  "MAIN_GITHUB_CLIENT_ID": "Ov23liQFN1rMeZicYHnL",
deploy	Checkout Code	  "MAIN_GITHUB_REPO": "***bot",
deploy	Checkout Code	  "MAIN_GOLANG_SERVER_PORT": "8013",
deploy	Checkout Code	  "MAIN_GOOGLE_CLIENT_ID": "174044865725-8urfv981fca74aj3bq2kqik7fbe2rggg.apps.googleusercontent.com",
deploy	Checkout Code	  "MAIN_IP_CADDY": "caddy",
deploy	Checkout Code	  "MAIN_IP_CLAMAV": "host.docker.internal",
deploy	Checkout Code	  "MAIN_IP_CLIENT_WEB": "client-web",
deploy	Checkout Code	  "MAIN_IP_GIVEAWAY_CHECKER": "giveaway-checker",
deploy	Checkout Code	  "MAIN_IP_GOLANG_SERVER": "golang-server",
deploy	Checkout Code	  "MAIN_IP_GOLANG_WORKER": "golang-worker",
deploy	Checkout Code	  "MAIN_IP_KIBANA": "kibana",
deploy	Checkout Code	  "MAIN_IP_METABASE": "metabase",
deploy	Checkout Code	  "MAIN_IP_MINIO": "minio",
deploy	Checkout Code	  "MAIN_IP_MINI_APP": "mini-app",
deploy	Checkout Code	  "MAIN_IP_MINI_APP_CRON": "mini-app-sbt-worker",
deploy	Checkout Code	  "MAIN_IP_NFT_MANAGER": "nft-manager",
deploy	Checkout Code	  "MAIN_IP_PARTICIPANT_TMA": "participant-tma",
deploy	Checkout Code	  "MAIN_IP_PGADMIN": "pgadmin",
deploy	Checkout Code	  "MAIN_IP_POA_WORKER": "mini-app-poa-worker",
deploy	Checkout Code	  "MAIN_IP_POSTGRES": "postgres",
deploy	Checkout Code	  "MAIN_IP_RABBITMQ": "rabbitmq",
deploy	Checkout Code	  "MAIN_IP_RANGE_BASE": "host.docker.internal",
deploy	Checkout Code	  "MAIN_IP_REDIS": "redis",
deploy	Checkout Code	  "MAIN_IP_SOCKET": "mini-app-notification-socket",
deploy	Checkout Code	  "MAIN_IP_SWAGGER_UI": "swagger-ui",
deploy	Checkout Code	  "MAIN_IP_TELEGRAM_BOT": "telegram-bot",
deploy	Checkout Code	  "MAIN_IP_WEBSITE": "website",
deploy	Checkout Code	  "MAIN_JWT_SECRET_SOCKET": "JFDmdjeu__@HF_KKSEEWR_ERW*ER_FGDFG_ET%DG%34534aasd_Rhuefli!hfsdlnf",
deploy	Checkout Code	  "MAIN_KIBANA_HASHED_PASSWORD": "$2a$14$6P83mnKs9BxP2qZDaMU.2OzBHY3SG0nnaVXJ8nKluEWEWD5RMmN/W",
deploy	Checkout Code	  "MAIN_KIBANA_PORT": "8023",
deploy	Checkout Code	  "MAIN_KIBANA_USERNAME": "monitor",
deploy	Checkout Code	  "MAIN_LINKEDIN_CLIENT_ID": "77osbnm9chxr4c",
deploy	Checkout Code	  "MAIN_LOCAL_DOMAIN": "***.live",
deploy	Checkout Code	  "MAIN_MB_REDIRECT_ALL_REQUESTS_TO_HTTPS": "true",
deploy	Checkout Code	  "MAIN_METABASE_DOMAIN": "metabase.***.live",
deploy	Checkout Code	  "MAIN_MINIO_COLLECTION_BUCKET": "***collection",
deploy	Checkout Code	  "MAIN_MINIO_DASHBOARD_PORT": "8014",
deploy	Checkout Code	  "MAIN_MINIO_DOC_BUCKET": "***doc",
deploy	Checkout Code	  "MAIN_MINIO_DOC_DEFAULT_BUCKET": "***",
deploy	Checkout Code	  "MAIN_MINIO_ENDPOINT": "minio",
deploy	Checkout Code	  "MAIN_MINIO_IMAGE_BUCKET": "***image",
deploy	Checkout Code	  "MAIN_MINIO_ITEM_BUCKET": "***item",
deploy	Checkout Code	  "MAIN_MINIO_PORT": "8012",
deploy	Checkout Code	  "MAIN_MINIO_PUBLIC_URL": "https://storage.***.live",
deploy	Checkout Code	  "MAIN_MINIO_REGION_NAME": "default",
deploy	Checkout Code	  "MAIN_MINIO_SBT_COLLECTIONS_BUCKET": "sbt-collections",
deploy	Checkout Code	  "MAIN_MINIO_STORAGE_ADMIN_DOMAIN": "storage-admin.***.live",
deploy	Checkout Code	  "MAIN_MINIO_STORAGE_DOMAIN": "storage.***.live",
deploy	Checkout Code	  "MAIN_MINIO_VIDEO_BUCKET": "***video",
deploy	Checkout Code	  "MAIN_MINI_APP_DOMAIN": "app.***.live",
deploy	Checkout Code	  "MAIN_MINI_APP_PORT": "8000",
deploy	Checkout Code	  "MAIN_MINI_APP_SOCKET_DOMAIN": "socket.***.live",
deploy	Checkout Code	  "MAIN_MONITORING_DOMAIN": "monitoring.***.live",
deploy	Checkout Code	  "MAIN_MS_CLIENT_ID": "916e0c9f-17bc-45c2-9cbc-025c48a0d449",
deploy	Checkout Code	  "MAIN_NETWORK_NAME": "***-production",
deploy	Checkout Code	  "MAIN_NETWORK_PUBLIC_IP": "***",
deploy	Checkout Code	  "MAIN_NEXT_PUBLIC_API_BASE_URL": "https://app.***.live/api/v1",
deploy	Checkout Code	  "MAIN_NEXT_PUBLIC_APP_BASE_URL": "https://app.***.live",
deploy	Checkout Code	  "MAIN_NEXT_PUBLIC_BACKEND_URL_CLIENT": "https://app.***.live/api/client/v1/",
deploy	Checkout Code	  "MAIN_NEXT_PUBLIC_BOT_USERNAME": "the***bot",
deploy	Checkout Code	  "MAIN_NEXT_PUBLIC_ENV": "production",
deploy	Checkout Code	  "MAIN_NEXT_PUBLIC_GTM": "GTM-TSCPWNCM",
deploy	Checkout Code	  "MAIN_NEXT_PUBLIC_SOCKET_URL": "socket.***.live",
deploy	Checkout Code	  "MAIN_NFT_INTERVAL_TIME": "60000",
deploy	Checkout Code	  "MAIN_NFT_MANAGER_PORT": "8004",
deploy	Checkout Code	  "MAIN_NODE_ENV": "production",
deploy	Checkout Code	  "MAIN_NODE_TLS_REJECT_UNAUTHORIZED": "1",
deploy	Checkout Code	  "MAIN_ONTON_DOMAIN": "***.live",
deploy	Checkout Code	  "MAIN_PARTICIPANT_TMA_PORT": "8001",
deploy	Checkout Code	  "MAIN_PGADMIN_DOMAIN": "pgadmin.***.live",
deploy	Checkout Code	  "MAIN_PORT_CLIENT_WEB": "8007",
deploy	Checkout Code	  "MAIN_PORT_METABASE": "8009",
deploy	Checkout Code	  "MAIN_PORT_PGADMIN": "8006",
deploy	Checkout Code	  "MAIN_PORT_WEB_SITE": "8005",
deploy	Checkout Code	  "MAIN_POSTGRES_METABASE_DB": "production-mini-app",
deploy	Checkout Code	  "MAIN_POSTGRES_MINI_APP_DB": "production-mini-app",
deploy	Checkout Code	  "MAIN_POSTGRES_NFT_MANAGER_DB": "production-nft-manager",
deploy	Checkout Code	  "MAIN_POSTGRES_PORT": "8008",
deploy	Checkout Code	  "MAIN_PTMA_API_BASE_URL": "https://app.***.live/api/v1",
deploy	Checkout Code	  "MAIN_RABBITMQ_DOMAIN": "rabbitmq.***.live",
deploy	Checkout Code	  "MAIN_RABBITMQ_MANAGEMENT_PORT": "8015",
deploy	Checkout Code	  "MAIN_RABBITMQ_NODE_PORT": "8016",
deploy	Checkout Code	  "MAIN_REDIS_DATABASES": "1",
deploy	Checkout Code	  "MAIN_REDIS_PORT": "8011",
deploy	Checkout Code	  "MAIN_REGISTRY_URL": "registry.toncloud.observer",
deploy	Checkout Code	  "MAIN_SOCKET_PORT": "80***",
deploy	Checkout Code	  "MAIN_STAGE_NAME": "main-***",
deploy	Checkout Code	  "MAIN_SWAGGER_UI_DOMAIN": "swagger-ui.***.live",
deploy	Checkout Code	  "MAIN_SWAGGER_UI_PORT": "8024",
deploy	Checkout Code	  "MAIN_SYS_CADDY_REPLICAS": "1",
deploy	Checkout Code	  "MAIN_SYS_MINI_APP_REPLICAS": "12",
deploy	Checkout Code	  "MAIN_SYS_PARTICIPANT_TMA_REPLICAS": "6",
deploy	Checkout Code	  "MAIN_SYS_WEB_SITE_REPLICAS": "3",
deploy	Checkout Code	  "MAIN_TELEGRAM_BOT_PORT": "8002",
deploy	Checkout Code	  "MAIN_TG_EVENTS_TOPIC": "2",
deploy	Checkout Code	  "MAIN_TG_LOGS_GROUP_ID": "-1002300666538",
deploy	Checkout Code	  "MAIN_TG_LOG_BOT_TOKEN": "7604730825:AAE1WJHs5lFI2zX_tba6M-1HYfffA8ugFmA",
deploy	Checkout Code	  "MAIN_TG_NOTIFICATION_CHANELL": "-100***32083***",
deploy	Checkout Code	  "MAIN_TG_SYSTEM_TOPIC": "16",
deploy	Checkout Code	  "MAIN_TG_TICKETS_TOPIC": "4",
deploy	Checkout Code	  "MAIN_TON_CENTER_ENDPOINT": "https://toncenter.com/api/v2/jsonRPC",
deploy	Checkout Code	  "MAIN_TON_SOCIETY_BASE_URL": "https://id.ton.org/v1",
deploy	Checkout Code	  "MAIN_TWITTER_CLIENT_ID": "SU1RUS0xaHNsRk5kd014UlZieDQ6MTpjaQ",
deploy	Checkout Code	  "MAIN_USE_CLOUDFLARE": "true",
deploy	Checkout Code	  "MAIN_USE_MAIN_IP_TO_EXPOSE": "true",
deploy	Checkout Code	  "NEXT_PUBLIC_BOT_USERNAME": "notnonstagebot",
deploy	Checkout Code	  "SANDBOX_ACME_AGREE": "true",
deploy	Checkout Code	  "SANDBOX_BRANCH_NAME": "sandbox",
deploy	Checkout Code	  "SANDBOX_CACHE_ENABLED": "true",
deploy	Checkout Code	  "SANDBOX_CLAMAV_PORT": "***10",
deploy	Checkout Code	  "SANDBOX_CLIENT_API_FIXED_ORGANIZER": "@Ontonadmin",
deploy	Checkout Code	  "SANDBOX_CLIENT_API_FIXED_USER": "@Ontonadmin",
deploy	Checkout Code	  "SANDBOX_CLIENT_WEB_DOMAIN": "sandbox-client-web.toncloud.observer",
deploy	Checkout Code	  "SANDBOX_COMPOSE_PROJECT_NAME": "sanbox-***",
deploy	Checkout Code	  "SANDBOX_IP_CADDY": "caddy",
deploy	Checkout Code	  "SANDBOX_IP_CLAMAV": "host.docker.internal",
deploy	Checkout Code	  "SANDBOX_IP_KIBANA": "kibana",
deploy	Checkout Code	  "SANDBOX_IP_METABASE": "metabase",
deploy	Checkout Code	  "SANDBOX_IP_PGADMIN": "pgadmin",
deploy	Checkout Code	  "SANDBOX_IP_POA_WORKER": "mini-app-poa-worker",
deploy	Checkout Code	  "SANDBOX_IP_POSTGRES": "postgres",
deploy	Checkout Code	  "SANDBOX_IP_SOCKET": "mini-app-notification-socket",
deploy	Checkout Code	  "SANDBOX_IP_TELEGRAM_BOT": "telegram-bot",
deploy	Checkout Code	  "SANDBOX_IP_WEBSITE": "website",
deploy	Checkout Code	  "SANDBOX_JWT_SECRET_SOCKET": "D3v@OnTonw3tds112ewq%KD___%1006-7-8-9-0OkMjKlll%909R9OOsf",
deploy	Checkout Code	  "SANDBOX_KIBANA_HASHED_PASSWORD": "$2a$14$6P83mnKs9BxP2qZDaMU.2OzBHY3SG0nnaVXJ8nKluEWEWD5RMmN/W",
deploy	Checkout Code	  "SANDBOX_KIBANA_PORT": "6023",
deploy	Checkout Code	  "SANDBOX_KIBANA_USERNAME": "monitor",
deploy	Checkout Code	  "SANDBOX_LOCAL_DOMAIN": "sandbox-app.toncloud.observer",
deploy	Checkout Code	  "SANDBOX_MB_REDIRECT_ALL_REQUESTS_TO_HTTPS": "true",
deploy	Checkout Code	  "SANDBOX_METABASE_DOMAIN": "sandbox-metabase.toncloud.observer",
deploy	Checkout Code	  "SANDBOX_MINIO_COLLECTION_BUCKET": "***collection",
deploy	Checkout Code	  "SANDBOX_MINIO_DASHBOARD_PORT": "6014",
deploy	Checkout Code	  "SANDBOX_MINIO_DOC_BUCKET": "***doc",
deploy	Checkout Code	  "SANDBOX_MINIO_DOC_DEFAULT_BUCKET": "***",
deploy	Checkout Code	  "SANDBOX_MINIO_ENDPOINT": "minio",
deploy	Checkout Code	  "SANDBOX_MINIO_IMAGE_BUCKET": "***image",
deploy	Checkout Code	  "SANDBOX_MINIO_ITEM_BUCKET": "***item",
deploy	Checkout Code	  "SANDBOX_MINIO_PORT": "6012",
deploy	Checkout Code	  "SANDBOX_MINIO_PUBLIC_URL": "https://sandbox-storage.toncloud.observer",
deploy	Checkout Code	  "SANDBOX_MINIO_REGION_NAME": "default",
deploy	Checkout Code	  "SANDBOX_MINIO_SBT_COLLECTIONS_BUCKET": "sbt-collections",
deploy	Checkout Code	  "SANDBOX_MINIO_STORAGE_ADMIN_DOMAIN": "sandbox-storage-admin.toncloud.observer",
deploy	Checkout Code	  "SANDBOX_MINIO_STORAGE_DOMAIN": "sandbox-storage.toncloud.observer",
deploy	Checkout Code	  "SANDBOX_MINIO_VIDEO_BUCKET": "***video",
deploy	Checkout Code	  "SANDBOX_MINI_APP_DOMAIN": "sandbox-app.toncloud.observer",
deploy	Checkout Code	  "SANDBOX_MINI_APP_PORT": "6000",
deploy	Checkout Code	  "SANDBOX_MINI_APP_SOCKET_DOMAIN": "sandbox-socket.toncloud.observer",
deploy	Checkout Code	  "SANDBOX_MONITORING_DOMAIN": "sandbox-monitoring.toncloud.observer",
deploy	Checkout Code	  "SANDBOX_NETWORK_NAME": "***-sandbox",
deploy	Checkout Code	  "SANDBOX_NETWORK_PUBLIC_IP": "***",
deploy	Checkout Code	  "SANDBOX_NEXT_PUBLIC_API_BASE_URL": "https://sandbox-app.toncloud.observer/api/v1",
deploy	Checkout Code	  "SANDBOX_NEXT_PUBLIC_APP_BASE_URL": "https://sandbox-app.toncloud.observer",
deploy	Checkout Code	  "SANDBOX_NEXT_PUBLIC_BACKEND_URL_CLIENT": "https://sandbox-app.toncloud.observer/api/client/v1/",
deploy	Checkout Code	  "SANDBOX_NEXT_PUBLIC_BOT_USERNAME": "sandbox_ont0n_bot",
deploy	Checkout Code	  "SANDBOX_NEXT_PUBLIC_GTM": "GTM-sandbox",
deploy	Checkout Code	  "SANDBOX_NEXT_PUBLIC_SOCKET_URL": "sandbox-socket.toncloud.observer",
deploy	Checkout Code	  "SANDBOX_NFT_INTERVAL_TIME": "60000",
deploy	Checkout Code	  "SANDBOX_NFT_MANAGER_PORT": "6004",
deploy	Checkout Code	  "SANDBOX_NODE_ENV": "production",
deploy	Checkout Code	  "SANDBOX_NODE_TLS_REJECT_UNAUTHORIZED": "0",
deploy	Checkout Code	  "SANDBOX_ONTON_DOMAIN": "sandbox.toncloud.observer",
deploy	Checkout Code	  "SANDBOX_PARTICIPANT_TMA_PORT": "6001",
deploy	Checkout Code	  "SANDBOX_PGADMIN_DOMAIN": "sandbox-pgadmin.toncloud.observer",
deploy	Checkout Code	  "SANDBOX_PORT_CLIENT_WEB": "6007",
deploy	Checkout Code	  "SANDBOX_PORT_METABASE": "6009",
deploy	Checkout Code	  "SANDBOX_PORT_PGADMIN": "6006",
deploy	Checkout Code	  "SANDBOX_PORT_WEB_SITE": "6005",
deploy	Checkout Code	  "SANDBOX_POSTGRES_METABASE_DB": "sandbox-mini-app",
deploy	Checkout Code	  "SANDBOX_POSTGRES_MINI_APP_DB": "sandbox-mini-app",
deploy	Checkout Code	  "SANDBOX_POSTGRES_NFT_MANAGER_DB": "sandbox-nft-manager",
deploy	Checkout Code	  "SANDBOX_POSTGRES_PORT": "6008",
deploy	Checkout Code	  "SANDBOX_PTMA_API_BASE_URL": "https://sandbox-app.toncloud.observer/api/v1",
deploy	Checkout Code	  "SANDBOX_RABBITMQ_DOMAIN": "sandbox-rabbitmq.toncloud.observer",
deploy	Checkout Code	  "SANDBOX_RABBITMQ_MANAGEMENT_PORT": "6015",
deploy	Checkout Code	  "SANDBOX_RABBITMQ_NODE_PORT": "6016",
deploy	Checkout Code	  "SANDBOX_REDIS_DATABASES": "1",
deploy	Checkout Code	  "SANDBOX_REDIS_PORT": "6011",
deploy	Checkout Code	  "SANDBOX_REGISTRY_URL": "registry.toncloud.observer",
deploy	Checkout Code	  "SANDBOX_SOCKET_PORT": "60***",
deploy	Checkout Code	  "SANDBOX_STAGE_NAME": "sandbox-***",
deploy	Checkout Code	  "SANDBOX_SYS_CADDY_REPLICAS": "1",
deploy	Checkout Code	  "SANDBOX_SYS_MINI_APP_REPLICAS": "2",
deploy	Checkout Code	  "SANDBOX_SYS_PARTICIPANT_TMA_REPLICAS": "2",
deploy	Checkout Code	  "SANDBOX_SYS_WEB_SITE_REPLICAS": "1",
deploy	Checkout Code	  "SANDBOX_TELEGRAM_BOT_PORT": "6002",
deploy	Checkout Code	  "SANDBOX_TG_NOTIFICATION_CHANELL": "-1002164161685",
deploy	Checkout Code	  "SANDBOX_TON_CENTER_ENDPOINT": "https://toncenter.com/api/v2/jsonRPC",
deploy	Checkout Code	  "SANDBOX_TON_SOCIETY_BASE_URL": "https://society.ton.org/v1",
deploy	Checkout Code	  "SANDBOX_USE_CLOUDFLARE": "true",
deploy	Checkout Code	  "SANDBOX_USE_MAIN_IP_TO_EXPOSE": "true",
deploy	Checkout Code	  "STAGING_ACME_AGREE": "true",
deploy	Checkout Code	  "STAGING_BRANCH_NAME": "staging",
deploy	Checkout Code	  "STAGING_CACHE_ENABLED": "true",
deploy	Checkout Code	  "STAGING_CLAMAV_PORT": "***10",
deploy	Checkout Code	  "STAGING_CLIENT_API_FIXED_ORGANIZER": "@Ontonadmin",
deploy	Checkout Code	  "STAGING_CLIENT_API_FIXED_USER": "@Ontonadmin",
deploy	Checkout Code	  "STAGING_CLIENT_WEB_DOMAIN": "staging-client-web.toncloud.observer",
deploy	Checkout Code	  "STAGING_COMPOSE_PROJECT_NAME": "staging-***",
deploy	Checkout Code	  "STAGING_ENV": "staging",
deploy	Checkout Code	  "STAGING_EVENT_WALLET_ENC_KEY": "Ci5M6/B4Wke4qX6tXViVeW0xM0iH0yh/qvD3Y1xu2v8",
deploy	Checkout Code	  "STAGING_GITHUB_CLIENT_ID": "Ov23liQFN1rMeZicYHnL",
deploy	Checkout Code	  "STAGING_GITHUB_REPO": "***bot",
deploy	Checkout Code	  "STAGING_GOLANG_SERVER_PORT": "4013",
deploy	Checkout Code	  "STAGING_GOOGLE_CLIENT_ID": "174044865725-8urfv981fca74aj3bq2kqik7fbe2rggg.apps.googleusercontent.com",
deploy	Checkout Code	  "STAGING_IP_CADDY": "caddy",
deploy	Checkout Code	  "STAGING_IP_CLAMAV": "host.docker.internal",
deploy	Checkout Code	  "STAGING_IP_CLIENT_WEB": "client-web",
deploy	Checkout Code	  "STAGING_IP_GIVEAWAY_CHECKER": "giveaway-checker",
deploy	Checkout Code	  "STAGING_IP_GOLANG_SERVER": "golang-server",
deploy	Checkout Code	  "STAGING_IP_GOLANG_WORKER": "golang-worker",
deploy	Checkout Code	  "STAGING_IP_KIBANA": "kibana",
deploy	Checkout Code	  "STAGING_IP_METABASE": "metabase",
deploy	Checkout Code	  "STAGING_IP_MINIO": "minio",
deploy	Checkout Code	  "STAGING_IP_MINI_APP": "mini-app",
deploy	Checkout Code	  "STAGING_IP_MINI_APP_CRON": "mini-app-sbt-worker",
deploy	Checkout Code	  "STAGING_IP_NFT_MANAGER": "nft-manager",
deploy	Checkout Code	  "STAGING_IP_PARTICIPANT_TMA": "participant-tma",
deploy	Checkout Code	  "STAGING_IP_PGADMIN": "pgadmin",
deploy	Checkout Code	  "STAGING_IP_POA_WORKER": "mini-app-poa-worker",
deploy	Checkout Code	  "STAGING_IP_POSTGRES": "postgres",
deploy	Checkout Code	  "STAGING_IP_RABBITMQ": "rabbitmq",
deploy	Checkout Code	  "STAGING_IP_RANGE_BASE": "host.docker.internal",
deploy	Checkout Code	  "STAGING_IP_RANGE_START": "172.11",
deploy	Checkout Code	  "STAGING_IP_RANGE_SUBNET": "24",
deploy	Checkout Code	  "STAGING_IP_REDIS": "redis",
deploy	Checkout Code	  "STAGING_IP_SOCKET": "IP_SOCKET=mini-app-notification-socket",
deploy	Checkout Code	  "STAGING_IP_SWAGGER_UI": "swagger-ui",
deploy	Checkout Code	  "STAGING_IP_TELEGRAM_BOT": "telegram-bot",
deploy	Checkout Code	  "STAGING_IP_WEBSITE": "website",
deploy	Checkout Code	  "STAGING_JWT_SECRET_SOCKET": "JFDmdjeu__@HF_KKSEEWR_ERWER_FGDFG_ET%DG%34534aasd%_Rhueflihfsdlnf",
deploy	Checkout Code	  "STAGING_KIBANA_HASHED_PASSWORD": "$2a$14$6P83mnKs9BxP2qZDaMU.2OzBHY3SG0nnaVXJ8nKluEWEWD5RMmN/W",
deploy	Checkout Code	  "STAGING_KIBANA_PORT": "4023",
deploy	Checkout Code	  "STAGING_KIBANA_USERNAME": "monitor",
deploy	Checkout Code	  "STAGING_LINKEDIN_CLIENT_ID": "77osbnm9chxr4c",
deploy	Checkout Code	  "STAGING_LOCAL_DOMAIN": "staging-app.toncloud.observer",
deploy	Checkout Code	  "STAGING_MB_REDIRECT_ALL_REQUESTS_TO_HTTPS": "true",
deploy	Checkout Code	  "STAGING_METABASE_DOMAIN": "staging-metabase.toncloud.observer",
deploy	Checkout Code	  "STAGING_MINIO_COLLECTION_BUCKET": "***collection",
deploy	Checkout Code	  "STAGING_MINIO_DASHBOARD_PORT": "4014",
deploy	Checkout Code	  "STAGING_MINIO_DOC_BUCKET": "***doc",
deploy	Checkout Code	  "STAGING_MINIO_DOC_DEFAULT_BUCKET": "***",
deploy	Checkout Code	  "STAGING_MINIO_ENDPOINT": "minio",
deploy	Checkout Code	  "STAGING_MINIO_IMAGE_BUCKET": "***image",
deploy	Checkout Code	  "STAGING_MINIO_ITEM_BUCKET": "***item",
deploy	Checkout Code	  "STAGING_MINIO_PORT": "4012",
deploy	Checkout Code	  "STAGING_MINIO_PUBLIC_URL": "https://staging-storage.toncloud.observer",
deploy	Checkout Code	  "STAGING_MINIO_REGION_NAME": "default",
deploy	Checkout Code	  "STAGING_MINIO_SBT_COLLECTIONS_BUCKET": "sbt-collections",
deploy	Checkout Code	  "STAGING_MINIO_STORAGE_ADMIN_DOMAIN": "staging-storage-admin.toncloud.observer",
deploy	Checkout Code	  "STAGING_MINIO_STORAGE_DOMAIN": "staging-storage.toncloud.observer",
deploy	Checkout Code	  "STAGING_MINIO_VIDEO_BUCKET": "***video",
deploy	Checkout Code	  "STAGING_MINI_APP_DOMAIN": "staging-app.toncloud.observer",
deploy	Checkout Code	  "STAGING_MINI_APP_PORT": "4000",
deploy	Checkout Code	  "STAGING_MINI_APP_SOCKET_DOMAIN": "staging-socket.toncloud.observer",
deploy	Checkout Code	  "STAGING_MONITORING_DOMAIN": "staging-monitoring.toncloud.observer",
deploy	Checkout Code	  "STAGING_MS_CLIENT_ID": "916e0c9f-17bc-45c2-9cbc-025c48a0d449",
deploy	Checkout Code	  "STAGING_NETWORK_NAME": "***-staging",
deploy	Checkout Code	  "STAGING_NETWORK_PUBLIC_IP": "***",
deploy	Checkout Code	  "STAGING_NEXT_PUBLIC_API_BASE_URL": "https://staging-app.toncloud.observer/api/v1",
deploy	Checkout Code	  "STAGING_NEXT_PUBLIC_APP_BASE_URL": "https://staging-app.toncloud.observer",
deploy	Checkout Code	  "STAGING_NEXT_PUBLIC_BACKEND_URL_CLIENT": "https://staging-app.toncloud.observer/api/client/v1/",
deploy	Checkout Code	  "STAGING_NEXT_PUBLIC_BOT_USERNAME": "notnonstagebot",
deploy	Checkout Code	  "STAGING_NEXT_PUBLIC_ENV": "staging",
deploy	Checkout Code	  "STAGING_NEXT_PUBLIC_GTM": "GTM-staging",
deploy	Checkout Code	  "STAGING_NEXT_PUBLIC_SOCKET_URL": "staging-socket.toncloud.observer",
deploy	Checkout Code	  "STAGING_NEXT_PUBLIC_TRPC_BASE_URL": "https://staging-app.toncloud.observer",
deploy	Checkout Code	  "STAGING_NFT_INTERVAL_TIME": "60000",
deploy	Checkout Code	  "STAGING_NFT_MANAGER_PORT": "4004",
deploy	Checkout Code	  "STAGING_NODE_ENV": "production",
deploy	Checkout Code	  "STAGING_NODE_TLS_REJECT_UNAUTHORIZED": "0",
deploy	Checkout Code	  "STAGING_ONTON_DOMAIN": "staging.toncloud.observer",
deploy	Checkout Code	  "STAGING_PARTICIPANT_TMA_PORT": "4001",
deploy	Checkout Code	  "STAGING_PGADMIN_DOMAIN": "staging-pgadmin.toncloud.observer",
deploy	Checkout Code	  "STAGING_PORT_CLIENT_WEB": "4007",
deploy	Checkout Code	  "STAGING_PORT_METABASE": "4009",
deploy	Checkout Code	  "STAGING_PORT_PGADMIN": "4006",
deploy	Checkout Code	  "STAGING_PORT_WEB_SITE": "4005",
deploy	Checkout Code	  "STAGING_POSTGRES_METABASE_DB": "staging-mini-app",
deploy	Checkout Code	  "STAGING_POSTGRES_MINI_APP_DB": "staging-mini-app",
deploy	Checkout Code	  "STAGING_POSTGRES_NFT_MANAGER_DB": "staging-nft-manager",
deploy	Checkout Code	  "STAGING_POSTGRES_PORT": "4008",
deploy	Checkout Code	  "STAGING_PTMA_API_BASE_URL": "https://staging-app.toncloud.observer/api/v1",
deploy	Checkout Code	  "STAGING_RABBITMQ_DOMAIN": "staging-rabbitmq.toncloud.observer",
deploy	Checkout Code	  "STAGING_RABBITMQ_MANAGEMENT_PORT": "4015",
deploy	Checkout Code	  "STAGING_RABBITMQ_NODE_PORT": "4016",
deploy	Checkout Code	  "STAGING_REDIS_DATABASES": "1",
deploy	Checkout Code	  "STAGING_REDIS_PORT": "4011",
deploy	Checkout Code	  "STAGING_REGISTRY_URL": "registry.toncloud.observer",
deploy	Checkout Code	  "STAGING_SOCKET_PORT": "40***",
deploy	Checkout Code	  "STAGING_STAGE_NAME": "staging-***",
deploy	Checkout Code	  "STAGING_SWAGGER_UI_DOMAIN": "staging-swagger-ui.toncloud.observer",
deploy	Checkout Code	  "STAGING_SWAGGER_UI_PORT": "4024",
deploy	Checkout Code	  "STAGING_SYS_CADDY_REPLICAS": "1",
deploy	Checkout Code	  "STAGING_SYS_MINI_APP_REPLICAS": "2",
deploy	Checkout Code	  "STAGING_SYS_PARTICIPANT_TMA_REPLICAS": "2",
deploy	Checkout Code	  "STAGING_SYS_WEB_SITE_REPLICAS": "1",
deploy	Checkout Code	  "STAGING_TELEGRAM_BOT_PORT": "4002",
deploy	Checkout Code	  "STAGING_TG_EVENTS_TOPIC": "2",
deploy	Checkout Code	  "STAGING_TG_LOGS_GROUP_ID": "-100***64975789",
deploy	Checkout Code	  "STAGING_TG_LOG_BOT_TOKEN": "7604730825:AAE1WJHs5lFI2zX_tba6M-1HYfffA8ugFmA",
deploy	Checkout Code	  "STAGING_TG_NOTIFICATION_CHANELL": "-1002164161685",
deploy	Checkout Code	  "STAGING_TG_SYSTEM_TOPIC": "16",
deploy	Checkout Code	  "STAGING_TG_TICKETS_TOPIC": "4",
deploy	Checkout Code	  "STAGING_TON_CENTER_ENDPOINT": "https://toncenter.com/api/v2/jsonRPC",
deploy	Checkout Code	  "STAGING_TON_SOCIETY_BASE_URL": "https://id.ton.org/v1",
deploy	Checkout Code	  "STAGING_TWITTER_CLIENT_ID": "SU1RUS0xaHNsRk5kd014UlZieDQ6MTpjaQ",
deploy	Checkout Code	  "STAGING_USE_CLOUDFLARE": "true",
deploy	Checkout Code	  "STAGING_USE_MAIN_IP_TO_EXPOSE": "true",
deploy	Checkout Code	  "TELEGRAM_BOT_TOKEN_FOR_DEPLOYMENT": "7604730825:AAHhtwa4bGhELsBn2VqUxIIFXVJkRJfKuDs",
deploy	Checkout Code	  "TELEGRAM_CHAT_ID_FOR_DEPLOYMENT": "***"
deploy	Checkout Code	}
deploy	Checkout Code	2026-02-09T12:10:27.2508077Z   SSH_AUTH_SOCK: /tmp/ssh-IlznzUjWu38A/agent.2102
deploy	Checkout Code	2026-02-09T12:10:27.2509417Z   SSH_AGENT_PID: 2103
deploy	Checkout Code	2026-02-09T12:10:27.2510490Z ##[endgroup]
deploy	Checkout Code	2026-02-09T12:10:27.3584049Z Syncing repository: ExecutESG/***
deploy	Checkout Code	2026-02-09T12:10:27.3587523Z ##[group]Getting Git version info
deploy	Checkout Code	2026-02-09T12:10:27.3589114Z Working directory is '/home/runner/work/***/***'
deploy	Checkout Code	2026-02-09T12:10:27.3590950Z [command]/usr/bin/git version
deploy	Checkout Code	2026-02-09T12:10:27.3661236Z git version 2.52.0
deploy	Checkout Code	2026-02-09T12:10:27.3687993Z ##[endgroup]
deploy	Checkout Code	2026-02-09T12:10:27.3702683Z Temporarily overriding HOME='/home/runner/work/_temp/afff14e7-1594-4962-baac-91b9882a46e8' before making global git config changes
deploy	Checkout Code	2026-02-09T12:10:27.3705764Z Adding repository directory to the temporary git global config as a safe directory
deploy	Checkout Code	2026-02-09T12:10:27.3708414Z [command]/usr/bin/git config --global --add safe.directory /home/runner/work/***/***
deploy	Checkout Code	2026-02-09T12:10:27.3747754Z Deleting the contents of '/home/runner/work/***/***'
deploy	Checkout Code	2026-02-09T12:10:27.3751534Z ##[group]Initializing the repository
deploy	Checkout Code	2026-02-09T12:10:27.3756038Z [command]/usr/bin/git init /home/runner/work/***/***
deploy	Checkout Code	2026-02-09T12:10:27.3857016Z hint: Using 'master' as the name for the initial branch. This default branch name
deploy	Checkout Code	2026-02-09T12:10:27.3860057Z hint: will change to "main" in Git 3.0. To configure the initial branch name
deploy	Checkout Code	2026-02-09T12:10:27.3862347Z hint: to use in all of your new repositories, which will suppress this warning,
deploy	Checkout Code	2026-02-09T12:10:27.3863713Z hint: call:
deploy	Checkout Code	2026-02-09T12:10:27.3864604Z hint:
deploy	Checkout Code	2026-02-09T12:10:27.3866055Z hint: 	git config --global init.defaultBranch <name>
deploy	Checkout Code	2026-02-09T12:10:27.3867962Z hint:
deploy	Checkout Code	2026-02-09T12:10:27.3869126Z hint: Names commonly chosen instead of 'master' are 'main', 'trunk' and
deploy	Checkout Code	2026-02-09T12:10:27.3870704Z hint: 'development'. The just-created branch can be renamed via this command:
deploy	Checkout Code	2026-02-09T12:10:27.3872002Z hint:
deploy	Checkout Code	2026-02-09T12:10:27.3873288Z hint: 	git branch -m <name>
deploy	Checkout Code	2026-02-09T12:10:27.3874412Z hint:
deploy	Checkout Code	2026-02-09T12:10:27.3875916Z hint: Disable this message with "git config set advice.defaultBranchName ***"
deploy	Checkout Code	2026-02-09T12:10:27.3877560Z Initialized empty Git repository in /home/runner/work/***/***/.git/
deploy	Checkout Code	2026-02-09T12:10:27.3880673Z [command]/usr/bin/git remote add origin https://github.com/ExecutESG/***
deploy	Checkout Code	2026-02-09T12:10:27.3915325Z ##[endgroup]
deploy	Checkout Code	2026-02-09T12:10:27.3918288Z ##[group]Disabling automatic garbage collection
deploy	Checkout Code	2026-02-09T12:10:27.3920869Z [command]/usr/bin/git config --local gc.auto 0
deploy	Checkout Code	2026-02-09T12:10:27.3953827Z ##[endgroup]
deploy	Checkout Code	2026-02-09T12:10:27.3955828Z ##[group]Setting up auth
deploy	Checkout Code	2026-02-09T12:10:27.3960009Z [command]/usr/bin/git config --local --name-only --get-regexp core\.sshCommand
deploy	Checkout Code	2026-02-09T12:10:27.3991997Z [command]/usr/bin/git submodule foreach --recursive sh -c "git config --local --name-only --get-regexp 'core\.sshCommand' && git config --local --unset-all 'core.sshCommand' || :"
deploy	Checkout Code	2026-02-09T12:10:27.4344167Z [command]/usr/bin/git config --local --name-only --get-regexp http\.https\:\/\/github\.com\/\.extraheader
deploy	Checkout Code	2026-02-09T12:10:27.4379952Z [command]/usr/bin/git submodule foreach --recursive sh -c "git config --local --name-only --get-regexp 'http\.https\:\/\/github\.com\/\.extraheader' && git config --local --unset-all 'http.https://github.com/.extraheader' || :"
deploy	Checkout Code	2026-02-09T12:10:27.4620063Z [command]/usr/bin/git config --local --name-only --get-regexp ^includeIf\.gitdir:
deploy	Checkout Code	2026-02-09T12:10:27.4655554Z [command]/usr/bin/git submodule foreach --recursive git config --local --show-origin --name-only --get-regexp remote.origin.url
deploy	Checkout Code	2026-02-09T12:10:27.4896841Z [command]/usr/bin/git config --local http.https://github.com/.extraheader AUTHORIZATION: basic ***
deploy	Checkout Code	2026-02-09T12:10:27.4935238Z ##[endgroup]
deploy	Checkout Code	2026-02-09T12:10:27.4936971Z ##[group]Fetching the repository
deploy	Checkout Code	2026-02-09T12:10:27.4945304Z [command]/usr/bin/git -c protocol.version=2 fetch --prune --no-recurse-submodules origin +refs/heads/*:refs/remotes/origin/* +refs/tags/*:refs/tags/*
deploy	Checkout Code	2026-02-09T12:10:29.3709866Z From https://github.com/ExecutESG/***
deploy	Checkout Code	2026-02-09T12:10:29.3712418Z  * [new branch]        codex/update-expired-tournament-activity-dates -> origin/codex/update-expired-tournament-activity-dates
deploy	Checkout Code	2026-02-09T12:10:29.3714737Z  * [new branch]        dev                     -> origin/dev
deploy	Checkout Code	2026-02-09T12:10:29.3716795Z  * [new branch]        feat/cats               -> origin/feat/cats
deploy	Checkout Code	2026-02-09T12:10:29.3717905Z  * [new branch]        feat/claim_points       -> origin/feat/claim_points
deploy	Checkout Code	2026-02-09T12:10:29.3718922Z  * [new branch]        feat/conflict           -> origin/feat/conflict
deploy	Checkout Code	2026-02-09T12:10:29.3719906Z  * [new branch]        feat/giveaway           -> origin/feat/giveaway
deploy	Checkout Code	2026-02-09T12:10:29.3720886Z  * [new branch]        feat/multi-ticket       -> origin/feat/multi-ticket
deploy	Checkout Code	2026-02-09T12:10:29.3722121Z  * [new branch]        feat/nft-api            -> origin/feat/nft-api
deploy	Checkout Code	2026-02-09T12:10:29.3723485Z  * [new branch]        feat/oauth              -> origin/feat/oauth
deploy	Checkout Code	2026-02-09T12:10:29.3724896Z  * [new branch]        feat/point_details      -> origin/feat/point_details
deploy	Checkout Code	2026-02-09T12:10:29.3726567Z  * [new branch]        main                    -> origin/main
deploy	Checkout Code	2026-02-09T12:10:29.3727965Z  * [new branch]        muti-ticket-remove-ptma -> origin/muti-ticket-remove-ptma
deploy	Checkout Code	2026-02-09T12:10:29.3729425Z  * [new branch]        staging                 -> origin/staging
deploy	Checkout Code	2026-02-09T12:10:29.3730853Z  * [new branch]        update/promotion-code   -> origin/update/promotion-code
deploy	Checkout Code	2026-02-09T12:10:29.3732218Z  * [new tag]           0.13.0                  -> 0.13.0
deploy	Checkout Code	2026-02-09T12:10:29.3733369Z  * [new tag]           0.14.0                  -> 0.14.0
deploy	Checkout Code	2026-02-09T12:10:29.3734462Z  * [new tag]           0.14.1                  -> 0.14.1
deploy	Checkout Code	2026-02-09T12:10:29.3735817Z  * [new tag]           0.6.2                   -> 0.6.2
deploy	Checkout Code	2026-02-09T12:10:29.3736925Z  * [new tag]           v0.5.1                  -> v0.5.1
deploy	Checkout Code	2026-02-09T12:10:29.3738026Z  * [new tag]           v0.5.2                  -> v0.5.2
deploy	Checkout Code	2026-02-09T12:10:29.3739152Z  * [new tag]           v0.5.3                  -> v0.5.3
deploy	Checkout Code	2026-02-09T12:10:29.3740252Z  * [new tag]           v0.6.0                  -> v0.6.0
deploy	Checkout Code	2026-02-09T12:10:29.3741347Z  * [new tag]           v0.7.0                  -> v0.7.0
deploy	Checkout Code	2026-02-09T12:10:29.3742681Z  * [new tag]           v0.7.1                  -> v0.7.1
deploy	Checkout Code	2026-02-09T12:10:29.3743807Z  * [new tag]           v0.7.2                  -> v0.7.2
deploy	Checkout Code	2026-02-09T12:10:29.3744924Z  * [new tag]           v0.8.0                  -> v0.8.0
deploy	Checkout Code	2026-02-09T12:10:29.3746328Z  * [new tag]           v0.9.4                  -> v0.9.4
deploy	Checkout Code	2026-02-09T12:10:29.3747477Z  * [new tag]           v0.9.6                  -> v0.9.6
deploy	Checkout Code	2026-02-09T12:10:29.3786322Z [command]/usr/bin/git branch --list --remote origin/dev
deploy	Checkout Code	2026-02-09T12:10:29.3814757Z   origin/dev
deploy	Checkout Code	2026-02-09T12:10:29.3824751Z [command]/usr/bin/git rev-parse refs/remotes/origin/dev
deploy	Checkout Code	2026-02-09T12:10:29.3847358Z 0c3bec63c4903a99acde2a599f1cd5d98df508ae
deploy	Checkout Code	2026-02-09T12:10:29.3854862Z ##[endgroup]
deploy	Checkout Code	2026-02-09T12:10:29.3857709Z ##[group]Determining the checkout info
deploy	Checkout Code	2026-02-09T12:10:29.3860507Z ##[endgroup]
deploy	Checkout Code	2026-02-09T12:10:29.3862368Z [command]/usr/bin/git sparse-checkout disable
deploy	Checkout Code	2026-02-09T12:10:29.3904623Z [command]/usr/bin/git config --local --unset-all extensions.worktreeConfig
deploy	Checkout Code	2026-02-09T12:10:29.3934626Z ##[group]Checking out the ref
deploy	Checkout Code	2026-02-09T12:10:29.3939425Z [command]/usr/bin/git checkout --progress --force -B dev refs/remotes/origin/dev
deploy	Checkout Code	2026-02-09T12:10:29.6712238Z Switched to a new branch 'dev'
deploy	Checkout Code	2026-02-09T12:10:29.6714635Z branch 'dev' set up to track 'origin/dev'.
deploy	Checkout Code	2026-02-09T12:10:29.6748743Z ##[endgroup]
deploy	Checkout Code	2026-02-09T12:10:29.6791884Z [command]/usr/bin/git log -1 --format=%H
deploy	Checkout Code	2026-02-09T12:10:29.6818563Z 0c3bec63c4903a99acde2a599f1cd5d98df508ae
deploy	Generate Environment Variables .env File	﻿2026-02-09T12:10:29.6985501Z ##[group]Run branch_name="dev"
deploy	Generate Environment Variables .env File	2026-02-09T12:10:29.6986318Z [36;1mbranch_name="dev"[0m
deploy	Generate Environment Variables .env File	2026-02-09T12:10:29.6986968Z [36;1mprefix="${branch_name^^}_"[0m
deploy	Generate Environment Variables .env File	2026-02-09T12:10:29.6987834Z [36;1mgithub_repo=$(echo "ExecutESG/***" | tr '[:upper:]' '[:lower:]')[0m
deploy	Generate Environment Variables .env File	2026-02-09T12:10:29.6988609Z [36;1menv_file=".env"[0m
deploy	Generate Environment Variables .env File	2026-02-09T12:10:29.6989199Z [36;1m[0m
deploy	Generate Environment Variables .env File	2026-02-09T12:10:29.6989916Z [36;1mecho "Generating environment variables script for prefix: $prefix"[0m
deploy	Generate Environment Variables .env File	2026-02-09T12:10:29.6990848Z [36;1m[0m
deploy	Generate Environment Variables .env File	2026-02-09T12:10:29.6991902Z [36;1m# Create or truncate the env file if it already exists[0m
deploy	Generate Environment Variables .env File	2026-02-09T12:10:29.6992953Z [36;1m> $env_file[0m
deploy	Generate Environment Variables .env File	2026-02-09T12:10:29.6993849Z [36;1m[0m
deploy	Generate Environment Variables .env File	2026-02-09T12:10:29.6994699Z [36;1m[0m
deploy	Generate Environment Variables .env File	2026-02-09T12:10:29.6996037Z [36;1m# Extract GitHub secrets and environment variables from ALLMYSECRETS and ALLMYVARS[0m
deploy	Generate Environment Variables .env File	2026-02-09T12:10:29.7013868Z [36;1msecrets_json="${ALLMYSECRETS}"[0m
deploy	Generate Environment Variables .env File	2026-02-09T12:10:29.7015288Z [36;1mvars_json="${ALLMYVARS}"[0m
deploy	Generate Environment Variables .env File	2026-02-09T12:10:29.7016429Z [36;1m[0m
deploy	Generate Environment Variables .env File	2026-02-09T12:10:29.7017664Z [36;1mecho "$secrets_json" | jq -r --arg prefix "$prefix" \[0m
deploy	Generate Environment Variables .env File	2026-02-09T12:10:29.7019455Z [36;1m  'to_entries[] | select(.key | startswith($prefix)) | "\(.key[$prefix | length:])=\(.value | @sh)"' >> $env_file[0m
deploy	Generate Environment Variables .env File	2026-02-09T12:10:29.7021009Z [36;1m[0m
deploy	Generate Environment Variables .env File	2026-02-09T12:10:29.7022135Z [36;1mecho "$vars_json" | jq -r --arg prefix "$prefix" \[0m
deploy	Generate Environment Variables .env File	2026-02-09T12:10:29.7023875Z [36;1m  'to_entries[] | select(.key | startswith($prefix)) | "\(.key[$prefix | length:])=\(.value | @sh)"' >> $env_file[0m
deploy	Generate Environment Variables .env File	2026-02-09T12:10:29.7025674Z [36;1m[0m
deploy	Generate Environment Variables .env File	2026-02-09T12:10:29.7027011Z [36;1m# Strip quotes from numeric values to prevent Docker Swarm port mapping errors[0m
deploy	Generate Environment Variables .env File	2026-02-09T12:10:29.7028505Z [36;1msed -i "s/'\([0-9]*\)'/\1/g" $env_file[0m
deploy	Generate Environment Variables .env File	2026-02-09T12:10:29.7029230Z [36;1m[0m
deploy	Generate Environment Variables .env File	2026-02-09T12:10:29.7029849Z [36;1m# Add branch name as env also[0m
deploy	Generate Environment Variables .env File	2026-02-09T12:10:29.7030555Z [36;1mecho "BRANCH_NAME=$branch_name" >> $env_file[0m
deploy	Generate Environment Variables .env File	2026-02-09T12:10:29.7031266Z [36;1m# Add github repo as env also[0m
deploy	Generate Environment Variables .env File	2026-02-09T12:10:29.7031996Z [36;1mecho "GITHUB_REPO=$github_repo" >> $env_file[0m
deploy	Generate Environment Variables .env File	2026-02-09T12:10:29.7032773Z [36;1m# Add the GitHub Container Registry PAT to the env file[0m
deploy	Generate Environment Variables .env File	2026-02-09T12:10:29.7033525Z [36;1mecho "CR_PAT=${CR_PAT}" >> $env_file[0m
deploy	Generate Environment Variables .env File	2026-02-09T12:10:29.7034233Z [36;1mecho "REGISTRY_URL=ghcr.io" >> $env_file[0m
deploy	Generate Environment Variables .env File	2026-02-09T12:10:29.7034886Z [36;1m[0m
deploy	Generate Environment Variables .env File	2026-02-09T12:10:29.7035917Z [36;1mecho "Environment variables script generated successfully."[0m
deploy	Generate Environment Variables .env File	2026-02-09T12:10:29.7076015Z shell: /usr/bin/bash -e {0}
deploy	Generate Environment Variables .env File	2026-02-09T12:10:29.7076679Z env:
deploy	Generate Environment Variables .env File	2026-02-09T12:10:29.7106918Z   ALLMYSECRETS: {
deploy	Generate Environment Variables .env File	  "DEV_MNEMONIC": "***",
deploy	Generate Environment Variables .env File	  "MAIN_PGADMIN_DEFAULT_PASSWORD": "***",
deploy	Generate Environment Variables .env File	  "DOCKER_HUB_TOKEN": "***",
deploy	Generate Environment Variables .env File	  "STAGING_ONTON_API_KEY": "***",
deploy	Generate Environment Variables .env File	  "STAGING_CLOUDFLARE_API_TOKEN": "***",
deploy	Generate Environment Variables .env File	  "DEV_TON_CENTER_TOKEN": "***",
deploy	Generate Environment Variables .env File	  "STAGING_ONTON_API_SECRET": "***",
deploy	Generate Environment Variables .env File	  "STAGING_GITHUB_CLIENT_SECRET": "***",
deploy	Generate Environment Variables .env File	  "SSH_MAIN_IP": "***",
deploy	Generate Environment Variables .env File	  "MAIN_TWITTER_CLIENT_SECRET": "***",
deploy	Generate Environment Variables .env File	  "STAGING_MINIO_ROOT_PASSWORD": "***",
deploy	Generate Environment Variables .env File	  "MAIN_GITHUB_CLIENT_SECRET": "***",
deploy	Generate Environment Variables .env File	  "STAGING_RABBITMQ_DEFAULT_PASS": "***",
deploy	Generate Environment Variables .env File	  "SSH_DEV_IP": "***",
deploy	Generate Environment Variables .env File	  "DEV_POSTGRES_PASSWORD": "***",
deploy	Generate Environment Variables .env File	  "SSH_PASSPHRASE": "***",
deploy	Generate Environment Variables .env File	  "STAGING_CLIENT_API_FIXED_KEY": "***",
deploy	Generate Environment Variables .env File	  "MAIN_TON_CENTER_TOKEN": "***",
deploy	Generate Environment Variables .env File	  "DOCKER_HUB_USERNAME": "***",
deploy	Generate Environment Variables .env File	  "GIT_API_KEY": "***",
deploy	Generate Environment Variables .env File	  "MAIN_CLOUDFLARE_EMAIL": "***",
deploy	Generate Environment Variables .env File	  "MAIN_DATABASE_URL": "***",
deploy	Generate Environment Variables .env File	  "MAIN_CLOUDFLARE_EMAIL_MAIN": "***",
deploy	Generate Environment Variables .env File	  "STAGING_PGADMIN_DEFAULT_EMAIL": "***",
deploy	Generate Environment Variables .env File	  "STAGING_SECRET_EVENT_WALLET_ENC_KEY": "***",
deploy	Generate Environment Variables .env File	  "STAGING_PGADMIN_DEFAULT_PASSWORD": "***",
deploy	Generate Environment Variables .env File	  "CR_PAT": "***",
deploy	Generate Environment Variables .env File	  "MAIN_CLOUDFLARE_API_TOKEN_MAIN": "***",
deploy	Generate Environment Variables .env File	  "MAIN_POSTGRES_USER": "***",
deploy	Generate Environment Variables .env File	  "DEV_BOT_TOKEN": "***",
deploy	Generate Environment Variables .env File	  "STAGING_REDIS_PASSWORD": "***",
deploy	Generate Environment Variables .env File	  "TELEGRAM_CHAT_ID_FOR_DEPLOYMENT": "***",
deploy	Generate Environment Variables .env File	  "STAGING_TONAPI_API_KEY": "***",
deploy	Generate Environment Variables .env File	  "STAGING_CLOUDFLARE_API_TOKEN_MAIN": "***",
deploy	Generate Environment Variables .env File	  "MAIN_BOT_TOKEN": "***",
deploy	Generate Environment Variables .env File	  "MAIN_SENTRY_AUTH_TOKEN": "***",
deploy	Generate Environment Variables .env File	  "github_token": "***",
deploy	Generate Environment Variables .env File	  "STAGING_DATABASE_URL_NFT_MANAGER": "***",
deploy	Generate Environment Variables .env File	  "DEV_CLOUDFLARE_API_TOKEN": "***",
deploy	Generate Environment Variables .env File	  "STAGING_TON_SOCIETY_API_KEY": "***",
deploy	Generate Environment Variables .env File	  "STAGING_POSTGRES_PASSWORD": "***",
deploy	Generate Environment Variables .env File	  "MAIN_RABBITMQ_DEFAULT_USER": "***",
deploy	Generate Environment Variables .env File	  "MAIN_CLOUDFLARE_API_TOKEN": "***",
deploy	Generate Environment Variables .env File	  "MAIN_CLOUDFLARE_DNS_ZONE_ID": "***",
deploy	Generate Environment Variables .env File	  "MAIN_REDIS_PASSWORD": "***",
deploy	Generate Environment Variables .env File	  "STAGING_MINIO_ROOT_USER": "***",
deploy	Generate Environment Variables .env File	  "MAIN_TON_SOCIETY_API_KEY": "***",
deploy	Generate Environment Variables .env File	  "STAGING_CLOUDFLARE_DNS_ZONE_ID": "***",
deploy	Generate Environment Variables .env File	  "DEV_CLIENT_API_JWT_SECRET": "***",
deploy	Generate Environment Variables .env File	  "STAGING_BOT_TOKEN": "***",
deploy	Generate Environment Variables .env File	  "MAIN_MB_ENCRYPTION_SECRET_KEY": "***",
deploy	Generate Environment Variables .env File	  "USE_CLOUDFLARE": "***",
deploy	Generate Environment Variables .env File	  "MAIN_TONAPI_API_KEY": "***",
deploy	Generate Environment Variables .env File	  "SSH_PRIVATE_KEY": "***",
deploy	Generate Environment Variables .env File	  "MAIN_LINKEDIN_CLIENT_SECRET": "***",
deploy	Generate Environment Variables .env File	  "STAGING_MS_CLIENT_SECRET": "***",
deploy	Generate Environment Variables .env File	  "SSH_DEV_KEY": "***",
deploy	Generate Environment Variables .env File	  "STAGING_TWITTER_CLIENT_SECRET": "***",
deploy	Generate Environment Variables .env File	  "STAGING_CLIENT_API_JWT_SECRET": "***",
deploy	Generate Environment Variables .env File	  "MAIN_DATABASE_URL_NFT_MANAGER": "***",
deploy	Generate Environment Variables .env File	  "DEV_ONTON_API_SECRET": "***",
deploy	Generate Environment Variables .env File	  "MAIN_GOOGLE_CLIENT_SECRET": "***",
deploy	Generate Environment Variables .env File	  "MAIN_MS_CLIENT_SECRET": "***",
deploy	Generate Environment Variables .env File	  "STAGING_DATABASE_URL": "***",
deploy	Generate Environment Variables .env File	  "STAGING_TON_CENTER_TOKEN": "***",
deploy	Generate Environment Variables .env File	  "DEV_TON_SOCIETY_API_KEY": "***",
deploy	Generate Environment Variables .env File	  "MAIN_EVENT_WALLET_ENC_KEY": "***",
deploy	Generate Environment Variables .env File	  "STAGING_POSTGRES_USER": "***",
deploy	Generate Environment Variables .env File	  "MAIN_PGADMIN_DEFAULT_EMAIL": "***",
deploy	Generate Environment Variables .env File	  "SSH_MAIN_PORT": "***",
deploy	Generate Environment Variables .env File	  "MAIN_MNEMONIC": "***",
deploy	Generate Environment Variables .env File	  "MAIN_POSTGRES_PASSWORD": "***",
deploy	Generate Environment Variables .env File	  "DEV_TONAPI_API_KEY": "***",
deploy	Generate Environment Variables .env File	  "STAGING_GOOGLE_CLIENT_SECRET": "***",
deploy	Generate Environment Variables .env File	  "DEV_MB_ENCRYPTION_SECRET_KEY": "***",
deploy	Generate Environment Variables .env File	  "STAGING_SENTRY_AUTH_TOKEN": "***",
deploy	Generate Environment Variables .env File	  "DEV_DATABASE_URL": "***",
deploy	Generate Environment Variables .env File	  "DEV_MINIO_ROOT_PASSWORD": "***",
deploy	Generate Environment Variables .env File	  "MAIN_RABBITMQ_DEFAULT_PASS": "***",
deploy	Generate Environment Variables .env File	  "TELEGRAM_BOT_TOKEN_FOR_DEPLOYMENT": "***",
deploy	Generate Environment Variables .env File	  "MAIN_ONTON_API_SECRET": "***",
deploy	Generate Environment Variables .env File	  "MAIN_CLIENT_API_FIXED_KEY": "***",
deploy	Generate Environment Variables .env File	  "SSH_DEV_PORT": "***",
deploy	Generate Environment Variables .env File	  "DEV_ONTON_API_KEY": "***",
deploy	Generate Environment Variables .env File	  "DEV_MINIO_ROOT_USER": "***",
deploy	Generate Environment Variables .env File	  "STAGING_MNEMONIC": "***",
deploy	Generate Environment Variables .env File	  "MAIN_MINIO_ROOT_USER": "***",
deploy	Generate Environment Variables .env File	  "DEV_PGADMIN_DEFAULT_PASSWORD": "***",
deploy	Generate Environment Variables .env File	  "DEV_CLIENT_API_FIXED_KEY": "***",
deploy	Generate Environment Variables .env File	  "STAGING_CLOUDFLARE_EMAIL": "***",
deploy	Generate Environment Variables .env File	  "STAGING_MB_ENCRYPTION_SECRET_KEY": "***",
deploy	Generate Environment Variables .env File	  "MAIN_MINIO_ROOT_PASSWORD": "***",
deploy	Generate Environment Variables .env File	  "MAIN_ONTON_API_KEY": "***",
deploy	Generate Environment Variables .env File	  "STAGING_RABBITMQ_DEFAULT_USER": "***",
deploy	Generate Environment Variables .env File	  "MAIN_CLIENT_API_JWT_SECRET": "***",
deploy	Generate Environment Variables .env File	  "STAGING_LINKEDIN_CLIENT_SECRET": "***",
deploy	Generate Environment Variables .env File	  "DEV_RABBITMQ_DEFAULT_PASS": "***"
deploy	Generate Environment Variables .env File	}
deploy	Generate Environment Variables .env File	2026-02-09T12:10:29.7187006Z   ALLMYVARS: {
deploy	Generate Environment Variables .env File	  "DEV_ACME_AGREE": "true",
deploy	Generate Environment Variables .env File	  "DEV_BRANCH_NAME": "dev",
deploy	Generate Environment Variables .env File	  "DEV_CACHE_ENABLED": "true",
deploy	Generate Environment Variables .env File	  "DEV_CLAMAV_PORT": "***10",
deploy	Generate Environment Variables .env File	  "DEV_CLIENT_API_FIXED_ORGANIZER": "@Ontonadmin",
deploy	Generate Environment Variables .env File	  "DEV_CLIENT_API_FIXED_USER": "@Ontonadmin",
deploy	Generate Environment Variables .env File	  "DEV_CLIENT_WEB_DOMAIN": "dev-client-web.dev.***.live",
deploy	Generate Environment Variables .env File	  "DEV_COMPOSE_PROJECT_NAME": "develop-***",
deploy	Generate Environment Variables .env File	  "DEV_ENV": "development",
deploy	Generate Environment Variables .env File	  "DEV_EVENT_WALLET_ENC_KEY": "Ci5M6/B4Wke4qX6tXViVeW0xM0iH0yh/qvD3Y1xu2v8",
deploy	Generate Environment Variables .env File	  "DEV_GOLANG_SERVER_PORT": "3013",
deploy	Generate Environment Variables .env File	  "DEV_IP_CADDY": "caddy",
deploy	Generate Environment Variables .env File	  "DEV_IP_CLAMAV": "host.docker.internal",
deploy	Generate Environment Variables .env File	  "DEV_IP_CLIENT_WEB": "client-web",
deploy	Generate Environment Variables .env File	  "DEV_IP_GIVEAWAY_CHECKER": "giveaway-checker",
deploy	Generate Environment Variables .env File	  "DEV_IP_GOLANG_SERVER": "golang-server",
deploy	Generate Environment Variables .env File	  "DEV_IP_GOLANG_WORKER": "golang-worker",
deploy	Generate Environment Variables .env File	  "DEV_IP_KIBANA": "kibana",
deploy	Generate Environment Variables .env File	  "DEV_IP_METABASE": "metabase",
deploy	Generate Environment Variables .env File	  "DEV_IP_MINIO": "minio",
deploy	Generate Environment Variables .env File	  "DEV_IP_MINI_APP": "mini-app",
deploy	Generate Environment Variables .env File	  "DEV_IP_MINI_APP_CRON": "mini-app-sbt-worker",
deploy	Generate Environment Variables .env File	  "DEV_IP_NFT_MANAGER": "nft-manager",
deploy	Generate Environment Variables .env File	  "DEV_IP_PARTICIPANT_TMA": "participant-tma",
deploy	Generate Environment Variables .env File	  "DEV_IP_PGADMIN": "pgadmin",
deploy	Generate Environment Variables .env File	  "DEV_IP_POA_WORKER": "mini-app-poa-worker",
deploy	Generate Environment Variables .env File	  "DEV_IP_POSTGRES": "postgres",
deploy	Generate Environment Variables .env File	  "DEV_IP_RABBITMQ": "rabbitmq",
deploy	Generate Environment Variables .env File	  "DEV_IP_RANGE_BASE": "host.docker.internal",
deploy	Generate Environment Variables .env File	  "DEV_IP_RANGE_START": "172.10",
deploy	Generate Environment Variables .env File	  "DEV_IP_RANGE_SUBNET": "24",
deploy	Generate Environment Variables .env File	  "DEV_IP_REDIS": "redis",
deploy	Generate Environment Variables .env File	  "DEV_IP_SOCKET": "mini-app-notification-socket",
deploy	Generate Environment Variables .env File	  "DEV_IP_SWAGGER_UI": "swagger-ui",
deploy	Generate Environment Variables .env File	  "DEV_IP_TELEGRAM_BOT": "telegram-bot",
deploy	Generate Environment Variables .env File	  "DEV_IP_WEBSITE": "website",
deploy	Generate Environment Variables .env File	  "DEV_JWT_SECRET_SOCKET": "D3v@OnTonw3tds112ewq%KD___%1006-7-8-9-0OkMjKlll%909R9OOsf",
deploy	Generate Environment Variables .env File	  "DEV_KIBANA_HASHED_PASSWORD": "$2a$14$6P83mnKs9BxP2qZDaMU.2OzBHY3SG0nnaVXJ8nKluEWEWD5RMmN/W",
deploy	Generate Environment Variables .env File	  "DEV_KIBANA_PORT": "3023",
deploy	Generate Environment Variables .env File	  "DEV_KIBANA_USERNAME": "monitor",
deploy	Generate Environment Variables .env File	  "DEV_LOCAL_DOMAIN": "dev-app.dev.***.live",
deploy	Generate Environment Variables .env File	  "DEV_MB_REDIRECT_ALL_REQUESTS_TO_HTTPS": "true",
deploy	Generate Environment Variables .env File	  "DEV_METABASE_DOMAIN": "dev-metabase.dev.***.live",
deploy	Generate Environment Variables .env File	  "DEV_MINIO_COLLECTION_BUCKET": "***collection",
deploy	Generate Environment Variables .env File	  "DEV_MINIO_DASHBOARD_PORT": "3014",
deploy	Generate Environment Variables .env File	  "DEV_MINIO_DOC_BUCKET": "***doc",
deploy	Generate Environment Variables .env File	  "DEV_MINIO_DOC_DEFAULT_BUCKET": "***",
deploy	Generate Environment Variables .env File	  "DEV_MINIO_ENDPOINT": "minio",
deploy	Generate Environment Variables .env File	  "DEV_MINIO_IMAGE_BUCKET": "***image",
deploy	Generate Environment Variables .env File	  "DEV_MINIO_ITEM_BUCKET": "***item",
deploy	Generate Environment Variables .env File	  "DEV_MINIO_PORT": "3012",
deploy	Generate Environment Variables .env File	  "DEV_MINIO_PUBLIC_URL": "https://dev-storage.dev.***.live",
deploy	Generate Environment Variables .env File	  "DEV_MINIO_REGION_NAME": "default",
deploy	Generate Environment Variables .env File	  "DEV_MINIO_SBT_COLLECTIONS_BUCKET": "sbt-collections",
deploy	Generate Environment Variables .env File	  "DEV_MINIO_STORAGE_ADMIN_DOMAIN": "dev-storage-admin.dev.***.live",
deploy	Generate Environment Variables .env File	  "DEV_MINIO_STORAGE_DOMAIN": "dev-storage.dev.***.live",
deploy	Generate Environment Variables .env File	  "DEV_MINIO_VIDEO_BUCKET": "***video",
deploy	Generate Environment Variables .env File	  "DEV_MINI_APP_DOMAIN": "dev-app.dev.***.live",
deploy	Generate Environment Variables .env File	  "DEV_MINI_APP_PORT": "3000",
deploy	Generate Environment Variables .env File	  "DEV_MINI_APP_SOCKET_DOMAIN": "dev-socket.dev.***.live",
deploy	Generate Environment Variables .env File	  "DEV_MONITORING_DOMAIN": "dev-monitoring.dev.***.live",
deploy	Generate Environment Variables .env File	  "DEV_NETWORK_NAME": "***-dev",
deploy	Generate Environment Variables .env File	  "DEV_NETWORK_PUBLIC_IP": "***",
deploy	Generate Environment Variables .env File	  "DEV_NEXT_PUBLIC_API_BASE_URL": "https://dev-app.dev.***.live/api/v1",
deploy	Generate Environment Variables .env File	  "DEV_NEXT_PUBLIC_APP_BASE_URL": "https://dev-app.dev.***.live",
deploy	Generate Environment Variables .env File	  "DEV_NEXT_PUBLIC_BACKEND_URL_CLIENT": "https://dev-app.dev.***.live/api/client/v1/",
deploy	Generate Environment Variables .env File	  "DEV_NEXT_PUBLIC_BOT_USERNAME": "dev_ont0n_bot",
deploy	Generate Environment Variables .env File	  "DEV_NEXT_PUBLIC_ENV": "development",
deploy	Generate Environment Variables .env File	  "DEV_NEXT_PUBLIC_GTM": "GTM-dev",
deploy	Generate Environment Variables .env File	  "DEV_NEXT_PUBLIC_SOCKET_URL": "dev-socket.dev.***.live",
deploy	Generate Environment Variables .env File	  "DEV_NFT_INTERVAL_TIME": "60000",
deploy	Generate Environment Variables .env File	  "DEV_NFT_MANAGER_PORT": "3004",
deploy	Generate Environment Variables .env File	  "DEV_NODE_ENV": "production",
deploy	Generate Environment Variables .env File	  "DEV_NODE_TLS_REJECT_UNAUTHORIZED": "0",
deploy	Generate Environment Variables .env File	  "DEV_ONTON_DOMAIN": "dev.***.live",
deploy	Generate Environment Variables .env File	  "DEV_PARTICIPANT_TMA_PORT": "3001",
deploy	Generate Environment Variables .env File	  "DEV_PGADMIN_DOMAIN": "dev-pgadmin.dev.***.live",
deploy	Generate Environment Variables .env File	  "DEV_PORT_CLIENT_WEB": "3007",
deploy	Generate Environment Variables .env File	  "DEV_PORT_METABASE": "3009",
deploy	Generate Environment Variables .env File	  "DEV_PORT_PGADMIN": "3006",
deploy	Generate Environment Variables .env File	  "DEV_PORT_WEB_SITE": "3005",
deploy	Generate Environment Variables .env File	  "DEV_POSTGRES_METABASE_DB": "dev-mini-app",
deploy	Generate Environment Variables .env File	  "DEV_POSTGRES_MINI_APP_DB": "dev-mini-app",
deploy	Generate Environment Variables .env File	  "DEV_POSTGRES_NFT_MANAGER_DB": "dev-nft-manager",
deploy	Generate Environment Variables .env File	  "DEV_POSTGRES_PORT": "3008",
deploy	Generate Environment Variables .env File	  "DEV_PTMA_API_BASE_URL": "https://dev-app.dev.***.live/api/v1",
deploy	Generate Environment Variables .env File	  "DEV_RABBITMQ_DOMAIN": "dev-rabbitmq.dev.***.live",
deploy	Generate Environment Variables .env File	  "DEV_RABBITMQ_MANAGEMENT_PORT": "3015",
deploy	Generate Environment Variables .env File	  "DEV_RABBITMQ_NODE_PORT": "3016",
deploy	Generate Environment Variables .env File	  "DEV_REDIS_DATABASES": "1",
deploy	Generate Environment Variables .env File	  "DEV_REDIS_PORT": "3011",
deploy	Generate Environment Variables .env File	  "DEV_REGISTRY_URL": "ghcr.io",
deploy	Generate Environment Variables .env File	  "DEV_SOCKET_PORT": "30***",
deploy	Generate Environment Variables .env File	  "DEV_STAGE_NAME": "dev-***",
deploy	Generate Environment Variables .env File	  "DEV_SWAGGER_UI_DOMAIN": "dev-swagger-ui.dev.***.live",
deploy	Generate Environment Variables .env File	  "DEV_SWAGGER_UI_PORT": "3024",
deploy	Generate Environment Variables .env File	  "DEV_SYS_CADDY_REPLICAS": "1",
deploy	Generate Environment Variables .env File	  "DEV_SYS_MINI_APP_REPLICAS": "1",
deploy	Generate Environment Variables .env File	  "DEV_SYS_PARTICIPANT_TMA_REPLICAS": "1",
deploy	Generate Environment Variables .env File	  "DEV_SYS_WEB_SITE_REPLICAS": "1",
deploy	Generate Environment Variables .env File	  "DEV_TELEGRAM_BOT_PORT": "3002",
deploy	Generate Environment Variables .env File	  "DEV_TG_EVENTS_TOPIC": "2",
deploy	Generate Environment Variables .env File	  "DEV_TG_LOGS_GROUP_ID": "-1002308507308",
deploy	Generate Environment Variables .env File	  "DEV_TG_LOG_BOT_TOKEN": "7604730825:AAE1WJHs5lFI2zX_tba6M-1HYfffA8ugFmA",
deploy	Generate Environment Variables .env File	  "DEV_TG_NOTIFICATION_CHANELL": "-1002164161685",
deploy	Generate Environment Variables .env File	  "DEV_TG_SYSTEM_TOPIC": "16",
deploy	Generate Environment Variables .env File	  "DEV_TG_TICKETS_TOPIC": "4",
deploy	Generate Environment Variables .env File	  "DEV_TON_CENTER_ENDPOINT": "https://toncenter.com/api/v2/jsonRPC",
deploy	Generate Environment Variables .env File	  "DEV_TON_SOCIETY_BASE_URL": "https://id.ton.org/v1",
deploy	Generate Environment Variables .env File	  "DEV_USE_CLOUDFLARE": "true",
deploy	Generate Environment Variables .env File	  "DEV_USE_MAIN_IP_TO_EXPOSE": "true",
deploy	Generate Environment Variables .env File	  "MAIN_ACME_AGREE": "true",
deploy	Generate Environment Variables .env File	  "MAIN_BRANCH_NAME": "main",
deploy	Generate Environment Variables .env File	  "MAIN_CACHE_ENABLED": "true",
deploy	Generate Environment Variables .env File	  "MAIN_CLAMAV_PORT": "***10",
deploy	Generate Environment Variables .env File	  "MAIN_CLIENT_API_FIXED_ORGANIZER": "@Ontonadmin",
deploy	Generate Environment Variables .env File	  "MAIN_CLIENT_API_FIXED_USER": "@Ontonadmin",
deploy	Generate Environment Variables .env File	  "MAIN_CLIENT_WEB_DOMAIN": "client-web.***.live",
deploy	Generate Environment Variables .env File	  "MAIN_COMPOSE_PROJECT_NAME": "production-***",
deploy	Generate Environment Variables .env File	  "MAIN_ENV": "production",
deploy	Generate Environment Variables .env File	  "MAIN_GITHUB_CLIENT_ID": "Ov23liQFN1rMeZicYHnL",
deploy	Generate Environment Variables .env File	  "MAIN_GITHUB_REPO": "***bot",
deploy	Generate Environment Variables .env File	  "MAIN_GOLANG_SERVER_PORT": "8013",
deploy	Generate Environment Variables .env File	  "MAIN_GOOGLE_CLIENT_ID": "174044865725-8urfv981fca74aj3bq2kqik7fbe2rggg.apps.googleusercontent.com",
deploy	Generate Environment Variables .env File	  "MAIN_IP_CADDY": "caddy",
deploy	Generate Environment Variables .env File	  "MAIN_IP_CLAMAV": "host.docker.internal",
deploy	Generate Environment Variables .env File	  "MAIN_IP_CLIENT_WEB": "client-web",
deploy	Generate Environment Variables .env File	  "MAIN_IP_GIVEAWAY_CHECKER": "giveaway-checker",
deploy	Generate Environment Variables .env File	  "MAIN_IP_GOLANG_SERVER": "golang-server",
deploy	Generate Environment Variables .env File	  "MAIN_IP_GOLANG_WORKER": "golang-worker",
deploy	Generate Environment Variables .env File	  "MAIN_IP_KIBANA": "kibana",
deploy	Generate Environment Variables .env File	  "MAIN_IP_METABASE": "metabase",
deploy	Generate Environment Variables .env File	  "MAIN_IP_MINIO": "minio",
deploy	Generate Environment Variables .env File	  "MAIN_IP_MINI_APP": "mini-app",
deploy	Generate Environment Variables .env File	  "MAIN_IP_MINI_APP_CRON": "mini-app-sbt-worker",
deploy	Generate Environment Variables .env File	  "MAIN_IP_NFT_MANAGER": "nft-manager",
deploy	Generate Environment Variables .env File	  "MAIN_IP_PARTICIPANT_TMA": "participant-tma",
deploy	Generate Environment Variables .env File	  "MAIN_IP_PGADMIN": "pgadmin",
deploy	Generate Environment Variables .env File	  "MAIN_IP_POA_WORKER": "mini-app-poa-worker",
deploy	Generate Environment Variables .env File	  "MAIN_IP_POSTGRES": "postgres",
deploy	Generate Environment Variables .env File	  "MAIN_IP_RABBITMQ": "rabbitmq",
deploy	Generate Environment Variables .env File	  "MAIN_IP_RANGE_BASE": "host.docker.internal",
deploy	Generate Environment Variables .env File	  "MAIN_IP_REDIS": "redis",
deploy	Generate Environment Variables .env File	  "MAIN_IP_SOCKET": "mini-app-notification-socket",
deploy	Generate Environment Variables .env File	  "MAIN_IP_SWAGGER_UI": "swagger-ui",
deploy	Generate Environment Variables .env File	  "MAIN_IP_TELEGRAM_BOT": "telegram-bot",
deploy	Generate Environment Variables .env File	  "MAIN_IP_WEBSITE": "website",
deploy	Generate Environment Variables .env File	  "MAIN_JWT_SECRET_SOCKET": "JFDmdjeu__@HF_KKSEEWR_ERW*ER_FGDFG_ET%DG%34534aasd_Rhuefli!hfsdlnf",
deploy	Generate Environment Variables .env File	  "MAIN_KIBANA_HASHED_PASSWORD": "$2a$14$6P83mnKs9BxP2qZDaMU.2OzBHY3SG0nnaVXJ8nKluEWEWD5RMmN/W",
deploy	Generate Environment Variables .env File	  "MAIN_KIBANA_PORT": "8023",
deploy	Generate Environment Variables .env File	  "MAIN_KIBANA_USERNAME": "monitor",
deploy	Generate Environment Variables .env File	  "MAIN_LINKEDIN_CLIENT_ID": "77osbnm9chxr4c",
deploy	Generate Environment Variables .env File	  "MAIN_LOCAL_DOMAIN": "***.live",
deploy	Generate Environment Variables .env File	  "MAIN_MB_REDIRECT_ALL_REQUESTS_TO_HTTPS": "true",
deploy	Generate Environment Variables .env File	  "MAIN_METABASE_DOMAIN": "metabase.***.live",
deploy	Generate Environment Variables .env File	  "MAIN_MINIO_COLLECTION_BUCKET": "***collection",
deploy	Generate Environment Variables .env File	  "MAIN_MINIO_DASHBOARD_PORT": "8014",
deploy	Generate Environment Variables .env File	  "MAIN_MINIO_DOC_BUCKET": "***doc",
deploy	Generate Environment Variables .env File	  "MAIN_MINIO_DOC_DEFAULT_BUCKET": "***",
deploy	Generate Environment Variables .env File	  "MAIN_MINIO_ENDPOINT": "minio",
deploy	Generate Environment Variables .env File	  "MAIN_MINIO_IMAGE_BUCKET": "***image",
deploy	Generate Environment Variables .env File	  "MAIN_MINIO_ITEM_BUCKET": "***item",
deploy	Generate Environment Variables .env File	  "MAIN_MINIO_PORT": "8012",
deploy	Generate Environment Variables .env File	  "MAIN_MINIO_PUBLIC_URL": "https://storage.***.live",
deploy	Generate Environment Variables .env File	  "MAIN_MINIO_REGION_NAME": "default",
deploy	Generate Environment Variables .env File	  "MAIN_MINIO_SBT_COLLECTIONS_BUCKET": "sbt-collections",
deploy	Generate Environment Variables .env File	  "MAIN_MINIO_STORAGE_ADMIN_DOMAIN": "storage-admin.***.live",
deploy	Generate Environment Variables .env File	  "MAIN_MINIO_STORAGE_DOMAIN": "storage.***.live",
deploy	Generate Environment Variables .env File	  "MAIN_MINIO_VIDEO_BUCKET": "***video",
deploy	Generate Environment Variables .env File	  "MAIN_MINI_APP_DOMAIN": "app.***.live",
deploy	Generate Environment Variables .env File	  "MAIN_MINI_APP_PORT": "8000",
deploy	Generate Environment Variables .env File	  "MAIN_MINI_APP_SOCKET_DOMAIN": "socket.***.live",
deploy	Generate Environment Variables .env File	  "MAIN_MONITORING_DOMAIN": "monitoring.***.live",
deploy	Generate Environment Variables .env File	  "MAIN_MS_CLIENT_ID": "916e0c9f-17bc-45c2-9cbc-025c48a0d449",
deploy	Generate Environment Variables .env File	  "MAIN_NETWORK_NAME": "***-production",
deploy	Generate Environment Variables .env File	  "MAIN_NETWORK_PUBLIC_IP": "***",
deploy	Generate Environment Variables .env File	  "MAIN_NEXT_PUBLIC_API_BASE_URL": "https://app.***.live/api/v1",
deploy	Generate Environment Variables .env File	  "MAIN_NEXT_PUBLIC_APP_BASE_URL": "https://app.***.live",
deploy	Generate Environment Variables .env File	  "MAIN_NEXT_PUBLIC_BACKEND_URL_CLIENT": "https://app.***.live/api/client/v1/",
deploy	Generate Environment Variables .env File	  "MAIN_NEXT_PUBLIC_BOT_USERNAME": "the***bot",
deploy	Generate Environment Variables .env File	  "MAIN_NEXT_PUBLIC_ENV": "production",
deploy	Generate Environment Variables .env File	  "MAIN_NEXT_PUBLIC_GTM": "GTM-TSCPWNCM",
deploy	Generate Environment Variables .env File	  "MAIN_NEXT_PUBLIC_SOCKET_URL": "socket.***.live",
deploy	Generate Environment Variables .env File	  "MAIN_NFT_INTERVAL_TIME": "60000",
deploy	Generate Environment Variables .env File	  "MAIN_NFT_MANAGER_PORT": "8004",
deploy	Generate Environment Variables .env File	  "MAIN_NODE_ENV": "production",
deploy	Generate Environment Variables .env File	  "MAIN_NODE_TLS_REJECT_UNAUTHORIZED": "1",
deploy	Generate Environment Variables .env File	  "MAIN_ONTON_DOMAIN": "***.live",
deploy	Generate Environment Variables .env File	  "MAIN_PARTICIPANT_TMA_PORT": "8001",
deploy	Generate Environment Variables .env File	  "MAIN_PGADMIN_DOMAIN": "pgadmin.***.live",
deploy	Generate Environment Variables .env File	  "MAIN_PORT_CLIENT_WEB": "8007",
deploy	Generate Environment Variables .env File	  "MAIN_PORT_METABASE": "8009",
deploy	Generate Environment Variables .env File	  "MAIN_PORT_PGADMIN": "8006",
deploy	Generate Environment Variables .env File	  "MAIN_PORT_WEB_SITE": "8005",
deploy	Generate Environment Variables .env File	  "MAIN_POSTGRES_METABASE_DB": "production-mini-app",
deploy	Generate Environment Variables .env File	  "MAIN_POSTGRES_MINI_APP_DB": "production-mini-app",
deploy	Generate Environment Variables .env File	  "MAIN_POSTGRES_NFT_MANAGER_DB": "production-nft-manager",
deploy	Generate Environment Variables .env File	  "MAIN_POSTGRES_PORT": "8008",
deploy	Generate Environment Variables .env File	  "MAIN_PTMA_API_BASE_URL": "https://app.***.live/api/v1",
deploy	Generate Environment Variables .env File	  "MAIN_RABBITMQ_DOMAIN": "rabbitmq.***.live",
deploy	Generate Environment Variables .env File	  "MAIN_RABBITMQ_MANAGEMENT_PORT": "8015",
deploy	Generate Environment Variables .env File	  "MAIN_RABBITMQ_NODE_PORT": "8016",
deploy	Generate Environment Variables .env File	  "MAIN_REDIS_DATABASES": "1",
deploy	Generate Environment Variables .env File	  "MAIN_REDIS_PORT": "8011",
deploy	Generate Environment Variables .env File	  "MAIN_REGISTRY_URL": "registry.toncloud.observer",
deploy	Generate Environment Variables .env File	  "MAIN_SOCKET_PORT": "80***",
deploy	Generate Environment Variables .env File	  "MAIN_STAGE_NAME": "main-***",
deploy	Generate Environment Variables .env File	  "MAIN_SWAGGER_UI_DOMAIN": "swagger-ui.***.live",
deploy	Generate Environment Variables .env File	  "MAIN_SWAGGER_UI_PORT": "8024",
deploy	Generate Environment Variables .env File	  "MAIN_SYS_CADDY_REPLICAS": "1",
deploy	Generate Environment Variables .env File	  "MAIN_SYS_MINI_APP_REPLICAS": "12",
deploy	Generate Environment Variables .env File	  "MAIN_SYS_PARTICIPANT_TMA_REPLICAS": "6",
deploy	Generate Environment Variables .env File	  "MAIN_SYS_WEB_SITE_REPLICAS": "3",
deploy	Generate Environment Variables .env File	  "MAIN_TELEGRAM_BOT_PORT": "8002",
deploy	Generate Environment Variables .env File	  "MAIN_TG_EVENTS_TOPIC": "2",
deploy	Generate Environment Variables .env File	  "MAIN_TG_LOGS_GROUP_ID": "-1002300666538",
deploy	Generate Environment Variables .env File	  "MAIN_TG_LOG_BOT_TOKEN": "7604730825:AAE1WJHs5lFI2zX_tba6M-1HYfffA8ugFmA",
deploy	Generate Environment Variables .env File	  "MAIN_TG_NOTIFICATION_CHANELL": "-100***32083***",
deploy	Generate Environment Variables .env File	  "MAIN_TG_SYSTEM_TOPIC": "16",
deploy	Generate Environment Variables .env File	  "MAIN_TG_TICKETS_TOPIC": "4",
deploy	Generate Environment Variables .env File	  "MAIN_TON_CENTER_ENDPOINT": "https://toncenter.com/api/v2/jsonRPC",
deploy	Generate Environment Variables .env File	  "MAIN_TON_SOCIETY_BASE_URL": "https://id.ton.org/v1",
deploy	Generate Environment Variables .env File	  "MAIN_TWITTER_CLIENT_ID": "SU1RUS0xaHNsRk5kd014UlZieDQ6MTpjaQ",
deploy	Generate Environment Variables .env File	  "MAIN_USE_CLOUDFLARE": "true",
deploy	Generate Environment Variables .env File	  "MAIN_USE_MAIN_IP_TO_EXPOSE": "true",
deploy	Generate Environment Variables .env File	  "NEXT_PUBLIC_BOT_USERNAME": "notnonstagebot",
deploy	Generate Environment Variables .env File	  "SANDBOX_ACME_AGREE": "true",
deploy	Generate Environment Variables .env File	  "SANDBOX_BRANCH_NAME": "sandbox",
deploy	Generate Environment Variables .env File	  "SANDBOX_CACHE_ENABLED": "true",
deploy	Generate Environment Variables .env File	  "SANDBOX_CLAMAV_PORT": "***10",
deploy	Generate Environment Variables .env File	  "SANDBOX_CLIENT_API_FIXED_ORGANIZER": "@Ontonadmin",
deploy	Generate Environment Variables .env File	  "SANDBOX_CLIENT_API_FIXED_USER": "@Ontonadmin",
deploy	Generate Environment Variables .env File	  "SANDBOX_CLIENT_WEB_DOMAIN": "sandbox-client-web.toncloud.observer",
deploy	Generate Environment Variables .env File	  "SANDBOX_COMPOSE_PROJECT_NAME": "sanbox-***",
deploy	Generate Environment Variables .env File	  "SANDBOX_IP_CADDY": "caddy",
deploy	Generate Environment Variables .env File	  "SANDBOX_IP_CLAMAV": "host.docker.internal",
deploy	Generate Environment Variables .env File	  "SANDBOX_IP_KIBANA": "kibana",
deploy	Generate Environment Variables .env File	  "SANDBOX_IP_METABASE": "metabase",
deploy	Generate Environment Variables .env File	  "SANDBOX_IP_PGADMIN": "pgadmin",
deploy	Generate Environment Variables .env File	  "SANDBOX_IP_POA_WORKER": "mini-app-poa-worker",
deploy	Generate Environment Variables .env File	  "SANDBOX_IP_POSTGRES": "postgres",
deploy	Generate Environment Variables .env File	  "SANDBOX_IP_SOCKET": "mini-app-notification-socket",
deploy	Generate Environment Variables .env File	  "SANDBOX_IP_TELEGRAM_BOT": "telegram-bot",
deploy	Generate Environment Variables .env File	  "SANDBOX_IP_WEBSITE": "website",
deploy	Generate Environment Variables .env File	  "SANDBOX_JWT_SECRET_SOCKET": "D3v@OnTonw3tds112ewq%KD___%1006-7-8-9-0OkMjKlll%909R9OOsf",
deploy	Generate Environment Variables .env File	  "SANDBOX_KIBANA_HASHED_PASSWORD": "$2a$14$6P83mnKs9BxP2qZDaMU.2OzBHY3SG0nnaVXJ8nKluEWEWD5RMmN/W",
deploy	Generate Environment Variables .env File	  "SANDBOX_KIBANA_PORT": "6023",
deploy	Generate Environment Variables .env File	  "SANDBOX_KIBANA_USERNAME": "monitor",
deploy	Generate Environment Variables .env File	  "SANDBOX_LOCAL_DOMAIN": "sandbox-app.toncloud.observer",
deploy	Generate Environment Variables .env File	  "SANDBOX_MB_REDIRECT_ALL_REQUESTS_TO_HTTPS": "true",
deploy	Generate Environment Variables .env File	  "SANDBOX_METABASE_DOMAIN": "sandbox-metabase.toncloud.observer",
deploy	Generate Environment Variables .env File	  "SANDBOX_MINIO_COLLECTION_BUCKET": "***collection",
deploy	Generate Environment Variables .env File	  "SANDBOX_MINIO_DASHBOARD_PORT": "6014",
deploy	Generate Environment Variables .env File	  "SANDBOX_MINIO_DOC_BUCKET": "***doc",
deploy	Generate Environment Variables .env File	  "SANDBOX_MINIO_DOC_DEFAULT_BUCKET": "***",
deploy	Generate Environment Variables .env File	  "SANDBOX_MINIO_ENDPOINT": "minio",
deploy	Generate Environment Variables .env File	  "SANDBOX_MINIO_IMAGE_BUCKET": "***image",
deploy	Generate Environment Variables .env File	  "SANDBOX_MINIO_ITEM_BUCKET": "***item",
deploy	Generate Environment Variables .env File	  "SANDBOX_MINIO_PORT": "6012",
deploy	Generate Environment Variables .env File	  "SANDBOX_MINIO_PUBLIC_URL": "https://sandbox-storage.toncloud.observer",
deploy	Generate Environment Variables .env File	  "SANDBOX_MINIO_REGION_NAME": "default",
deploy	Generate Environment Variables .env File	  "SANDBOX_MINIO_SBT_COLLECTIONS_BUCKET": "sbt-collections",
deploy	Generate Environment Variables .env File	  "SANDBOX_MINIO_STORAGE_ADMIN_DOMAIN": "sandbox-storage-admin.toncloud.observer",
deploy	Generate Environment Variables .env File	  "SANDBOX_MINIO_STORAGE_DOMAIN": "sandbox-storage.toncloud.observer",
deploy	Generate Environment Variables .env File	  "SANDBOX_MINIO_VIDEO_BUCKET": "***video",
deploy	Generate Environment Variables .env File	  "SANDBOX_MINI_APP_DOMAIN": "sandbox-app.toncloud.observer",
deploy	Generate Environment Variables .env File	  "SANDBOX_MINI_APP_PORT": "6000",
deploy	Generate Environment Variables .env File	  "SANDBOX_MINI_APP_SOCKET_DOMAIN": "sandbox-socket.toncloud.observer",
deploy	Generate Environment Variables .env File	  "SANDBOX_MONITORING_DOMAIN": "sandbox-monitoring.toncloud.observer",
deploy	Generate Environment Variables .env File	  "SANDBOX_NETWORK_NAME": "***-sandbox",
deploy	Generate Environment Variables .env File	  "SANDBOX_NETWORK_PUBLIC_IP": "***",
deploy	Generate Environment Variables .env File	  "SANDBOX_NEXT_PUBLIC_API_BASE_URL": "https://sandbox-app.toncloud.observer/api/v1",
deploy	Generate Environment Variables .env File	  "SANDBOX_NEXT_PUBLIC_APP_BASE_URL": "https://sandbox-app.toncloud.observer",
deploy	Generate Environment Variables .env File	  "SANDBOX_NEXT_PUBLIC_BACKEND_URL_CLIENT": "https://sandbox-app.toncloud.observer/api/client/v1/",
deploy	Generate Environment Variables .env File	  "SANDBOX_NEXT_PUBLIC_BOT_USERNAME": "sandbox_ont0n_bot",
deploy	Generate Environment Variables .env File	  "SANDBOX_NEXT_PUBLIC_GTM": "GTM-sandbox",
deploy	Generate Environment Variables .env File	  "SANDBOX_NEXT_PUBLIC_SOCKET_URL": "sandbox-socket.toncloud.observer",
deploy	Generate Environment Variables .env File	  "SANDBOX_NFT_INTERVAL_TIME": "60000",
deploy	Generate Environment Variables .env File	  "SANDBOX_NFT_MANAGER_PORT": "6004",
deploy	Generate Environment Variables .env File	  "SANDBOX_NODE_ENV": "production",
deploy	Generate Environment Variables .env File	  "SANDBOX_NODE_TLS_REJECT_UNAUTHORIZED": "0",
deploy	Generate Environment Variables .env File	  "SANDBOX_ONTON_DOMAIN": "sandbox.toncloud.observer",
deploy	Generate Environment Variables .env File	  "SANDBOX_PARTICIPANT_TMA_PORT": "6001",
deploy	Generate Environment Variables .env File	  "SANDBOX_PGADMIN_DOMAIN": "sandbox-pgadmin.toncloud.observer",
deploy	Generate Environment Variables .env File	  "SANDBOX_PORT_CLIENT_WEB": "6007",
deploy	Generate Environment Variables .env File	  "SANDBOX_PORT_METABASE": "6009",
deploy	Generate Environment Variables .env File	  "SANDBOX_PORT_PGADMIN": "6006",
deploy	Generate Environment Variables .env File	  "SANDBOX_PORT_WEB_SITE": "6005",
deploy	Generate Environment Variables .env File	  "SANDBOX_POSTGRES_METABASE_DB": "sandbox-mini-app",
deploy	Generate Environment Variables .env File	  "SANDBOX_POSTGRES_MINI_APP_DB": "sandbox-mini-app",
deploy	Generate Environment Variables .env File	  "SANDBOX_POSTGRES_NFT_MANAGER_DB": "sandbox-nft-manager",
deploy	Generate Environment Variables .env File	  "SANDBOX_POSTGRES_PORT": "6008",
deploy	Generate Environment Variables .env File	  "SANDBOX_PTMA_API_BASE_URL": "https://sandbox-app.toncloud.observer/api/v1",
deploy	Generate Environment Variables .env File	  "SANDBOX_RABBITMQ_DOMAIN": "sandbox-rabbitmq.toncloud.observer",
deploy	Generate Environment Variables .env File	  "SANDBOX_RABBITMQ_MANAGEMENT_PORT": "6015",
deploy	Generate Environment Variables .env File	  "SANDBOX_RABBITMQ_NODE_PORT": "6016",
deploy	Generate Environment Variables .env File	  "SANDBOX_REDIS_DATABASES": "1",
deploy	Generate Environment Variables .env File	  "SANDBOX_REDIS_PORT": "6011",
deploy	Generate Environment Variables .env File	  "SANDBOX_REGISTRY_URL": "registry.toncloud.observer",
deploy	Generate Environment Variables .env File	  "SANDBOX_SOCKET_PORT": "60***",
deploy	Generate Environment Variables .env File	  "SANDBOX_STAGE_NAME": "sandbox-***",
deploy	Generate Environment Variables .env File	  "SANDBOX_SYS_CADDY_REPLICAS": "1",
deploy	Generate Environment Variables .env File	  "SANDBOX_SYS_MINI_APP_REPLICAS": "2",
deploy	Generate Environment Variables .env File	  "SANDBOX_SYS_PARTICIPANT_TMA_REPLICAS": "2",
deploy	Generate Environment Variables .env File	  "SANDBOX_SYS_WEB_SITE_REPLICAS": "1",
deploy	Generate Environment Variables .env File	  "SANDBOX_TELEGRAM_BOT_PORT": "6002",
deploy	Generate Environment Variables .env File	  "SANDBOX_TG_NOTIFICATION_CHANELL": "-1002164161685",
deploy	Generate Environment Variables .env File	  "SANDBOX_TON_CENTER_ENDPOINT": "https://toncenter.com/api/v2/jsonRPC",
deploy	Generate Environment Variables .env File	  "SANDBOX_TON_SOCIETY_BASE_URL": "https://society.ton.org/v1",
deploy	Generate Environment Variables .env File	  "SANDBOX_USE_CLOUDFLARE": "true",
deploy	Generate Environment Variables .env File	  "SANDBOX_USE_MAIN_IP_TO_EXPOSE": "true",
deploy	Generate Environment Variables .env File	  "STAGING_ACME_AGREE": "true",
deploy	Generate Environment Variables .env File	  "STAGING_BRANCH_NAME": "staging",
deploy	Generate Environment Variables .env File	  "STAGING_CACHE_ENABLED": "true",
deploy	Generate Environment Variables .env File	  "STAGING_CLAMAV_PORT": "***10",
deploy	Generate Environment Variables .env File	  "STAGING_CLIENT_API_FIXED_ORGANIZER": "@Ontonadmin",
deploy	Generate Environment Variables .env File	  "STAGING_CLIENT_API_FIXED_USER": "@Ontonadmin",
deploy	Generate Environment Variables .env File	  "STAGING_CLIENT_WEB_DOMAIN": "staging-client-web.toncloud.observer",
deploy	Generate Environment Variables .env File	  "STAGING_COMPOSE_PROJECT_NAME": "staging-***",
deploy	Generate Environment Variables .env File	  "STAGING_ENV": "staging",
deploy	Generate Environment Variables .env File	  "STAGING_EVENT_WALLET_ENC_KEY": "Ci5M6/B4Wke4qX6tXViVeW0xM0iH0yh/qvD3Y1xu2v8",
deploy	Generate Environment Variables .env File	  "STAGING_GITHUB_CLIENT_ID": "Ov23liQFN1rMeZicYHnL",
deploy	Generate Environment Variables .env File	  "STAGING_GITHUB_REPO": "***bot",
deploy	Generate Environment Variables .env File	  "STAGING_GOLANG_SERVER_PORT": "4013",
deploy	Generate Environment Variables .env File	  "STAGING_GOOGLE_CLIENT_ID": "174044865725-8urfv981fca74aj3bq2kqik7fbe2rggg.apps.googleusercontent.com",
deploy	Generate Environment Variables .env File	  "STAGING_IP_CADDY": "caddy",
deploy	Generate Environment Variables .env File	  "STAGING_IP_CLAMAV": "host.docker.internal",
deploy	Generate Environment Variables .env File	  "STAGING_IP_CLIENT_WEB": "client-web",
deploy	Generate Environment Variables .env File	  "STAGING_IP_GIVEAWAY_CHECKER": "giveaway-checker",
deploy	Generate Environment Variables .env File	  "STAGING_IP_GOLANG_SERVER": "golang-server",
deploy	Generate Environment Variables .env File	  "STAGING_IP_GOLANG_WORKER": "golang-worker",
deploy	Generate Environment Variables .env File	  "STAGING_IP_KIBANA": "kibana",
deploy	Generate Environment Variables .env File	  "STAGING_IP_METABASE": "metabase",
deploy	Generate Environment Variables .env File	  "STAGING_IP_MINIO": "minio",
deploy	Generate Environment Variables .env File	  "STAGING_IP_MINI_APP": "mini-app",
deploy	Generate Environment Variables .env File	  "STAGING_IP_MINI_APP_CRON": "mini-app-sbt-worker",
deploy	Generate Environment Variables .env File	  "STAGING_IP_NFT_MANAGER": "nft-manager",
deploy	Generate Environment Variables .env File	  "STAGING_IP_PARTICIPANT_TMA": "participant-tma",
deploy	Generate Environment Variables .env File	  "STAGING_IP_PGADMIN": "pgadmin",
deploy	Generate Environment Variables .env File	  "STAGING_IP_POA_WORKER": "mini-app-poa-worker",
deploy	Generate Environment Variables .env File	  "STAGING_IP_POSTGRES": "postgres",
deploy	Generate Environment Variables .env File	  "STAGING_IP_RABBITMQ": "rabbitmq",
deploy	Generate Environment Variables .env File	  "STAGING_IP_RANGE_BASE": "host.docker.internal",
deploy	Generate Environment Variables .env File	  "STAGING_IP_RANGE_START": "172.11",
deploy	Generate Environment Variables .env File	  "STAGING_IP_RANGE_SUBNET": "24",
deploy	Generate Environment Variables .env File	  "STAGING_IP_REDIS": "redis",
deploy	Generate Environment Variables .env File	  "STAGING_IP_SOCKET": "IP_SOCKET=mini-app-notification-socket",
deploy	Generate Environment Variables .env File	  "STAGING_IP_SWAGGER_UI": "swagger-ui",
deploy	Generate Environment Variables .env File	  "STAGING_IP_TELEGRAM_BOT": "telegram-bot",
deploy	Generate Environment Variables .env File	  "STAGING_IP_WEBSITE": "website",
deploy	Generate Environment Variables .env File	  "STAGING_JWT_SECRET_SOCKET": "JFDmdjeu__@HF_KKSEEWR_ERWER_FGDFG_ET%DG%34534aasd%_Rhueflihfsdlnf",
deploy	Generate Environment Variables .env File	  "STAGING_KIBANA_HASHED_PASSWORD": "$2a$14$6P83mnKs9BxP2qZDaMU.2OzBHY3SG0nnaVXJ8nKluEWEWD5RMmN/W",
deploy	Generate Environment Variables .env File	  "STAGING_KIBANA_PORT": "4023",
deploy	Generate Environment Variables .env File	  "STAGING_KIBANA_USERNAME": "monitor",
deploy	Generate Environment Variables .env File	  "STAGING_LINKEDIN_CLIENT_ID": "77osbnm9chxr4c",
deploy	Generate Environment Variables .env File	  "STAGING_LOCAL_DOMAIN": "staging-app.toncloud.observer",
deploy	Generate Environment Variables .env File	  "STAGING_MB_REDIRECT_ALL_REQUESTS_TO_HTTPS": "true",
deploy	Generate Environment Variables .env File	  "STAGING_METABASE_DOMAIN": "staging-metabase.toncloud.observer",
deploy	Generate Environment Variables .env File	  "STAGING_MINIO_COLLECTION_BUCKET": "***collection",
deploy	Generate Environment Variables .env File	  "STAGING_MINIO_DASHBOARD_PORT": "4014",
deploy	Generate Environment Variables .env File	  "STAGING_MINIO_DOC_BUCKET": "***doc",
deploy	Generate Environment Variables .env File	  "STAGING_MINIO_DOC_DEFAULT_BUCKET": "***",
deploy	Generate Environment Variables .env File	  "STAGING_MINIO_ENDPOINT": "minio",
deploy	Generate Environment Variables .env File	  "STAGING_MINIO_IMAGE_BUCKET": "***image",
deploy	Generate Environment Variables .env File	  "STAGING_MINIO_ITEM_BUCKET": "***item",
deploy	Generate Environment Variables .env File	  "STAGING_MINIO_PORT": "4012",
deploy	Generate Environment Variables .env File	  "STAGING_MINIO_PUBLIC_URL": "https://staging-storage.toncloud.observer",
deploy	Generate Environment Variables .env File	  "STAGING_MINIO_REGION_NAME": "default",
deploy	Generate Environment Variables .env File	  "STAGING_MINIO_SBT_COLLECTIONS_BUCKET": "sbt-collections",
deploy	Generate Environment Variables .env File	  "STAGING_MINIO_STORAGE_ADMIN_DOMAIN": "staging-storage-admin.toncloud.observer",
deploy	Generate Environment Variables .env File	  "STAGING_MINIO_STORAGE_DOMAIN": "staging-storage.toncloud.observer",
deploy	Generate Environment Variables .env File	  "STAGING_MINIO_VIDEO_BUCKET": "***video",
deploy	Generate Environment Variables .env File	  "STAGING_MINI_APP_DOMAIN": "staging-app.toncloud.observer",
deploy	Generate Environment Variables .env File	  "STAGING_MINI_APP_PORT": "4000",
deploy	Generate Environment Variables .env File	  "STAGING_MINI_APP_SOCKET_DOMAIN": "staging-socket.toncloud.observer",
deploy	Generate Environment Variables .env File	  "STAGING_MONITORING_DOMAIN": "staging-monitoring.toncloud.observer",
deploy	Generate Environment Variables .env File	  "STAGING_MS_CLIENT_ID": "916e0c9f-17bc-45c2-9cbc-025c48a0d449",
deploy	Generate Environment Variables .env File	  "STAGING_NETWORK_NAME": "***-staging",
deploy	Generate Environment Variables .env File	  "STAGING_NETWORK_PUBLIC_IP": "***",
deploy	Generate Environment Variables .env File	  "STAGING_NEXT_PUBLIC_API_BASE_URL": "https://staging-app.toncloud.observer/api/v1",
deploy	Generate Environment Variables .env File	  "STAGING_NEXT_PUBLIC_APP_BASE_URL": "https://staging-app.toncloud.observer",
deploy	Generate Environment Variables .env File	  "STAGING_NEXT_PUBLIC_BACKEND_URL_CLIENT": "https://staging-app.toncloud.observer/api/client/v1/",
deploy	Generate Environment Variables .env File	  "STAGING_NEXT_PUBLIC_BOT_USERNAME": "notnonstagebot",
deploy	Generate Environment Variables .env File	  "STAGING_NEXT_PUBLIC_ENV": "staging",
deploy	Generate Environment Variables .env File	  "STAGING_NEXT_PUBLIC_GTM": "GTM-staging",
deploy	Generate Environment Variables .env File	  "STAGING_NEXT_PUBLIC_SOCKET_URL": "staging-socket.toncloud.observer",
deploy	Generate Environment Variables .env File	  "STAGING_NEXT_PUBLIC_TRPC_BASE_URL": "https://staging-app.toncloud.observer",
deploy	Generate Environment Variables .env File	  "STAGING_NFT_INTERVAL_TIME": "60000",
deploy	Generate Environment Variables .env File	  "STAGING_NFT_MANAGER_PORT": "4004",
deploy	Generate Environment Variables .env File	  "STAGING_NODE_ENV": "production",
deploy	Generate Environment Variables .env File	  "STAGING_NODE_TLS_REJECT_UNAUTHORIZED": "0",
deploy	Generate Environment Variables .env File	  "STAGING_ONTON_DOMAIN": "staging.toncloud.observer",
deploy	Generate Environment Variables .env File	  "STAGING_PARTICIPANT_TMA_PORT": "4001",
deploy	Generate Environment Variables .env File	  "STAGING_PGADMIN_DOMAIN": "staging-pgadmin.toncloud.observer",
deploy	Generate Environment Variables .env File	  "STAGING_PORT_CLIENT_WEB": "4007",
deploy	Generate Environment Variables .env File	  "STAGING_PORT_METABASE": "4009",
deploy	Generate Environment Variables .env File	  "STAGING_PORT_PGADMIN": "4006",
deploy	Generate Environment Variables .env File	  "STAGING_PORT_WEB_SITE": "4005",
deploy	Generate Environment Variables .env File	  "STAGING_POSTGRES_METABASE_DB": "staging-mini-app",
deploy	Generate Environment Variables .env File	  "STAGING_POSTGRES_MINI_APP_DB": "staging-mini-app",
deploy	Generate Environment Variables .env File	  "STAGING_POSTGRES_NFT_MANAGER_DB": "staging-nft-manager",
deploy	Generate Environment Variables .env File	  "STAGING_POSTGRES_PORT": "4008",
deploy	Generate Environment Variables .env File	  "STAGING_PTMA_API_BASE_URL": "https://staging-app.toncloud.observer/api/v1",
deploy	Generate Environment Variables .env File	  "STAGING_RABBITMQ_DOMAIN": "staging-rabbitmq.toncloud.observer",
deploy	Generate Environment Variables .env File	  "STAGING_RABBITMQ_MANAGEMENT_PORT": "4015",
deploy	Generate Environment Variables .env File	  "STAGING_RABBITMQ_NODE_PORT": "4016",
deploy	Generate Environment Variables .env File	  "STAGING_REDIS_DATABASES": "1",
deploy	Generate Environment Variables .env File	  "STAGING_REDIS_PORT": "4011",
deploy	Generate Environment Variables .env File	  "STAGING_REGISTRY_URL": "registry.toncloud.observer",
deploy	Generate Environment Variables .env File	  "STAGING_SOCKET_PORT": "40***",
deploy	Generate Environment Variables .env File	  "STAGING_STAGE_NAME": "staging-***",
deploy	Generate Environment Variables .env File	  "STAGING_SWAGGER_UI_DOMAIN": "staging-swagger-ui.toncloud.observer",
deploy	Generate Environment Variables .env File	  "STAGING_SWAGGER_UI_PORT": "4024",
deploy	Generate Environment Variables .env File	  "STAGING_SYS_CADDY_REPLICAS": "1",
deploy	Generate Environment Variables .env File	  "STAGING_SYS_MINI_APP_REPLICAS": "2",
deploy	Generate Environment Variables .env File	  "STAGING_SYS_PARTICIPANT_TMA_REPLICAS": "2",
deploy	Generate Environment Variables .env File	  "STAGING_SYS_WEB_SITE_REPLICAS": "1",
deploy	Generate Environment Variables .env File	  "STAGING_TELEGRAM_BOT_PORT": "4002",
deploy	Generate Environment Variables .env File	  "STAGING_TG_EVENTS_TOPIC": "2",
deploy	Generate Environment Variables .env File	  "STAGING_TG_LOGS_GROUP_ID": "-100***64975789",
deploy	Generate Environment Variables .env File	  "STAGING_TG_LOG_BOT_TOKEN": "7604730825:AAE1WJHs5lFI2zX_tba6M-1HYfffA8ugFmA",
deploy	Generate Environment Variables .env File	  "STAGING_TG_NOTIFICATION_CHANELL": "-1002164161685",
deploy	Generate Environment Variables .env File	  "STAGING_TG_SYSTEM_TOPIC": "16",
deploy	Generate Environment Variables .env File	  "STAGING_TG_TICKETS_TOPIC": "4",
deploy	Generate Environment Variables .env File	  "STAGING_TON_CENTER_ENDPOINT": "https://toncenter.com/api/v2/jsonRPC",
deploy	Generate Environment Variables .env File	  "STAGING_TON_SOCIETY_BASE_URL": "https://id.ton.org/v1",
deploy	Generate Environment Variables .env File	  "STAGING_TWITTER_CLIENT_ID": "SU1RUS0xaHNsRk5kd014UlZieDQ6MTpjaQ",
deploy	Generate Environment Variables .env File	  "STAGING_USE_CLOUDFLARE": "true",
deploy	Generate Environment Variables .env File	  "STAGING_USE_MAIN_IP_TO_EXPOSE": "true",
deploy	Generate Environment Variables .env File	  "TELEGRAM_BOT_TOKEN_FOR_DEPLOYMENT": "7604730825:AAHhtwa4bGhELsBn2VqUxIIFXVJkRJfKuDs",
deploy	Generate Environment Variables .env File	  "TELEGRAM_CHAT_ID_FOR_DEPLOYMENT": "***"
deploy	Generate Environment Variables .env File	}
deploy	Generate Environment Variables .env File	2026-02-09T12:10:29.7264771Z   SSH_AUTH_SOCK: /tmp/ssh-IlznzUjWu38A/agent.2102
deploy	Generate Environment Variables .env File	2026-02-09T12:10:29.7265570Z   SSH_AGENT_PID: 2103
deploy	Generate Environment Variables .env File	2026-02-09T12:10:29.7266417Z   CR_PAT: ***
deploy	Generate Environment Variables .env File	2026-02-09T12:10:29.7266977Z ##[endgroup]
deploy	Generate Environment Variables .env File	2026-02-09T12:10:29.7369509Z Generating environment variables script for prefix: DEV_
deploy	Generate Environment Variables .env File	2026-02-09T12:10:29.7467387Z Environment variables script generated successfully.
deploy	Set up SSH Environment Variables	﻿2026-02-09T12:10:29.7518744Z ##[group]Run echo "Setting up SSH environment variables..."
deploy	Set up SSH Environment Variables	2026-02-09T12:10:29.7519656Z [36;1mecho "Setting up SSH environment variables..."[0m
deploy	Set up SSH Environment Variables	2026-02-09T12:10:29.7520386Z [36;1mbranch_name="dev"[0m
deploy	Set up SSH Environment Variables	2026-02-09T12:10:29.7520987Z [36;1m[0m
deploy	Set up SSH Environment Variables	2026-02-09T12:10:29.7521645Z [36;1m# Use case-insensitive prefix matching for branch name[0m
deploy	Set up SSH Environment Variables	2026-02-09T12:10:29.7522417Z [36;1mif [[ "$branch_name" == "dev" ]]; then[0m
deploy	Set up SSH Environment Variables	2026-02-09T12:10:29.7523189Z [36;1m  echo "SSH_IP=***" >> $GITHUB_ENV[0m
deploy	Set up SSH Environment Variables	2026-02-09T12:10:29.7524148Z [36;1m  echo "SSH_PORT=***" >> $GITHUB_ENV[0m
deploy	Set up SSH Environment Variables	2026-02-09T12:10:29.7524852Z [36;1melif [[ "$branch_name" == "main" ]]; then[0m
deploy	Set up SSH Environment Variables	2026-02-09T12:10:29.7526332Z [36;1m  echo "SSH_IP=***" >> $GITHUB_ENV[0m
deploy	Set up SSH Environment Variables	2026-02-09T12:10:29.7527028Z [36;1m  echo "SSH_PORT=***" >> $GITHUB_ENV[0m
deploy	Set up SSH Environment Variables	2026-02-09T12:10:29.7527734Z [36;1melif [[ "$branch_name" == "staging" ]]; then[0m
deploy	Set up SSH Environment Variables	2026-02-09T12:10:29.7528439Z [36;1m  echo "SSH_IP=" >> $GITHUB_ENV[0m
deploy	Set up SSH Environment Variables	2026-02-09T12:10:29.7529111Z [36;1m  echo "SSH_PORT=" >> $GITHUB_ENV[0m
deploy	Set up SSH Environment Variables	2026-02-09T12:10:29.7529784Z [36;1melse[0m
deploy	Set up SSH Environment Variables	2026-02-09T12:10:29.7530468Z [36;1m  echo "Error: Unknown branch name, unable to set SSH credentials."[0m
deploy	Set up SSH Environment Variables	2026-02-09T12:10:29.7531243Z [36;1m  exit 1[0m
deploy	Set up SSH Environment Variables	2026-02-09T12:10:29.7531811Z [36;1mfi[0m
deploy	Set up SSH Environment Variables	2026-02-09T12:10:29.7565209Z shell: /usr/bin/bash -e {0}
deploy	Set up SSH Environment Variables	2026-02-09T12:10:29.7565858Z env:
deploy	Set up SSH Environment Variables	2026-02-09T12:10:29.7595703Z   ALLMYSECRETS: {
deploy	Set up SSH Environment Variables	  "DEV_MNEMONIC": "***",
deploy	Set up SSH Environment Variables	  "MAIN_PGADMIN_DEFAULT_PASSWORD": "***",
deploy	Set up SSH Environment Variables	  "DOCKER_HUB_TOKEN": "***",
deploy	Set up SSH Environment Variables	  "STAGING_ONTON_API_KEY": "***",
deploy	Set up SSH Environment Variables	  "STAGING_CLOUDFLARE_API_TOKEN": "***",
deploy	Set up SSH Environment Variables	  "DEV_TON_CENTER_TOKEN": "***",
deploy	Set up SSH Environment Variables	  "STAGING_ONTON_API_SECRET": "***",
deploy	Set up SSH Environment Variables	  "STAGING_GITHUB_CLIENT_SECRET": "***",
deploy	Set up SSH Environment Variables	  "SSH_MAIN_IP": "***",
deploy	Set up SSH Environment Variables	  "MAIN_TWITTER_CLIENT_SECRET": "***",
deploy	Set up SSH Environment Variables	  "STAGING_MINIO_ROOT_PASSWORD": "***",
deploy	Set up SSH Environment Variables	  "MAIN_GITHUB_CLIENT_SECRET": "***",
deploy	Set up SSH Environment Variables	  "STAGING_RABBITMQ_DEFAULT_PASS": "***",
deploy	Set up SSH Environment Variables	  "SSH_DEV_IP": "***",
deploy	Set up SSH Environment Variables	  "DEV_POSTGRES_PASSWORD": "***",
deploy	Set up SSH Environment Variables	  "SSH_PASSPHRASE": "***",
deploy	Set up SSH Environment Variables	  "STAGING_CLIENT_API_FIXED_KEY": "***",
deploy	Set up SSH Environment Variables	  "MAIN_TON_CENTER_TOKEN": "***",
deploy	Set up SSH Environment Variables	  "DOCKER_HUB_USERNAME": "***",
deploy	Set up SSH Environment Variables	  "GIT_API_KEY": "***",
deploy	Set up SSH Environment Variables	  "MAIN_CLOUDFLARE_EMAIL": "***",
deploy	Set up SSH Environment Variables	  "MAIN_DATABASE_URL": "***",
deploy	Set up SSH Environment Variables	  "MAIN_CLOUDFLARE_EMAIL_MAIN": "***",
deploy	Set up SSH Environment Variables	  "STAGING_PGADMIN_DEFAULT_EMAIL": "***",
deploy	Set up SSH Environment Variables	  "STAGING_SECRET_EVENT_WALLET_ENC_KEY": "***",
deploy	Set up SSH Environment Variables	  "STAGING_PGADMIN_DEFAULT_PASSWORD": "***",
deploy	Set up SSH Environment Variables	  "CR_PAT": "***",
deploy	Set up SSH Environment Variables	  "MAIN_CLOUDFLARE_API_TOKEN_MAIN": "***",
deploy	Set up SSH Environment Variables	  "MAIN_POSTGRES_USER": "***",
deploy	Set up SSH Environment Variables	  "DEV_BOT_TOKEN": "***",
deploy	Set up SSH Environment Variables	  "STAGING_REDIS_PASSWORD": "***",
deploy	Set up SSH Environment Variables	  "TELEGRAM_CHAT_ID_FOR_DEPLOYMENT": "***",
deploy	Set up SSH Environment Variables	  "STAGING_TONAPI_API_KEY": "***",
deploy	Set up SSH Environment Variables	  "STAGING_CLOUDFLARE_API_TOKEN_MAIN": "***",
deploy	Set up SSH Environment Variables	  "MAIN_BOT_TOKEN": "***",
deploy	Set up SSH Environment Variables	  "MAIN_SENTRY_AUTH_TOKEN": "***",
deploy	Set up SSH Environment Variables	  "github_token": "***",
deploy	Set up SSH Environment Variables	  "STAGING_DATABASE_URL_NFT_MANAGER": "***",
deploy	Set up SSH Environment Variables	  "DEV_CLOUDFLARE_API_TOKEN": "***",
deploy	Set up SSH Environment Variables	  "STAGING_TON_SOCIETY_API_KEY": "***",
deploy	Set up SSH Environment Variables	  "STAGING_POSTGRES_PASSWORD": "***",
deploy	Set up SSH Environment Variables	  "MAIN_RABBITMQ_DEFAULT_USER": "***",
deploy	Set up SSH Environment Variables	  "MAIN_CLOUDFLARE_API_TOKEN": "***",
deploy	Set up SSH Environment Variables	  "MAIN_CLOUDFLARE_DNS_ZONE_ID": "***",
deploy	Set up SSH Environment Variables	  "MAIN_REDIS_PASSWORD": "***",
deploy	Set up SSH Environment Variables	  "STAGING_MINIO_ROOT_USER": "***",
deploy	Set up SSH Environment Variables	  "MAIN_TON_SOCIETY_API_KEY": "***",
deploy	Set up SSH Environment Variables	  "STAGING_CLOUDFLARE_DNS_ZONE_ID": "***",
deploy	Set up SSH Environment Variables	  "DEV_CLIENT_API_JWT_SECRET": "***",
deploy	Set up SSH Environment Variables	  "STAGING_BOT_TOKEN": "***",
deploy	Set up SSH Environment Variables	  "MAIN_MB_ENCRYPTION_SECRET_KEY": "***",
deploy	Set up SSH Environment Variables	  "USE_CLOUDFLARE": "***",
deploy	Set up SSH Environment Variables	  "MAIN_TONAPI_API_KEY": "***",
deploy	Set up SSH Environment Variables	  "SSH_PRIVATE_KEY": "***",
deploy	Set up SSH Environment Variables	  "MAIN_LINKEDIN_CLIENT_SECRET": "***",
deploy	Set up SSH Environment Variables	  "STAGING_MS_CLIENT_SECRET": "***",
deploy	Set up SSH Environment Variables	  "SSH_DEV_KEY": "***",
deploy	Set up SSH Environment Variables	  "STAGING_TWITTER_CLIENT_SECRET": "***",
deploy	Set up SSH Environment Variables	  "STAGING_CLIENT_API_JWT_SECRET": "***",
deploy	Set up SSH Environment Variables	  "MAIN_DATABASE_URL_NFT_MANAGER": "***",
deploy	Set up SSH Environment Variables	  "DEV_ONTON_API_SECRET": "***",
deploy	Set up SSH Environment Variables	  "MAIN_GOOGLE_CLIENT_SECRET": "***",
deploy	Set up SSH Environment Variables	  "MAIN_MS_CLIENT_SECRET": "***",
deploy	Set up SSH Environment Variables	  "STAGING_DATABASE_URL": "***",
deploy	Set up SSH Environment Variables	  "STAGING_TON_CENTER_TOKEN": "***",
deploy	Set up SSH Environment Variables	  "DEV_TON_SOCIETY_API_KEY": "***",
deploy	Set up SSH Environment Variables	  "MAIN_EVENT_WALLET_ENC_KEY": "***",
deploy	Set up SSH Environment Variables	  "STAGING_POSTGRES_USER": "***",
deploy	Set up SSH Environment Variables	  "MAIN_PGADMIN_DEFAULT_EMAIL": "***",
deploy	Set up SSH Environment Variables	  "SSH_MAIN_PORT": "***",
deploy	Set up SSH Environment Variables	  "MAIN_MNEMONIC": "***",
deploy	Set up SSH Environment Variables	  "MAIN_POSTGRES_PASSWORD": "***",
deploy	Set up SSH Environment Variables	  "DEV_TONAPI_API_KEY": "***",
deploy	Set up SSH Environment Variables	  "STAGING_GOOGLE_CLIENT_SECRET": "***",
deploy	Set up SSH Environment Variables	  "DEV_MB_ENCRYPTION_SECRET_KEY": "***",
deploy	Set up SSH Environment Variables	  "STAGING_SENTRY_AUTH_TOKEN": "***",
deploy	Set up SSH Environment Variables	  "DEV_DATABASE_URL": "***",
deploy	Set up SSH Environment Variables	  "DEV_MINIO_ROOT_PASSWORD": "***",
deploy	Set up SSH Environment Variables	  "MAIN_RABBITMQ_DEFAULT_PASS": "***",
deploy	Set up SSH Environment Variables	  "TELEGRAM_BOT_TOKEN_FOR_DEPLOYMENT": "***",
deploy	Set up SSH Environment Variables	  "MAIN_ONTON_API_SECRET": "***",
deploy	Set up SSH Environment Variables	  "MAIN_CLIENT_API_FIXED_KEY": "***",
deploy	Set up SSH Environment Variables	  "SSH_DEV_PORT": "***",
deploy	Set up SSH Environment Variables	  "DEV_ONTON_API_KEY": "***",
deploy	Set up SSH Environment Variables	  "DEV_MINIO_ROOT_USER": "***",
deploy	Set up SSH Environment Variables	  "STAGING_MNEMONIC": "***",
deploy	Set up SSH Environment Variables	  "MAIN_MINIO_ROOT_USER": "***",
deploy	Set up SSH Environment Variables	  "DEV_PGADMIN_DEFAULT_PASSWORD": "***",
deploy	Set up SSH Environment Variables	  "DEV_CLIENT_API_FIXED_KEY": "***",
deploy	Set up SSH Environment Variables	  "STAGING_CLOUDFLARE_EMAIL": "***",
deploy	Set up SSH Environment Variables	  "STAGING_MB_ENCRYPTION_SECRET_KEY": "***",
deploy	Set up SSH Environment Variables	  "MAIN_MINIO_ROOT_PASSWORD": "***",
deploy	Set up SSH Environment Variables	  "MAIN_ONTON_API_KEY": "***",
deploy	Set up SSH Environment Variables	  "STAGING_RABBITMQ_DEFAULT_USER": "***",
deploy	Set up SSH Environment Variables	  "MAIN_CLIENT_API_JWT_SECRET": "***",
deploy	Set up SSH Environment Variables	  "STAGING_LINKEDIN_CLIENT_SECRET": "***",
deploy	Set up SSH Environment Variables	  "DEV_RABBITMQ_DEFAULT_PASS": "***"
deploy	Set up SSH Environment Variables	}
deploy	Set up SSH Environment Variables	2026-02-09T12:10:29.7675905Z   ALLMYVARS: {
deploy	Set up SSH Environment Variables	  "DEV_ACME_AGREE": "true",
deploy	Set up SSH Environment Variables	  "DEV_BRANCH_NAME": "dev",
deploy	Set up SSH Environment Variables	  "DEV_CACHE_ENABLED": "true",
deploy	Set up SSH Environment Variables	  "DEV_CLAMAV_PORT": "***10",
deploy	Set up SSH Environment Variables	  "DEV_CLIENT_API_FIXED_ORGANIZER": "@Ontonadmin",
deploy	Set up SSH Environment Variables	  "DEV_CLIENT_API_FIXED_USER": "@Ontonadmin",
deploy	Set up SSH Environment Variables	  "DEV_CLIENT_WEB_DOMAIN": "dev-client-web.dev.***.live",
deploy	Set up SSH Environment Variables	  "DEV_COMPOSE_PROJECT_NAME": "develop-***",
deploy	Set up SSH Environment Variables	  "DEV_ENV": "development",
deploy	Set up SSH Environment Variables	  "DEV_EVENT_WALLET_ENC_KEY": "Ci5M6/B4Wke4qX6tXViVeW0xM0iH0yh/qvD3Y1xu2v8",
deploy	Set up SSH Environment Variables	  "DEV_GOLANG_SERVER_PORT": "3013",
deploy	Set up SSH Environment Variables	  "DEV_IP_CADDY": "caddy",
deploy	Set up SSH Environment Variables	  "DEV_IP_CLAMAV": "host.docker.internal",
deploy	Set up SSH Environment Variables	  "DEV_IP_CLIENT_WEB": "client-web",
deploy	Set up SSH Environment Variables	  "DEV_IP_GIVEAWAY_CHECKER": "giveaway-checker",
deploy	Set up SSH Environment Variables	  "DEV_IP_GOLANG_SERVER": "golang-server",
deploy	Set up SSH Environment Variables	  "DEV_IP_GOLANG_WORKER": "golang-worker",
deploy	Set up SSH Environment Variables	  "DEV_IP_KIBANA": "kibana",
deploy	Set up SSH Environment Variables	  "DEV_IP_METABASE": "metabase",
deploy	Set up SSH Environment Variables	  "DEV_IP_MINIO": "minio",
deploy	Set up SSH Environment Variables	  "DEV_IP_MINI_APP": "mini-app",
deploy	Set up SSH Environment Variables	  "DEV_IP_MINI_APP_CRON": "mini-app-sbt-worker",
deploy	Set up SSH Environment Variables	  "DEV_IP_NFT_MANAGER": "nft-manager",
deploy	Set up SSH Environment Variables	  "DEV_IP_PARTICIPANT_TMA": "participant-tma",
deploy	Set up SSH Environment Variables	  "DEV_IP_PGADMIN": "pgadmin",
deploy	Set up SSH Environment Variables	  "DEV_IP_POA_WORKER": "mini-app-poa-worker",
deploy	Set up SSH Environment Variables	  "DEV_IP_POSTGRES": "postgres",
deploy	Set up SSH Environment Variables	  "DEV_IP_RABBITMQ": "rabbitmq",
deploy	Set up SSH Environment Variables	  "DEV_IP_RANGE_BASE": "host.docker.internal",
deploy	Set up SSH Environment Variables	  "DEV_IP_RANGE_START": "172.10",
deploy	Set up SSH Environment Variables	  "DEV_IP_RANGE_SUBNET": "24",
deploy	Set up SSH Environment Variables	  "DEV_IP_REDIS": "redis",
deploy	Set up SSH Environment Variables	  "DEV_IP_SOCKET": "mini-app-notification-socket",
deploy	Set up SSH Environment Variables	  "DEV_IP_SWAGGER_UI": "swagger-ui",
deploy	Set up SSH Environment Variables	  "DEV_IP_TELEGRAM_BOT": "telegram-bot",
deploy	Set up SSH Environment Variables	  "DEV_IP_WEBSITE": "website",
deploy	Set up SSH Environment Variables	  "DEV_JWT_SECRET_SOCKET": "D3v@OnTonw3tds112ewq%KD___%1006-7-8-9-0OkMjKlll%909R9OOsf",
deploy	Set up SSH Environment Variables	  "DEV_KIBANA_HASHED_PASSWORD": "$2a$14$6P83mnKs9BxP2qZDaMU.2OzBHY3SG0nnaVXJ8nKluEWEWD5RMmN/W",
deploy	Set up SSH Environment Variables	  "DEV_KIBANA_PORT": "3023",
deploy	Set up SSH Environment Variables	  "DEV_KIBANA_USERNAME": "monitor",
deploy	Set up SSH Environment Variables	  "DEV_LOCAL_DOMAIN": "dev-app.dev.***.live",
deploy	Set up SSH Environment Variables	  "DEV_MB_REDIRECT_ALL_REQUESTS_TO_HTTPS": "true",
deploy	Set up SSH Environment Variables	  "DEV_METABASE_DOMAIN": "dev-metabase.dev.***.live",
deploy	Set up SSH Environment Variables	  "DEV_MINIO_COLLECTION_BUCKET": "***collection",
deploy	Set up SSH Environment Variables	  "DEV_MINIO_DASHBOARD_PORT": "3014",
deploy	Set up SSH Environment Variables	  "DEV_MINIO_DOC_BUCKET": "***doc",
deploy	Set up SSH Environment Variables	  "DEV_MINIO_DOC_DEFAULT_BUCKET": "***",
deploy	Set up SSH Environment Variables	  "DEV_MINIO_ENDPOINT": "minio",
deploy	Set up SSH Environment Variables	  "DEV_MINIO_IMAGE_BUCKET": "***image",
deploy	Set up SSH Environment Variables	  "DEV_MINIO_ITEM_BUCKET": "***item",
deploy	Set up SSH Environment Variables	  "DEV_MINIO_PORT": "3012",
deploy	Set up SSH Environment Variables	  "DEV_MINIO_PUBLIC_URL": "https://dev-storage.dev.***.live",
deploy	Set up SSH Environment Variables	  "DEV_MINIO_REGION_NAME": "default",
deploy	Set up SSH Environment Variables	  "DEV_MINIO_SBT_COLLECTIONS_BUCKET": "sbt-collections",
deploy	Set up SSH Environment Variables	  "DEV_MINIO_STORAGE_ADMIN_DOMAIN": "dev-storage-admin.dev.***.live",
deploy	Set up SSH Environment Variables	  "DEV_MINIO_STORAGE_DOMAIN": "dev-storage.dev.***.live",
deploy	Set up SSH Environment Variables	  "DEV_MINIO_VIDEO_BUCKET": "***video",
deploy	Set up SSH Environment Variables	  "DEV_MINI_APP_DOMAIN": "dev-app.dev.***.live",
deploy	Set up SSH Environment Variables	  "DEV_MINI_APP_PORT": "3000",
deploy	Set up SSH Environment Variables	  "DEV_MINI_APP_SOCKET_DOMAIN": "dev-socket.dev.***.live",
deploy	Set up SSH Environment Variables	  "DEV_MONITORING_DOMAIN": "dev-monitoring.dev.***.live",
deploy	Set up SSH Environment Variables	  "DEV_NETWORK_NAME": "***-dev",
deploy	Set up SSH Environment Variables	  "DEV_NETWORK_PUBLIC_IP": "***",
deploy	Set up SSH Environment Variables	  "DEV_NEXT_PUBLIC_API_BASE_URL": "https://dev-app.dev.***.live/api/v1",
deploy	Set up SSH Environment Variables	  "DEV_NEXT_PUBLIC_APP_BASE_URL": "https://dev-app.dev.***.live",
deploy	Set up SSH Environment Variables	  "DEV_NEXT_PUBLIC_BACKEND_URL_CLIENT": "https://dev-app.dev.***.live/api/client/v1/",
deploy	Set up SSH Environment Variables	  "DEV_NEXT_PUBLIC_BOT_USERNAME": "dev_ont0n_bot",
deploy	Set up SSH Environment Variables	  "DEV_NEXT_PUBLIC_ENV": "development",
deploy	Set up SSH Environment Variables	  "DEV_NEXT_PUBLIC_GTM": "GTM-dev",
deploy	Set up SSH Environment Variables	  "DEV_NEXT_PUBLIC_SOCKET_URL": "dev-socket.dev.***.live",
deploy	Set up SSH Environment Variables	  "DEV_NFT_INTERVAL_TIME": "60000",
deploy	Set up SSH Environment Variables	  "DEV_NFT_MANAGER_PORT": "3004",
deploy	Set up SSH Environment Variables	  "DEV_NODE_ENV": "production",
deploy	Set up SSH Environment Variables	  "DEV_NODE_TLS_REJECT_UNAUTHORIZED": "0",
deploy	Set up SSH Environment Variables	  "DEV_ONTON_DOMAIN": "dev.***.live",
deploy	Set up SSH Environment Variables	  "DEV_PARTICIPANT_TMA_PORT": "3001",
deploy	Set up SSH Environment Variables	  "DEV_PGADMIN_DOMAIN": "dev-pgadmin.dev.***.live",
deploy	Set up SSH Environment Variables	  "DEV_PORT_CLIENT_WEB": "3007",
deploy	Set up SSH Environment Variables	  "DEV_PORT_METABASE": "3009",
deploy	Set up SSH Environment Variables	  "DEV_PORT_PGADMIN": "3006",
deploy	Set up SSH Environment Variables	  "DEV_PORT_WEB_SITE": "3005",
deploy	Set up SSH Environment Variables	  "DEV_POSTGRES_METABASE_DB": "dev-mini-app",
deploy	Set up SSH Environment Variables	  "DEV_POSTGRES_MINI_APP_DB": "dev-mini-app",
deploy	Set up SSH Environment Variables	  "DEV_POSTGRES_NFT_MANAGER_DB": "dev-nft-manager",
deploy	Set up SSH Environment Variables	  "DEV_POSTGRES_PORT": "3008",
deploy	Set up SSH Environment Variables	  "DEV_PTMA_API_BASE_URL": "https://dev-app.dev.***.live/api/v1",
deploy	Set up SSH Environment Variables	  "DEV_RABBITMQ_DOMAIN": "dev-rabbitmq.dev.***.live",
deploy	Set up SSH Environment Variables	  "DEV_RABBITMQ_MANAGEMENT_PORT": "3015",
deploy	Set up SSH Environment Variables	  "DEV_RABBITMQ_NODE_PORT": "3016",
deploy	Set up SSH Environment Variables	  "DEV_REDIS_DATABASES": "1",
deploy	Set up SSH Environment Variables	  "DEV_REDIS_PORT": "3011",
deploy	Set up SSH Environment Variables	  "DEV_REGISTRY_URL": "ghcr.io",
deploy	Set up SSH Environment Variables	  "DEV_SOCKET_PORT": "30***",
deploy	Set up SSH Environment Variables	  "DEV_STAGE_NAME": "dev-***",
deploy	Set up SSH Environment Variables	  "DEV_SWAGGER_UI_DOMAIN": "dev-swagger-ui.dev.***.live",
deploy	Set up SSH Environment Variables	  "DEV_SWAGGER_UI_PORT": "3024",
deploy	Set up SSH Environment Variables	  "DEV_SYS_CADDY_REPLICAS": "1",
deploy	Set up SSH Environment Variables	  "DEV_SYS_MINI_APP_REPLICAS": "1",
deploy	Set up SSH Environment Variables	  "DEV_SYS_PARTICIPANT_TMA_REPLICAS": "1",
deploy	Set up SSH Environment Variables	  "DEV_SYS_WEB_SITE_REPLICAS": "1",
deploy	Set up SSH Environment Variables	  "DEV_TELEGRAM_BOT_PORT": "3002",
deploy	Set up SSH Environment Variables	  "DEV_TG_EVENTS_TOPIC": "2",
deploy	Set up SSH Environment Variables	  "DEV_TG_LOGS_GROUP_ID": "-1002308507308",
deploy	Set up SSH Environment Variables	  "DEV_TG_LOG_BOT_TOKEN": "7604730825:AAE1WJHs5lFI2zX_tba6M-1HYfffA8ugFmA",
deploy	Set up SSH Environment Variables	  "DEV_TG_NOTIFICATION_CHANELL": "-1002164161685",
deploy	Set up SSH Environment Variables	  "DEV_TG_SYSTEM_TOPIC": "16",
deploy	Set up SSH Environment Variables	  "DEV_TG_TICKETS_TOPIC": "4",
deploy	Set up SSH Environment Variables	  "DEV_TON_CENTER_ENDPOINT": "https://toncenter.com/api/v2/jsonRPC",
deploy	Set up SSH Environment Variables	  "DEV_TON_SOCIETY_BASE_URL": "https://id.ton.org/v1",
deploy	Set up SSH Environment Variables	  "DEV_USE_CLOUDFLARE": "true",
deploy	Set up SSH Environment Variables	  "DEV_USE_MAIN_IP_TO_EXPOSE": "true",
deploy	Set up SSH Environment Variables	  "MAIN_ACME_AGREE": "true",
deploy	Set up SSH Environment Variables	  "MAIN_BRANCH_NAME": "main",
deploy	Set up SSH Environment Variables	  "MAIN_CACHE_ENABLED": "true",
deploy	Set up SSH Environment Variables	  "MAIN_CLAMAV_PORT": "***10",
deploy	Set up SSH Environment Variables	  "MAIN_CLIENT_API_FIXED_ORGANIZER": "@Ontonadmin",
deploy	Set up SSH Environment Variables	  "MAIN_CLIENT_API_FIXED_USER": "@Ontonadmin",
deploy	Set up SSH Environment Variables	  "MAIN_CLIENT_WEB_DOMAIN": "client-web.***.live",
deploy	Set up SSH Environment Variables	  "MAIN_COMPOSE_PROJECT_NAME": "production-***",
deploy	Set up SSH Environment Variables	  "MAIN_ENV": "production",
deploy	Set up SSH Environment Variables	  "MAIN_GITHUB_CLIENT_ID": "Ov23liQFN1rMeZicYHnL",
deploy	Set up SSH Environment Variables	  "MAIN_GITHUB_REPO": "***bot",
deploy	Set up SSH Environment Variables	  "MAIN_GOLANG_SERVER_PORT": "8013",
deploy	Set up SSH Environment Variables	  "MAIN_GOOGLE_CLIENT_ID": "174044865725-8urfv981fca74aj3bq2kqik7fbe2rggg.apps.googleusercontent.com",
deploy	Set up SSH Environment Variables	  "MAIN_IP_CADDY": "caddy",
deploy	Set up SSH Environment Variables	  "MAIN_IP_CLAMAV": "host.docker.internal",
deploy	Set up SSH Environment Variables	  "MAIN_IP_CLIENT_WEB": "client-web",
deploy	Set up SSH Environment Variables	  "MAIN_IP_GIVEAWAY_CHECKER": "giveaway-checker",
deploy	Set up SSH Environment Variables	  "MAIN_IP_GOLANG_SERVER": "golang-server",
deploy	Set up SSH Environment Variables	  "MAIN_IP_GOLANG_WORKER": "golang-worker",
deploy	Set up SSH Environment Variables	  "MAIN_IP_KIBANA": "kibana",
deploy	Set up SSH Environment Variables	  "MAIN_IP_METABASE": "metabase",
deploy	Set up SSH Environment Variables	  "MAIN_IP_MINIO": "minio",
deploy	Set up SSH Environment Variables	  "MAIN_IP_MINI_APP": "mini-app",
deploy	Set up SSH Environment Variables	  "MAIN_IP_MINI_APP_CRON": "mini-app-sbt-worker",
deploy	Set up SSH Environment Variables	  "MAIN_IP_NFT_MANAGER": "nft-manager",
deploy	Set up SSH Environment Variables	  "MAIN_IP_PARTICIPANT_TMA": "participant-tma",
deploy	Set up SSH Environment Variables	  "MAIN_IP_PGADMIN": "pgadmin",
deploy	Set up SSH Environment Variables	  "MAIN_IP_POA_WORKER": "mini-app-poa-worker",
deploy	Set up SSH Environment Variables	  "MAIN_IP_POSTGRES": "postgres",
deploy	Set up SSH Environment Variables	  "MAIN_IP_RABBITMQ": "rabbitmq",
deploy	Set up SSH Environment Variables	  "MAIN_IP_RANGE_BASE": "host.docker.internal",
deploy	Set up SSH Environment Variables	  "MAIN_IP_REDIS": "redis",
deploy	Set up SSH Environment Variables	  "MAIN_IP_SOCKET": "mini-app-notification-socket",
deploy	Set up SSH Environment Variables	  "MAIN_IP_SWAGGER_UI": "swagger-ui",
deploy	Set up SSH Environment Variables	  "MAIN_IP_TELEGRAM_BOT": "telegram-bot",
deploy	Set up SSH Environment Variables	  "MAIN_IP_WEBSITE": "website",
deploy	Set up SSH Environment Variables	  "MAIN_JWT_SECRET_SOCKET": "JFDmdjeu__@HF_KKSEEWR_ERW*ER_FGDFG_ET%DG%34534aasd_Rhuefli!hfsdlnf",
deploy	Set up SSH Environment Variables	  "MAIN_KIBANA_HASHED_PASSWORD": "$2a$14$6P83mnKs9BxP2qZDaMU.2OzBHY3SG0nnaVXJ8nKluEWEWD5RMmN/W",
deploy	Set up SSH Environment Variables	  "MAIN_KIBANA_PORT": "8023",
deploy	Set up SSH Environment Variables	  "MAIN_KIBANA_USERNAME": "monitor",
deploy	Set up SSH Environment Variables	  "MAIN_LINKEDIN_CLIENT_ID": "77osbnm9chxr4c",
deploy	Set up SSH Environment Variables	  "MAIN_LOCAL_DOMAIN": "***.live",
deploy	Set up SSH Environment Variables	  "MAIN_MB_REDIRECT_ALL_REQUESTS_TO_HTTPS": "true",
deploy	Set up SSH Environment Variables	  "MAIN_METABASE_DOMAIN": "metabase.***.live",
deploy	Set up SSH Environment Variables	  "MAIN_MINIO_COLLECTION_BUCKET": "***collection",
deploy	Set up SSH Environment Variables	  "MAIN_MINIO_DASHBOARD_PORT": "8014",
deploy	Set up SSH Environment Variables	  "MAIN_MINIO_DOC_BUCKET": "***doc",
deploy	Set up SSH Environment Variables	  "MAIN_MINIO_DOC_DEFAULT_BUCKET": "***",
deploy	Set up SSH Environment Variables	  "MAIN_MINIO_ENDPOINT": "minio",
deploy	Set up SSH Environment Variables	  "MAIN_MINIO_IMAGE_BUCKET": "***image",
deploy	Set up SSH Environment Variables	  "MAIN_MINIO_ITEM_BUCKET": "***item",
deploy	Set up SSH Environment Variables	  "MAIN_MINIO_PORT": "8012",
deploy	Set up SSH Environment Variables	  "MAIN_MINIO_PUBLIC_URL": "https://storage.***.live",
deploy	Set up SSH Environment Variables	  "MAIN_MINIO_REGION_NAME": "default",
deploy	Set up SSH Environment Variables	  "MAIN_MINIO_SBT_COLLECTIONS_BUCKET": "sbt-collections",
deploy	Set up SSH Environment Variables	  "MAIN_MINIO_STORAGE_ADMIN_DOMAIN": "storage-admin.***.live",
deploy	Set up SSH Environment Variables	  "MAIN_MINIO_STORAGE_DOMAIN": "storage.***.live",
deploy	Set up SSH Environment Variables	  "MAIN_MINIO_VIDEO_BUCKET": "***video",
deploy	Set up SSH Environment Variables	  "MAIN_MINI_APP_DOMAIN": "app.***.live",
deploy	Set up SSH Environment Variables	  "MAIN_MINI_APP_PORT": "8000",
deploy	Set up SSH Environment Variables	  "MAIN_MINI_APP_SOCKET_DOMAIN": "socket.***.live",
deploy	Set up SSH Environment Variables	  "MAIN_MONITORING_DOMAIN": "monitoring.***.live",
deploy	Set up SSH Environment Variables	  "MAIN_MS_CLIENT_ID": "916e0c9f-17bc-45c2-9cbc-025c48a0d449",
deploy	Set up SSH Environment Variables	  "MAIN_NETWORK_NAME": "***-production",
deploy	Set up SSH Environment Variables	  "MAIN_NETWORK_PUBLIC_IP": "***",
deploy	Set up SSH Environment Variables	  "MAIN_NEXT_PUBLIC_API_BASE_URL": "https://app.***.live/api/v1",
deploy	Set up SSH Environment Variables	  "MAIN_NEXT_PUBLIC_APP_BASE_URL": "https://app.***.live",
deploy	Set up SSH Environment Variables	  "MAIN_NEXT_PUBLIC_BACKEND_URL_CLIENT": "https://app.***.live/api/client/v1/",
deploy	Set up SSH Environment Variables	  "MAIN_NEXT_PUBLIC_BOT_USERNAME": "the***bot",
deploy	Set up SSH Environment Variables	  "MAIN_NEXT_PUBLIC_ENV": "production",
deploy	Set up SSH Environment Variables	  "MAIN_NEXT_PUBLIC_GTM": "GTM-TSCPWNCM",
deploy	Set up SSH Environment Variables	  "MAIN_NEXT_PUBLIC_SOCKET_URL": "socket.***.live",
deploy	Set up SSH Environment Variables	  "MAIN_NFT_INTERVAL_TIME": "60000",
deploy	Set up SSH Environment Variables	  "MAIN_NFT_MANAGER_PORT": "8004",
deploy	Set up SSH Environment Variables	  "MAIN_NODE_ENV": "production",
deploy	Set up SSH Environment Variables	  "MAIN_NODE_TLS_REJECT_UNAUTHORIZED": "1",
deploy	Set up SSH Environment Variables	  "MAIN_ONTON_DOMAIN": "***.live",
deploy	Set up SSH Environment Variables	  "MAIN_PARTICIPANT_TMA_PORT": "8001",
deploy	Set up SSH Environment Variables	  "MAIN_PGADMIN_DOMAIN": "pgadmin.***.live",
deploy	Set up SSH Environment Variables	  "MAIN_PORT_CLIENT_WEB": "8007",
deploy	Set up SSH Environment Variables	  "MAIN_PORT_METABASE": "8009",
deploy	Set up SSH Environment Variables	  "MAIN_PORT_PGADMIN": "8006",
deploy	Set up SSH Environment Variables	  "MAIN_PORT_WEB_SITE": "8005",
deploy	Set up SSH Environment Variables	  "MAIN_POSTGRES_METABASE_DB": "production-mini-app",
deploy	Set up SSH Environment Variables	  "MAIN_POSTGRES_MINI_APP_DB": "production-mini-app",
deploy	Set up SSH Environment Variables	  "MAIN_POSTGRES_NFT_MANAGER_DB": "production-nft-manager",
deploy	Set up SSH Environment Variables	  "MAIN_POSTGRES_PORT": "8008",
deploy	Set up SSH Environment Variables	  "MAIN_PTMA_API_BASE_URL": "https://app.***.live/api/v1",
deploy	Set up SSH Environment Variables	  "MAIN_RABBITMQ_DOMAIN": "rabbitmq.***.live",
deploy	Set up SSH Environment Variables	  "MAIN_RABBITMQ_MANAGEMENT_PORT": "8015",
deploy	Set up SSH Environment Variables	  "MAIN_RABBITMQ_NODE_PORT": "8016",
deploy	Set up SSH Environment Variables	  "MAIN_REDIS_DATABASES": "1",
deploy	Set up SSH Environment Variables	  "MAIN_REDIS_PORT": "8011",
deploy	Set up SSH Environment Variables	  "MAIN_REGISTRY_URL": "registry.toncloud.observer",
deploy	Set up SSH Environment Variables	  "MAIN_SOCKET_PORT": "80***",
deploy	Set up SSH Environment Variables	  "MAIN_STAGE_NAME": "main-***",
deploy	Set up SSH Environment Variables	  "MAIN_SWAGGER_UI_DOMAIN": "swagger-ui.***.live",
deploy	Set up SSH Environment Variables	  "MAIN_SWAGGER_UI_PORT": "8024",
deploy	Set up SSH Environment Variables	  "MAIN_SYS_CADDY_REPLICAS": "1",
deploy	Set up SSH Environment Variables	  "MAIN_SYS_MINI_APP_REPLICAS": "12",
deploy	Set up SSH Environment Variables	  "MAIN_SYS_PARTICIPANT_TMA_REPLICAS": "6",
deploy	Set up SSH Environment Variables	  "MAIN_SYS_WEB_SITE_REPLICAS": "3",
deploy	Set up SSH Environment Variables	  "MAIN_TELEGRAM_BOT_PORT": "8002",
deploy	Set up SSH Environment Variables	  "MAIN_TG_EVENTS_TOPIC": "2",
deploy	Set up SSH Environment Variables	  "MAIN_TG_LOGS_GROUP_ID": "-1002300666538",
deploy	Set up SSH Environment Variables	  "MAIN_TG_LOG_BOT_TOKEN": "7604730825:AAE1WJHs5lFI2zX_tba6M-1HYfffA8ugFmA",
deploy	Set up SSH Environment Variables	  "MAIN_TG_NOTIFICATION_CHANELL": "-100***32083***",
deploy	Set up SSH Environment Variables	  "MAIN_TG_SYSTEM_TOPIC": "16",
deploy	Set up SSH Environment Variables	  "MAIN_TG_TICKETS_TOPIC": "4",
deploy	Set up SSH Environment Variables	  "MAIN_TON_CENTER_ENDPOINT": "https://toncenter.com/api/v2/jsonRPC",
deploy	Set up SSH Environment Variables	  "MAIN_TON_SOCIETY_BASE_URL": "https://id.ton.org/v1",
deploy	Set up SSH Environment Variables	  "MAIN_TWITTER_CLIENT_ID": "SU1RUS0xaHNsRk5kd014UlZieDQ6MTpjaQ",
deploy	Set up SSH Environment Variables	  "MAIN_USE_CLOUDFLARE": "true",
deploy	Set up SSH Environment Variables	  "MAIN_USE_MAIN_IP_TO_EXPOSE": "true",
deploy	Set up SSH Environment Variables	  "NEXT_PUBLIC_BOT_USERNAME": "notnonstagebot",
deploy	Set up SSH Environment Variables	  "SANDBOX_ACME_AGREE": "true",
deploy	Set up SSH Environment Variables	  "SANDBOX_BRANCH_NAME": "sandbox",
deploy	Set up SSH Environment Variables	  "SANDBOX_CACHE_ENABLED": "true",
deploy	Set up SSH Environment Variables	  "SANDBOX_CLAMAV_PORT": "***10",
deploy	Set up SSH Environment Variables	  "SANDBOX_CLIENT_API_FIXED_ORGANIZER": "@Ontonadmin",
deploy	Set up SSH Environment Variables	  "SANDBOX_CLIENT_API_FIXED_USER": "@Ontonadmin",
deploy	Set up SSH Environment Variables	  "SANDBOX_CLIENT_WEB_DOMAIN": "sandbox-client-web.toncloud.observer",
deploy	Set up SSH Environment Variables	  "SANDBOX_COMPOSE_PROJECT_NAME": "sanbox-***",
deploy	Set up SSH Environment Variables	  "SANDBOX_IP_CADDY": "caddy",
deploy	Set up SSH Environment Variables	  "SANDBOX_IP_CLAMAV": "host.docker.internal",
deploy	Set up SSH Environment Variables	  "SANDBOX_IP_KIBANA": "kibana",
deploy	Set up SSH Environment Variables	  "SANDBOX_IP_METABASE": "metabase",
deploy	Set up SSH Environment Variables	  "SANDBOX_IP_PGADMIN": "pgadmin",
deploy	Set up SSH Environment Variables	  "SANDBOX_IP_POA_WORKER": "mini-app-poa-worker",
deploy	Set up SSH Environment Variables	  "SANDBOX_IP_POSTGRES": "postgres",
deploy	Set up SSH Environment Variables	  "SANDBOX_IP_SOCKET": "mini-app-notification-socket",
deploy	Set up SSH Environment Variables	  "SANDBOX_IP_TELEGRAM_BOT": "telegram-bot",
deploy	Set up SSH Environment Variables	  "SANDBOX_IP_WEBSITE": "website",
deploy	Set up SSH Environment Variables	  "SANDBOX_JWT_SECRET_SOCKET": "D3v@OnTonw3tds112ewq%KD___%1006-7-8-9-0OkMjKlll%909R9OOsf",
deploy	Set up SSH Environment Variables	  "SANDBOX_KIBANA_HASHED_PASSWORD": "$2a$14$6P83mnKs9BxP2qZDaMU.2OzBHY3SG0nnaVXJ8nKluEWEWD5RMmN/W",
deploy	Set up SSH Environment Variables	  "SANDBOX_KIBANA_PORT": "6023",
deploy	Set up SSH Environment Variables	  "SANDBOX_KIBANA_USERNAME": "monitor",
deploy	Set up SSH Environment Variables	  "SANDBOX_LOCAL_DOMAIN": "sandbox-app.toncloud.observer",
deploy	Set up SSH Environment Variables	  "SANDBOX_MB_REDIRECT_ALL_REQUESTS_TO_HTTPS": "true",
deploy	Set up SSH Environment Variables	  "SANDBOX_METABASE_DOMAIN": "sandbox-metabase.toncloud.observer",
deploy	Set up SSH Environment Variables	  "SANDBOX_MINIO_COLLECTION_BUCKET": "***collection",
deploy	Set up SSH Environment Variables	  "SANDBOX_MINIO_DASHBOARD_PORT": "6014",
deploy	Set up SSH Environment Variables	  "SANDBOX_MINIO_DOC_BUCKET": "***doc",
deploy	Set up SSH Environment Variables	  "SANDBOX_MINIO_DOC_DEFAULT_BUCKET": "***",
deploy	Set up SSH Environment Variables	  "SANDBOX_MINIO_ENDPOINT": "minio",
deploy	Set up SSH Environment Variables	  "SANDBOX_MINIO_IMAGE_BUCKET": "***image",
deploy	Set up SSH Environment Variables	  "SANDBOX_MINIO_ITEM_BUCKET": "***item",
deploy	Set up SSH Environment Variables	  "SANDBOX_MINIO_PORT": "6012",
deploy	Set up SSH Environment Variables	  "SANDBOX_MINIO_PUBLIC_URL": "https://sandbox-storage.toncloud.observer",
deploy	Set up SSH Environment Variables	  "SANDBOX_MINIO_REGION_NAME": "default",
deploy	Set up SSH Environment Variables	  "SANDBOX_MINIO_SBT_COLLECTIONS_BUCKET": "sbt-collections",
deploy	Set up SSH Environment Variables	  "SANDBOX_MINIO_STORAGE_ADMIN_DOMAIN": "sandbox-storage-admin.toncloud.observer",
deploy	Set up SSH Environment Variables	  "SANDBOX_MINIO_STORAGE_DOMAIN": "sandbox-storage.toncloud.observer",
deploy	Set up SSH Environment Variables	  "SANDBOX_MINIO_VIDEO_BUCKET": "***video",
deploy	Set up SSH Environment Variables	  "SANDBOX_MINI_APP_DOMAIN": "sandbox-app.toncloud.observer",
deploy	Set up SSH Environment Variables	  "SANDBOX_MINI_APP_PORT": "6000",
deploy	Set up SSH Environment Variables	  "SANDBOX_MINI_APP_SOCKET_DOMAIN": "sandbox-socket.toncloud.observer",
deploy	Set up SSH Environment Variables	  "SANDBOX_MONITORING_DOMAIN": "sandbox-monitoring.toncloud.observer",
deploy	Set up SSH Environment Variables	  "SANDBOX_NETWORK_NAME": "***-sandbox",
deploy	Set up SSH Environment Variables	  "SANDBOX_NETWORK_PUBLIC_IP": "***",
deploy	Set up SSH Environment Variables	  "SANDBOX_NEXT_PUBLIC_API_BASE_URL": "https://sandbox-app.toncloud.observer/api/v1",
deploy	Set up SSH Environment Variables	  "SANDBOX_NEXT_PUBLIC_APP_BASE_URL": "https://sandbox-app.toncloud.observer",
deploy	Set up SSH Environment Variables	  "SANDBOX_NEXT_PUBLIC_BACKEND_URL_CLIENT": "https://sandbox-app.toncloud.observer/api/client/v1/",
deploy	Set up SSH Environment Variables	  "SANDBOX_NEXT_PUBLIC_BOT_USERNAME": "sandbox_ont0n_bot",
deploy	Set up SSH Environment Variables	  "SANDBOX_NEXT_PUBLIC_GTM": "GTM-sandbox",
deploy	Set up SSH Environment Variables	  "SANDBOX_NEXT_PUBLIC_SOCKET_URL": "sandbox-socket.toncloud.observer",
deploy	Set up SSH Environment Variables	  "SANDBOX_NFT_INTERVAL_TIME": "60000",
deploy	Set up SSH Environment Variables	  "SANDBOX_NFT_MANAGER_PORT": "6004",
deploy	Set up SSH Environment Variables	  "SANDBOX_NODE_ENV": "production",
deploy	Set up SSH Environment Variables	  "SANDBOX_NODE_TLS_REJECT_UNAUTHORIZED": "0",
deploy	Set up SSH Environment Variables	  "SANDBOX_ONTON_DOMAIN": "sandbox.toncloud.observer",
deploy	Set up SSH Environment Variables	  "SANDBOX_PARTICIPANT_TMA_PORT": "6001",
deploy	Set up SSH Environment Variables	  "SANDBOX_PGADMIN_DOMAIN": "sandbox-pgadmin.toncloud.observer",
deploy	Set up SSH Environment Variables	  "SANDBOX_PORT_CLIENT_WEB": "6007",
deploy	Set up SSH Environment Variables	  "SANDBOX_PORT_METABASE": "6009",
deploy	Set up SSH Environment Variables	  "SANDBOX_PORT_PGADMIN": "6006",
deploy	Set up SSH Environment Variables	  "SANDBOX_PORT_WEB_SITE": "6005",
deploy	Set up SSH Environment Variables	  "SANDBOX_POSTGRES_METABASE_DB": "sandbox-mini-app",
deploy	Set up SSH Environment Variables	  "SANDBOX_POSTGRES_MINI_APP_DB": "sandbox-mini-app",
deploy	Set up SSH Environment Variables	  "SANDBOX_POSTGRES_NFT_MANAGER_DB": "sandbox-nft-manager",
deploy	Set up SSH Environment Variables	  "SANDBOX_POSTGRES_PORT": "6008",
deploy	Set up SSH Environment Variables	  "SANDBOX_PTMA_API_BASE_URL": "https://sandbox-app.toncloud.observer/api/v1",
deploy	Set up SSH Environment Variables	  "SANDBOX_RABBITMQ_DOMAIN": "sandbox-rabbitmq.toncloud.observer",
deploy	Set up SSH Environment Variables	  "SANDBOX_RABBITMQ_MANAGEMENT_PORT": "6015",
deploy	Set up SSH Environment Variables	  "SANDBOX_RABBITMQ_NODE_PORT": "6016",
deploy	Set up SSH Environment Variables	  "SANDBOX_REDIS_DATABASES": "1",
deploy	Set up SSH Environment Variables	  "SANDBOX_REDIS_PORT": "6011",
deploy	Set up SSH Environment Variables	  "SANDBOX_REGISTRY_URL": "registry.toncloud.observer",
deploy	Set up SSH Environment Variables	  "SANDBOX_SOCKET_PORT": "60***",
deploy	Set up SSH Environment Variables	  "SANDBOX_STAGE_NAME": "sandbox-***",
deploy	Set up SSH Environment Variables	  "SANDBOX_SYS_CADDY_REPLICAS": "1",
deploy	Set up SSH Environment Variables	  "SANDBOX_SYS_MINI_APP_REPLICAS": "2",
deploy	Set up SSH Environment Variables	  "SANDBOX_SYS_PARTICIPANT_TMA_REPLICAS": "2",
deploy	Set up SSH Environment Variables	  "SANDBOX_SYS_WEB_SITE_REPLICAS": "1",
deploy	Set up SSH Environment Variables	  "SANDBOX_TELEGRAM_BOT_PORT": "6002",
deploy	Set up SSH Environment Variables	  "SANDBOX_TG_NOTIFICATION_CHANELL": "-1002164161685",
deploy	Set up SSH Environment Variables	  "SANDBOX_TON_CENTER_ENDPOINT": "https://toncenter.com/api/v2/jsonRPC",
deploy	Set up SSH Environment Variables	  "SANDBOX_TON_SOCIETY_BASE_URL": "https://society.ton.org/v1",
deploy	Set up SSH Environment Variables	  "SANDBOX_USE_CLOUDFLARE": "true",
deploy	Set up SSH Environment Variables	  "SANDBOX_USE_MAIN_IP_TO_EXPOSE": "true",
deploy	Set up SSH Environment Variables	  "STAGING_ACME_AGREE": "true",
deploy	Set up SSH Environment Variables	  "STAGING_BRANCH_NAME": "staging",
deploy	Set up SSH Environment Variables	  "STAGING_CACHE_ENABLED": "true",
deploy	Set up SSH Environment Variables	  "STAGING_CLAMAV_PORT": "***10",
deploy	Set up SSH Environment Variables	  "STAGING_CLIENT_API_FIXED_ORGANIZER": "@Ontonadmin",
deploy	Set up SSH Environment Variables	  "STAGING_CLIENT_API_FIXED_USER": "@Ontonadmin",
deploy	Set up SSH Environment Variables	  "STAGING_CLIENT_WEB_DOMAIN": "staging-client-web.toncloud.observer",
deploy	Set up SSH Environment Variables	  "STAGING_COMPOSE_PROJECT_NAME": "staging-***",
deploy	Set up SSH Environment Variables	  "STAGING_ENV": "staging",
deploy	Set up SSH Environment Variables	  "STAGING_EVENT_WALLET_ENC_KEY": "Ci5M6/B4Wke4qX6tXViVeW0xM0iH0yh/qvD3Y1xu2v8",
deploy	Set up SSH Environment Variables	  "STAGING_GITHUB_CLIENT_ID": "Ov23liQFN1rMeZicYHnL",
deploy	Set up SSH Environment Variables	  "STAGING_GITHUB_REPO": "***bot",
deploy	Set up SSH Environment Variables	  "STAGING_GOLANG_SERVER_PORT": "4013",
deploy	Set up SSH Environment Variables	  "STAGING_GOOGLE_CLIENT_ID": "174044865725-8urfv981fca74aj3bq2kqik7fbe2rggg.apps.googleusercontent.com",
deploy	Set up SSH Environment Variables	  "STAGING_IP_CADDY": "caddy",
deploy	Set up SSH Environment Variables	  "STAGING_IP_CLAMAV": "host.docker.internal",
deploy	Set up SSH Environment Variables	  "STAGING_IP_CLIENT_WEB": "client-web",
deploy	Set up SSH Environment Variables	  "STAGING_IP_GIVEAWAY_CHECKER": "giveaway-checker",
deploy	Set up SSH Environment Variables	  "STAGING_IP_GOLANG_SERVER": "golang-server",
deploy	Set up SSH Environment Variables	  "STAGING_IP_GOLANG_WORKER": "golang-worker",
deploy	Set up SSH Environment Variables	  "STAGING_IP_KIBANA": "kibana",
deploy	Set up SSH Environment Variables	  "STAGING_IP_METABASE": "metabase",
deploy	Set up SSH Environment Variables	  "STAGING_IP_MINIO": "minio",
deploy	Set up SSH Environment Variables	  "STAGING_IP_MINI_APP": "mini-app",
deploy	Set up SSH Environment Variables	  "STAGING_IP_MINI_APP_CRON": "mini-app-sbt-worker",
deploy	Set up SSH Environment Variables	  "STAGING_IP_NFT_MANAGER": "nft-manager",
deploy	Set up SSH Environment Variables	  "STAGING_IP_PARTICIPANT_TMA": "participant-tma",
deploy	Set up SSH Environment Variables	  "STAGING_IP_PGADMIN": "pgadmin",
deploy	Set up SSH Environment Variables	  "STAGING_IP_POA_WORKER": "mini-app-poa-worker",
deploy	Set up SSH Environment Variables	  "STAGING_IP_POSTGRES": "postgres",
deploy	Set up SSH Environment Variables	  "STAGING_IP_RABBITMQ": "rabbitmq",
deploy	Set up SSH Environment Variables	  "STAGING_IP_RANGE_BASE": "host.docker.internal",
deploy	Set up SSH Environment Variables	  "STAGING_IP_RANGE_START": "172.11",
deploy	Set up SSH Environment Variables	  "STAGING_IP_RANGE_SUBNET": "24",
deploy	Set up SSH Environment Variables	  "STAGING_IP_REDIS": "redis",
deploy	Set up SSH Environment Variables	  "STAGING_IP_SOCKET": "IP_SOCKET=mini-app-notification-socket",
deploy	Set up SSH Environment Variables	  "STAGING_IP_SWAGGER_UI": "swagger-ui",
deploy	Set up SSH Environment Variables	  "STAGING_IP_TELEGRAM_BOT": "telegram-bot",
deploy	Set up SSH Environment Variables	  "STAGING_IP_WEBSITE": "website",
deploy	Set up SSH Environment Variables	  "STAGING_JWT_SECRET_SOCKET": "JFDmdjeu__@HF_KKSEEWR_ERWER_FGDFG_ET%DG%34534aasd%_Rhueflihfsdlnf",
deploy	Set up SSH Environment Variables	  "STAGING_KIBANA_HASHED_PASSWORD": "$2a$14$6P83mnKs9BxP2qZDaMU.2OzBHY3SG0nnaVXJ8nKluEWEWD5RMmN/W",
deploy	Set up SSH Environment Variables	  "STAGING_KIBANA_PORT": "4023",
deploy	Set up SSH Environment Variables	  "STAGING_KIBANA_USERNAME": "monitor",
deploy	Set up SSH Environment Variables	  "STAGING_LINKEDIN_CLIENT_ID": "77osbnm9chxr4c",
deploy	Set up SSH Environment Variables	  "STAGING_LOCAL_DOMAIN": "staging-app.toncloud.observer",
deploy	Set up SSH Environment Variables	  "STAGING_MB_REDIRECT_ALL_REQUESTS_TO_HTTPS": "true",
deploy	Set up SSH Environment Variables	  "STAGING_METABASE_DOMAIN": "staging-metabase.toncloud.observer",
deploy	Set up SSH Environment Variables	  "STAGING_MINIO_COLLECTION_BUCKET": "***collection",
deploy	Set up SSH Environment Variables	  "STAGING_MINIO_DASHBOARD_PORT": "4014",
deploy	Set up SSH Environment Variables	  "STAGING_MINIO_DOC_BUCKET": "***doc",
deploy	Set up SSH Environment Variables	  "STAGING_MINIO_DOC_DEFAULT_BUCKET": "***",
deploy	Set up SSH Environment Variables	  "STAGING_MINIO_ENDPOINT": "minio",
deploy	Set up SSH Environment Variables	  "STAGING_MINIO_IMAGE_BUCKET": "***image",
deploy	Set up SSH Environment Variables	  "STAGING_MINIO_ITEM_BUCKET": "***item",
deploy	Set up SSH Environment Variables	  "STAGING_MINIO_PORT": "4012",
deploy	Set up SSH Environment Variables	  "STAGING_MINIO_PUBLIC_URL": "https://staging-storage.toncloud.observer",
deploy	Set up SSH Environment Variables	  "STAGING_MINIO_REGION_NAME": "default",
deploy	Set up SSH Environment Variables	  "STAGING_MINIO_SBT_COLLECTIONS_BUCKET": "sbt-collections",
deploy	Set up SSH Environment Variables	  "STAGING_MINIO_STORAGE_ADMIN_DOMAIN": "staging-storage-admin.toncloud.observer",
deploy	Set up SSH Environment Variables	  "STAGING_MINIO_STORAGE_DOMAIN": "staging-storage.toncloud.observer",
deploy	Set up SSH Environment Variables	  "STAGING_MINIO_VIDEO_BUCKET": "***video",
deploy	Set up SSH Environment Variables	  "STAGING_MINI_APP_DOMAIN": "staging-app.toncloud.observer",
deploy	Set up SSH Environment Variables	  "STAGING_MINI_APP_PORT": "4000",
deploy	Set up SSH Environment Variables	  "STAGING_MINI_APP_SOCKET_DOMAIN": "staging-socket.toncloud.observer",
deploy	Set up SSH Environment Variables	  "STAGING_MONITORING_DOMAIN": "staging-monitoring.toncloud.observer",
deploy	Set up SSH Environment Variables	  "STAGING_MS_CLIENT_ID": "916e0c9f-17bc-45c2-9cbc-025c48a0d449",
deploy	Set up SSH Environment Variables	  "STAGING_NETWORK_NAME": "***-staging",
deploy	Set up SSH Environment Variables	  "STAGING_NETWORK_PUBLIC_IP": "***",
deploy	Set up SSH Environment Variables	  "STAGING_NEXT_PUBLIC_API_BASE_URL": "https://staging-app.toncloud.observer/api/v1",
deploy	Set up SSH Environment Variables	  "STAGING_NEXT_PUBLIC_APP_BASE_URL": "https://staging-app.toncloud.observer",
deploy	Set up SSH Environment Variables	  "STAGING_NEXT_PUBLIC_BACKEND_URL_CLIENT": "https://staging-app.toncloud.observer/api/client/v1/",
deploy	Set up SSH Environment Variables	  "STAGING_NEXT_PUBLIC_BOT_USERNAME": "notnonstagebot",
deploy	Set up SSH Environment Variables	  "STAGING_NEXT_PUBLIC_ENV": "staging",
deploy	Set up SSH Environment Variables	  "STAGING_NEXT_PUBLIC_GTM": "GTM-staging",
deploy	Set up SSH Environment Variables	  "STAGING_NEXT_PUBLIC_SOCKET_URL": "staging-socket.toncloud.observer",
deploy	Set up SSH Environment Variables	  "STAGING_NEXT_PUBLIC_TRPC_BASE_URL": "https://staging-app.toncloud.observer",
deploy	Set up SSH Environment Variables	  "STAGING_NFT_INTERVAL_TIME": "60000",
deploy	Set up SSH Environment Variables	  "STAGING_NFT_MANAGER_PORT": "4004",
deploy	Set up SSH Environment Variables	  "STAGING_NODE_ENV": "production",
deploy	Set up SSH Environment Variables	  "STAGING_NODE_TLS_REJECT_UNAUTHORIZED": "0",
deploy	Set up SSH Environment Variables	  "STAGING_ONTON_DOMAIN": "staging.toncloud.observer",
deploy	Set up SSH Environment Variables	  "STAGING_PARTICIPANT_TMA_PORT": "4001",
deploy	Set up SSH Environment Variables	  "STAGING_PGADMIN_DOMAIN": "staging-pgadmin.toncloud.observer",
deploy	Set up SSH Environment Variables	  "STAGING_PORT_CLIENT_WEB": "4007",
deploy	Set up SSH Environment Variables	  "STAGING_PORT_METABASE": "4009",
deploy	Set up SSH Environment Variables	  "STAGING_PORT_PGADMIN": "4006",
deploy	Set up SSH Environment Variables	  "STAGING_PORT_WEB_SITE": "4005",
deploy	Set up SSH Environment Variables	  "STAGING_POSTGRES_METABASE_DB": "staging-mini-app",
deploy	Set up SSH Environment Variables	  "STAGING_POSTGRES_MINI_APP_DB": "staging-mini-app",
deploy	Set up SSH Environment Variables	  "STAGING_POSTGRES_NFT_MANAGER_DB": "staging-nft-manager",
deploy	Set up SSH Environment Variables	  "STAGING_POSTGRES_PORT": "4008",
deploy	Set up SSH Environment Variables	  "STAGING_PTMA_API_BASE_URL": "https://staging-app.toncloud.observer/api/v1",
deploy	Set up SSH Environment Variables	  "STAGING_RABBITMQ_DOMAIN": "staging-rabbitmq.toncloud.observer",
deploy	Set up SSH Environment Variables	  "STAGING_RABBITMQ_MANAGEMENT_PORT": "4015",
deploy	Set up SSH Environment Variables	  "STAGING_RABBITMQ_NODE_PORT": "4016",
deploy	Set up SSH Environment Variables	  "STAGING_REDIS_DATABASES": "1",
deploy	Set up SSH Environment Variables	  "STAGING_REDIS_PORT": "4011",
deploy	Set up SSH Environment Variables	  "STAGING_REGISTRY_URL": "registry.toncloud.observer",
deploy	Set up SSH Environment Variables	  "STAGING_SOCKET_PORT": "40***",
deploy	Set up SSH Environment Variables	  "STAGING_STAGE_NAME": "staging-***",
deploy	Set up SSH Environment Variables	  "STAGING_SWAGGER_UI_DOMAIN": "staging-swagger-ui.toncloud.observer",
deploy	Set up SSH Environment Variables	  "STAGING_SWAGGER_UI_PORT": "4024",
deploy	Set up SSH Environment Variables	  "STAGING_SYS_CADDY_REPLICAS": "1",
deploy	Set up SSH Environment Variables	  "STAGING_SYS_MINI_APP_REPLICAS": "2",
deploy	Set up SSH Environment Variables	  "STAGING_SYS_PARTICIPANT_TMA_REPLICAS": "2",
deploy	Set up SSH Environment Variables	  "STAGING_SYS_WEB_SITE_REPLICAS": "1",
deploy	Set up SSH Environment Variables	  "STAGING_TELEGRAM_BOT_PORT": "4002",
deploy	Set up SSH Environment Variables	  "STAGING_TG_EVENTS_TOPIC": "2",
deploy	Set up SSH Environment Variables	  "STAGING_TG_LOGS_GROUP_ID": "-100***64975789",
deploy	Set up SSH Environment Variables	  "STAGING_TG_LOG_BOT_TOKEN": "7604730825:AAE1WJHs5lFI2zX_tba6M-1HYfffA8ugFmA",
deploy	Set up SSH Environment Variables	  "STAGING_TG_NOTIFICATION_CHANELL": "-1002164161685",
deploy	Set up SSH Environment Variables	  "STAGING_TG_SYSTEM_TOPIC": "16",
deploy	Set up SSH Environment Variables	  "STAGING_TG_TICKETS_TOPIC": "4",
deploy	Set up SSH Environment Variables	  "STAGING_TON_CENTER_ENDPOINT": "https://toncenter.com/api/v2/jsonRPC",
deploy	Set up SSH Environment Variables	  "STAGING_TON_SOCIETY_BASE_URL": "https://id.ton.org/v1",
deploy	Set up SSH Environment Variables	  "STAGING_TWITTER_CLIENT_ID": "SU1RUS0xaHNsRk5kd014UlZieDQ6MTpjaQ",
deploy	Set up SSH Environment Variables	  "STAGING_USE_CLOUDFLARE": "true",
deploy	Set up SSH Environment Variables	  "STAGING_USE_MAIN_IP_TO_EXPOSE": "true",
deploy	Set up SSH Environment Variables	  "TELEGRAM_BOT_TOKEN_FOR_DEPLOYMENT": "7604730825:AAHhtwa4bGhELsBn2VqUxIIFXVJkRJfKuDs",
deploy	Set up SSH Environment Variables	  "TELEGRAM_CHAT_ID_FOR_DEPLOYMENT": "***"
deploy	Set up SSH Environment Variables	}
deploy	Set up SSH Environment Variables	2026-02-09T12:10:29.7748907Z   SSH_AUTH_SOCK: /tmp/ssh-IlznzUjWu38A/agent.2102
deploy	Set up SSH Environment Variables	2026-02-09T12:10:29.7749621Z   SSH_AGENT_PID: 2103
deploy	Set up SSH Environment Variables	2026-02-09T12:10:29.7750207Z ##[endgroup]
deploy	Set up SSH Environment Variables	2026-02-09T12:10:29.7813256Z Setting up SSH environment variables...
deploy	Set up Compose File Variable	﻿2026-02-09T12:10:29.7857857Z ##[group]Run if [[ "dev" == "dev" ]]; then
deploy	Set up Compose File Variable	2026-02-09T12:10:29.7858619Z [36;1mif [[ "dev" == "dev" ]]; then[0m
deploy	Set up Compose File Variable	2026-02-09T12:10:29.7859412Z [36;1m  echo "COMPOSE_FILE=docker-compose-server-dev.yml" >> $GITHUB_ENV[0m
deploy	Set up Compose File Variable	2026-02-09T12:10:29.7860179Z [36;1melse[0m
deploy	Set up Compose File Variable	2026-02-09T12:10:29.7860886Z [36;1m  echo "COMPOSE_FILE=docker-compose-server.yml" >> $GITHUB_ENV[0m
deploy	Set up Compose File Variable	2026-02-09T12:10:29.7861616Z [36;1mfi[0m
deploy	Set up Compose File Variable	2026-02-09T12:10:29.7894954Z shell: /usr/bin/bash -e {0}
deploy	Set up Compose File Variable	2026-02-09T12:10:29.7895826Z env:
deploy	Set up Compose File Variable	2026-02-09T12:10:29.7926020Z   ALLMYSECRETS: {
deploy	Set up Compose File Variable	  "DEV_MNEMONIC": "***",
deploy	Set up Compose File Variable	  "MAIN_PGADMIN_DEFAULT_PASSWORD": "***",
deploy	Set up Compose File Variable	  "DOCKER_HUB_TOKEN": "***",
deploy	Set up Compose File Variable	  "STAGING_ONTON_API_KEY": "***",
deploy	Set up Compose File Variable	  "STAGING_CLOUDFLARE_API_TOKEN": "***",
deploy	Set up Compose File Variable	  "DEV_TON_CENTER_TOKEN": "***",
deploy	Set up Compose File Variable	  "STAGING_ONTON_API_SECRET": "***",
deploy	Set up Compose File Variable	  "STAGING_GITHUB_CLIENT_SECRET": "***",
deploy	Set up Compose File Variable	  "SSH_MAIN_IP": "***",
deploy	Set up Compose File Variable	  "MAIN_TWITTER_CLIENT_SECRET": "***",
deploy	Set up Compose File Variable	  "STAGING_MINIO_ROOT_PASSWORD": "***",
deploy	Set up Compose File Variable	  "MAIN_GITHUB_CLIENT_SECRET": "***",
deploy	Set up Compose File Variable	  "STAGING_RABBITMQ_DEFAULT_PASS": "***",
deploy	Set up Compose File Variable	  "SSH_DEV_IP": "***",
deploy	Set up Compose File Variable	  "DEV_POSTGRES_PASSWORD": "***",
deploy	Set up Compose File Variable	  "SSH_PASSPHRASE": "***",
deploy	Set up Compose File Variable	  "STAGING_CLIENT_API_FIXED_KEY": "***",
deploy	Set up Compose File Variable	  "MAIN_TON_CENTER_TOKEN": "***",
deploy	Set up Compose File Variable	  "DOCKER_HUB_USERNAME": "***",
deploy	Set up Compose File Variable	  "GIT_API_KEY": "***",
deploy	Set up Compose File Variable	  "MAIN_CLOUDFLARE_EMAIL": "***",
deploy	Set up Compose File Variable	  "MAIN_DATABASE_URL": "***",
deploy	Set up Compose File Variable	  "MAIN_CLOUDFLARE_EMAIL_MAIN": "***",
deploy	Set up Compose File Variable	  "STAGING_PGADMIN_DEFAULT_EMAIL": "***",
deploy	Set up Compose File Variable	  "STAGING_SECRET_EVENT_WALLET_ENC_KEY": "***",
deploy	Set up Compose File Variable	  "STAGING_PGADMIN_DEFAULT_PASSWORD": "***",
deploy	Set up Compose File Variable	  "CR_PAT": "***",
deploy	Set up Compose File Variable	  "MAIN_CLOUDFLARE_API_TOKEN_MAIN": "***",
deploy	Set up Compose File Variable	  "MAIN_POSTGRES_USER": "***",
deploy	Set up Compose File Variable	  "DEV_BOT_TOKEN": "***",
deploy	Set up Compose File Variable	  "STAGING_REDIS_PASSWORD": "***",
deploy	Set up Compose File Variable	  "TELEGRAM_CHAT_ID_FOR_DEPLOYMENT": "***",
deploy	Set up Compose File Variable	  "STAGING_TONAPI_API_KEY": "***",
deploy	Set up Compose File Variable	  "STAGING_CLOUDFLARE_API_TOKEN_MAIN": "***",
deploy	Set up Compose File Variable	  "MAIN_BOT_TOKEN": "***",
deploy	Set up Compose File Variable	  "MAIN_SENTRY_AUTH_TOKEN": "***",
deploy	Set up Compose File Variable	  "github_token": "***",
deploy	Set up Compose File Variable	  "STAGING_DATABASE_URL_NFT_MANAGER": "***",
deploy	Set up Compose File Variable	  "DEV_CLOUDFLARE_API_TOKEN": "***",
deploy	Set up Compose File Variable	  "STAGING_TON_SOCIETY_API_KEY": "***",
deploy	Set up Compose File Variable	  "STAGING_POSTGRES_PASSWORD": "***",
deploy	Set up Compose File Variable	  "MAIN_RABBITMQ_DEFAULT_USER": "***",
deploy	Set up Compose File Variable	  "MAIN_CLOUDFLARE_API_TOKEN": "***",
deploy	Set up Compose File Variable	  "MAIN_CLOUDFLARE_DNS_ZONE_ID": "***",
deploy	Set up Compose File Variable	  "MAIN_REDIS_PASSWORD": "***",
deploy	Set up Compose File Variable	  "STAGING_MINIO_ROOT_USER": "***",
deploy	Set up Compose File Variable	  "MAIN_TON_SOCIETY_API_KEY": "***",
deploy	Set up Compose File Variable	  "STAGING_CLOUDFLARE_DNS_ZONE_ID": "***",
deploy	Set up Compose File Variable	  "DEV_CLIENT_API_JWT_SECRET": "***",
deploy	Set up Compose File Variable	  "STAGING_BOT_TOKEN": "***",
deploy	Set up Compose File Variable	  "MAIN_MB_ENCRYPTION_SECRET_KEY": "***",
deploy	Set up Compose File Variable	  "USE_CLOUDFLARE": "***",
deploy	Set up Compose File Variable	  "MAIN_TONAPI_API_KEY": "***",
deploy	Set up Compose File Variable	  "SSH_PRIVATE_KEY": "***",
deploy	Set up Compose File Variable	  "MAIN_LINKEDIN_CLIENT_SECRET": "***",
deploy	Set up Compose File Variable	  "STAGING_MS_CLIENT_SECRET": "***",
deploy	Set up Compose File Variable	  "SSH_DEV_KEY": "***",
deploy	Set up Compose File Variable	  "STAGING_TWITTER_CLIENT_SECRET": "***",
deploy	Set up Compose File Variable	  "STAGING_CLIENT_API_JWT_SECRET": "***",
deploy	Set up Compose File Variable	  "MAIN_DATABASE_URL_NFT_MANAGER": "***",
deploy	Set up Compose File Variable	  "DEV_ONTON_API_SECRET": "***",
deploy	Set up Compose File Variable	  "MAIN_GOOGLE_CLIENT_SECRET": "***",
deploy	Set up Compose File Variable	  "MAIN_MS_CLIENT_SECRET": "***",
deploy	Set up Compose File Variable	  "STAGING_DATABASE_URL": "***",
deploy	Set up Compose File Variable	  "STAGING_TON_CENTER_TOKEN": "***",
deploy	Set up Compose File Variable	  "DEV_TON_SOCIETY_API_KEY": "***",
deploy	Set up Compose File Variable	  "MAIN_EVENT_WALLET_ENC_KEY": "***",
deploy	Set up Compose File Variable	  "STAGING_POSTGRES_USER": "***",
deploy	Set up Compose File Variable	  "MAIN_PGADMIN_DEFAULT_EMAIL": "***",
deploy	Set up Compose File Variable	  "SSH_MAIN_PORT": "***",
deploy	Set up Compose File Variable	  "MAIN_MNEMONIC": "***",
deploy	Set up Compose File Variable	  "MAIN_POSTGRES_PASSWORD": "***",
deploy	Set up Compose File Variable	  "DEV_TONAPI_API_KEY": "***",
deploy	Set up Compose File Variable	  "STAGING_GOOGLE_CLIENT_SECRET": "***",
deploy	Set up Compose File Variable	  "DEV_MB_ENCRYPTION_SECRET_KEY": "***",
deploy	Set up Compose File Variable	  "STAGING_SENTRY_AUTH_TOKEN": "***",
deploy	Set up Compose File Variable	  "DEV_DATABASE_URL": "***",
deploy	Set up Compose File Variable	  "DEV_MINIO_ROOT_PASSWORD": "***",
deploy	Set up Compose File Variable	  "MAIN_RABBITMQ_DEFAULT_PASS": "***",
deploy	Set up Compose File Variable	  "TELEGRAM_BOT_TOKEN_FOR_DEPLOYMENT": "***",
deploy	Set up Compose File Variable	  "MAIN_ONTON_API_SECRET": "***",
deploy	Set up Compose File Variable	  "MAIN_CLIENT_API_FIXED_KEY": "***",
deploy	Set up Compose File Variable	  "SSH_DEV_PORT": "***",
deploy	Set up Compose File Variable	  "DEV_ONTON_API_KEY": "***",
deploy	Set up Compose File Variable	  "DEV_MINIO_ROOT_USER": "***",
deploy	Set up Compose File Variable	  "STAGING_MNEMONIC": "***",
deploy	Set up Compose File Variable	  "MAIN_MINIO_ROOT_USER": "***",
deploy	Set up Compose File Variable	  "DEV_PGADMIN_DEFAULT_PASSWORD": "***",
deploy	Set up Compose File Variable	  "DEV_CLIENT_API_FIXED_KEY": "***",
deploy	Set up Compose File Variable	  "STAGING_CLOUDFLARE_EMAIL": "***",
deploy	Set up Compose File Variable	  "STAGING_MB_ENCRYPTION_SECRET_KEY": "***",
deploy	Set up Compose File Variable	  "MAIN_MINIO_ROOT_PASSWORD": "***",
deploy	Set up Compose File Variable	  "MAIN_ONTON_API_KEY": "***",
deploy	Set up Compose File Variable	  "STAGING_RABBITMQ_DEFAULT_USER": "***",
deploy	Set up Compose File Variable	  "MAIN_CLIENT_API_JWT_SECRET": "***",
deploy	Set up Compose File Variable	  "STAGING_LINKEDIN_CLIENT_SECRET": "***",
deploy	Set up Compose File Variable	  "DEV_RABBITMQ_DEFAULT_PASS": "***"
deploy	Set up Compose File Variable	}
deploy	Set up Compose File Variable	2026-02-09T12:10:29.8007024Z   ALLMYVARS: {
deploy	Set up Compose File Variable	  "DEV_ACME_AGREE": "true",
deploy	Set up Compose File Variable	  "DEV_BRANCH_NAME": "dev",
deploy	Set up Compose File Variable	  "DEV_CACHE_ENABLED": "true",
deploy	Set up Compose File Variable	  "DEV_CLAMAV_PORT": "***10",
deploy	Set up Compose File Variable	  "DEV_CLIENT_API_FIXED_ORGANIZER": "@Ontonadmin",
deploy	Set up Compose File Variable	  "DEV_CLIENT_API_FIXED_USER": "@Ontonadmin",
deploy	Set up Compose File Variable	  "DEV_CLIENT_WEB_DOMAIN": "dev-client-web.dev.***.live",
deploy	Set up Compose File Variable	  "DEV_COMPOSE_PROJECT_NAME": "develop-***",
deploy	Set up Compose File Variable	  "DEV_ENV": "development",
deploy	Set up Compose File Variable	  "DEV_EVENT_WALLET_ENC_KEY": "Ci5M6/B4Wke4qX6tXViVeW0xM0iH0yh/qvD3Y1xu2v8",
deploy	Set up Compose File Variable	  "DEV_GOLANG_SERVER_PORT": "3013",
deploy	Set up Compose File Variable	  "DEV_IP_CADDY": "caddy",
deploy	Set up Compose File Variable	  "DEV_IP_CLAMAV": "host.docker.internal",
deploy	Set up Compose File Variable	  "DEV_IP_CLIENT_WEB": "client-web",
deploy	Set up Compose File Variable	  "DEV_IP_GIVEAWAY_CHECKER": "giveaway-checker",
deploy	Set up Compose File Variable	  "DEV_IP_GOLANG_SERVER": "golang-server",
deploy	Set up Compose File Variable	  "DEV_IP_GOLANG_WORKER": "golang-worker",
deploy	Set up Compose File Variable	  "DEV_IP_KIBANA": "kibana",
deploy	Set up Compose File Variable	  "DEV_IP_METABASE": "metabase",
deploy	Set up Compose File Variable	  "DEV_IP_MINIO": "minio",
deploy	Set up Compose File Variable	  "DEV_IP_MINI_APP": "mini-app",
deploy	Set up Compose File Variable	  "DEV_IP_MINI_APP_CRON": "mini-app-sbt-worker",
deploy	Set up Compose File Variable	  "DEV_IP_NFT_MANAGER": "nft-manager",
deploy	Set up Compose File Variable	  "DEV_IP_PARTICIPANT_TMA": "participant-tma",
deploy	Set up Compose File Variable	  "DEV_IP_PGADMIN": "pgadmin",
deploy	Set up Compose File Variable	  "DEV_IP_POA_WORKER": "mini-app-poa-worker",
deploy	Set up Compose File Variable	  "DEV_IP_POSTGRES": "postgres",
deploy	Set up Compose File Variable	  "DEV_IP_RABBITMQ": "rabbitmq",
deploy	Set up Compose File Variable	  "DEV_IP_RANGE_BASE": "host.docker.internal",
deploy	Set up Compose File Variable	  "DEV_IP_RANGE_START": "172.10",
deploy	Set up Compose File Variable	  "DEV_IP_RANGE_SUBNET": "24",
deploy	Set up Compose File Variable	  "DEV_IP_REDIS": "redis",
deploy	Set up Compose File Variable	  "DEV_IP_SOCKET": "mini-app-notification-socket",
deploy	Set up Compose File Variable	  "DEV_IP_SWAGGER_UI": "swagger-ui",
deploy	Set up Compose File Variable	  "DEV_IP_TELEGRAM_BOT": "telegram-bot",
deploy	Set up Compose File Variable	  "DEV_IP_WEBSITE": "website",
deploy	Set up Compose File Variable	  "DEV_JWT_SECRET_SOCKET": "D3v@OnTonw3tds112ewq%KD___%1006-7-8-9-0OkMjKlll%909R9OOsf",
deploy	Set up Compose File Variable	  "DEV_KIBANA_HASHED_PASSWORD": "$2a$14$6P83mnKs9BxP2qZDaMU.2OzBHY3SG0nnaVXJ8nKluEWEWD5RMmN/W",
deploy	Set up Compose File Variable	  "DEV_KIBANA_PORT": "3023",
deploy	Set up Compose File Variable	  "DEV_KIBANA_USERNAME": "monitor",
deploy	Set up Compose File Variable	  "DEV_LOCAL_DOMAIN": "dev-app.dev.***.live",
deploy	Set up Compose File Variable	  "DEV_MB_REDIRECT_ALL_REQUESTS_TO_HTTPS": "true",
deploy	Set up Compose File Variable	  "DEV_METABASE_DOMAIN": "dev-metabase.dev.***.live",
deploy	Set up Compose File Variable	  "DEV_MINIO_COLLECTION_BUCKET": "***collection",
deploy	Set up Compose File Variable	  "DEV_MINIO_DASHBOARD_PORT": "3014",
deploy	Set up Compose File Variable	  "DEV_MINIO_DOC_BUCKET": "***doc",
deploy	Set up Compose File Variable	  "DEV_MINIO_DOC_DEFAULT_BUCKET": "***",
deploy	Set up Compose File Variable	  "DEV_MINIO_ENDPOINT": "minio",
deploy	Set up Compose File Variable	  "DEV_MINIO_IMAGE_BUCKET": "***image",
deploy	Set up Compose File Variable	  "DEV_MINIO_ITEM_BUCKET": "***item",
deploy	Set up Compose File Variable	  "DEV_MINIO_PORT": "3012",
deploy	Set up Compose File Variable	  "DEV_MINIO_PUBLIC_URL": "https://dev-storage.dev.***.live",
deploy	Set up Compose File Variable	  "DEV_MINIO_REGION_NAME": "default",
deploy	Set up Compose File Variable	  "DEV_MINIO_SBT_COLLECTIONS_BUCKET": "sbt-collections",
deploy	Set up Compose File Variable	  "DEV_MINIO_STORAGE_ADMIN_DOMAIN": "dev-storage-admin.dev.***.live",
deploy	Set up Compose File Variable	  "DEV_MINIO_STORAGE_DOMAIN": "dev-storage.dev.***.live",
deploy	Set up Compose File Variable	  "DEV_MINIO_VIDEO_BUCKET": "***video",
deploy	Set up Compose File Variable	  "DEV_MINI_APP_DOMAIN": "dev-app.dev.***.live",
deploy	Set up Compose File Variable	  "DEV_MINI_APP_PORT": "3000",
deploy	Set up Compose File Variable	  "DEV_MINI_APP_SOCKET_DOMAIN": "dev-socket.dev.***.live",
deploy	Set up Compose File Variable	  "DEV_MONITORING_DOMAIN": "dev-monitoring.dev.***.live",
deploy	Set up Compose File Variable	  "DEV_NETWORK_NAME": "***-dev",
deploy	Set up Compose File Variable	  "DEV_NETWORK_PUBLIC_IP": "***",
deploy	Set up Compose File Variable	  "DEV_NEXT_PUBLIC_API_BASE_URL": "https://dev-app.dev.***.live/api/v1",
deploy	Set up Compose File Variable	  "DEV_NEXT_PUBLIC_APP_BASE_URL": "https://dev-app.dev.***.live",
deploy	Set up Compose File Variable	  "DEV_NEXT_PUBLIC_BACKEND_URL_CLIENT": "https://dev-app.dev.***.live/api/client/v1/",
deploy	Set up Compose File Variable	  "DEV_NEXT_PUBLIC_BOT_USERNAME": "dev_ont0n_bot",
deploy	Set up Compose File Variable	  "DEV_NEXT_PUBLIC_ENV": "development",
deploy	Set up Compose File Variable	  "DEV_NEXT_PUBLIC_GTM": "GTM-dev",
deploy	Set up Compose File Variable	  "DEV_NEXT_PUBLIC_SOCKET_URL": "dev-socket.dev.***.live",
deploy	Set up Compose File Variable	  "DEV_NFT_INTERVAL_TIME": "60000",
deploy	Set up Compose File Variable	  "DEV_NFT_MANAGER_PORT": "3004",
deploy	Set up Compose File Variable	  "DEV_NODE_ENV": "production",
deploy	Set up Compose File Variable	  "DEV_NODE_TLS_REJECT_UNAUTHORIZED": "0",
deploy	Set up Compose File Variable	  "DEV_ONTON_DOMAIN": "dev.***.live",
deploy	Set up Compose File Variable	  "DEV_PARTICIPANT_TMA_PORT": "3001",
deploy	Set up Compose File Variable	  "DEV_PGADMIN_DOMAIN": "dev-pgadmin.dev.***.live",
deploy	Set up Compose File Variable	  "DEV_PORT_CLIENT_WEB": "3007",
deploy	Set up Compose File Variable	  "DEV_PORT_METABASE": "3009",
deploy	Set up Compose File Variable	  "DEV_PORT_PGADMIN": "3006",
deploy	Set up Compose File Variable	  "DEV_PORT_WEB_SITE": "3005",
deploy	Set up Compose File Variable	  "DEV_POSTGRES_METABASE_DB": "dev-mini-app",
deploy	Set up Compose File Variable	  "DEV_POSTGRES_MINI_APP_DB": "dev-mini-app",
deploy	Set up Compose File Variable	  "DEV_POSTGRES_NFT_MANAGER_DB": "dev-nft-manager",
deploy	Set up Compose File Variable	  "DEV_POSTGRES_PORT": "3008",
deploy	Set up Compose File Variable	  "DEV_PTMA_API_BASE_URL": "https://dev-app.dev.***.live/api/v1",
deploy	Set up Compose File Variable	  "DEV_RABBITMQ_DOMAIN": "dev-rabbitmq.dev.***.live",
deploy	Set up Compose File Variable	  "DEV_RABBITMQ_MANAGEMENT_PORT": "3015",
deploy	Set up Compose File Variable	  "DEV_RABBITMQ_NODE_PORT": "3016",
deploy	Set up Compose File Variable	  "DEV_REDIS_DATABASES": "1",
deploy	Set up Compose File Variable	  "DEV_REDIS_PORT": "3011",
deploy	Set up Compose File Variable	  "DEV_REGISTRY_URL": "ghcr.io",
deploy	Set up Compose File Variable	  "DEV_SOCKET_PORT": "30***",
deploy	Set up Compose File Variable	  "DEV_STAGE_NAME": "dev-***",
deploy	Set up Compose File Variable	  "DEV_SWAGGER_UI_DOMAIN": "dev-swagger-ui.dev.***.live",
deploy	Set up Compose File Variable	  "DEV_SWAGGER_UI_PORT": "3024",
deploy	Set up Compose File Variable	  "DEV_SYS_CADDY_REPLICAS": "1",
deploy	Set up Compose File Variable	  "DEV_SYS_MINI_APP_REPLICAS": "1",
deploy	Set up Compose File Variable	  "DEV_SYS_PARTICIPANT_TMA_REPLICAS": "1",
deploy	Set up Compose File Variable	  "DEV_SYS_WEB_SITE_REPLICAS": "1",
deploy	Set up Compose File Variable	  "DEV_TELEGRAM_BOT_PORT": "3002",
deploy	Set up Compose File Variable	  "DEV_TG_EVENTS_TOPIC": "2",
deploy	Set up Compose File Variable	  "DEV_TG_LOGS_GROUP_ID": "-1002308507308",
deploy	Set up Compose File Variable	  "DEV_TG_LOG_BOT_TOKEN": "7604730825:AAE1WJHs5lFI2zX_tba6M-1HYfffA8ugFmA",
deploy	Set up Compose File Variable	  "DEV_TG_NOTIFICATION_CHANELL": "-1002164161685",
deploy	Set up Compose File Variable	  "DEV_TG_SYSTEM_TOPIC": "16",
deploy	Set up Compose File Variable	  "DEV_TG_TICKETS_TOPIC": "4",
deploy	Set up Compose File Variable	  "DEV_TON_CENTER_ENDPOINT": "https://toncenter.com/api/v2/jsonRPC",
deploy	Set up Compose File Variable	  "DEV_TON_SOCIETY_BASE_URL": "https://id.ton.org/v1",
deploy	Set up Compose File Variable	  "DEV_USE_CLOUDFLARE": "true",
deploy	Set up Compose File Variable	  "DEV_USE_MAIN_IP_TO_EXPOSE": "true",
deploy	Set up Compose File Variable	  "MAIN_ACME_AGREE": "true",
deploy	Set up Compose File Variable	  "MAIN_BRANCH_NAME": "main",
deploy	Set up Compose File Variable	  "MAIN_CACHE_ENABLED": "true",
deploy	Set up Compose File Variable	  "MAIN_CLAMAV_PORT": "***10",
deploy	Set up Compose File Variable	  "MAIN_CLIENT_API_FIXED_ORGANIZER": "@Ontonadmin",
deploy	Set up Compose File Variable	  "MAIN_CLIENT_API_FIXED_USER": "@Ontonadmin",
deploy	Set up Compose File Variable	  "MAIN_CLIENT_WEB_DOMAIN": "client-web.***.live",
deploy	Set up Compose File Variable	  "MAIN_COMPOSE_PROJECT_NAME": "production-***",
deploy	Set up Compose File Variable	  "MAIN_ENV": "production",
deploy	Set up Compose File Variable	  "MAIN_GITHUB_CLIENT_ID": "Ov23liQFN1rMeZicYHnL",
deploy	Set up Compose File Variable	  "MAIN_GITHUB_REPO": "***bot",
deploy	Set up Compose File Variable	  "MAIN_GOLANG_SERVER_PORT": "8013",
deploy	Set up Compose File Variable	  "MAIN_GOOGLE_CLIENT_ID": "174044865725-8urfv981fca74aj3bq2kqik7fbe2rggg.apps.googleusercontent.com",
deploy	Set up Compose File Variable	  "MAIN_IP_CADDY": "caddy",
deploy	Set up Compose File Variable	  "MAIN_IP_CLAMAV": "host.docker.internal",
deploy	Set up Compose File Variable	  "MAIN_IP_CLIENT_WEB": "client-web",
deploy	Set up Compose File Variable	  "MAIN_IP_GIVEAWAY_CHECKER": "giveaway-checker",
deploy	Set up Compose File Variable	  "MAIN_IP_GOLANG_SERVER": "golang-server",
deploy	Set up Compose File Variable	  "MAIN_IP_GOLANG_WORKER": "golang-worker",
deploy	Set up Compose File Variable	  "MAIN_IP_KIBANA": "kibana",
deploy	Set up Compose File Variable	  "MAIN_IP_METABASE": "metabase",
deploy	Set up Compose File Variable	  "MAIN_IP_MINIO": "minio",
deploy	Set up Compose File Variable	  "MAIN_IP_MINI_APP": "mini-app",
deploy	Set up Compose File Variable	  "MAIN_IP_MINI_APP_CRON": "mini-app-sbt-worker",
deploy	Set up Compose File Variable	  "MAIN_IP_NFT_MANAGER": "nft-manager",
deploy	Set up Compose File Variable	  "MAIN_IP_PARTICIPANT_TMA": "participant-tma",
deploy	Set up Compose File Variable	  "MAIN_IP_PGADMIN": "pgadmin",
deploy	Set up Compose File Variable	  "MAIN_IP_POA_WORKER": "mini-app-poa-worker",
deploy	Set up Compose File Variable	  "MAIN_IP_POSTGRES": "postgres",
deploy	Set up Compose File Variable	  "MAIN_IP_RABBITMQ": "rabbitmq",
deploy	Set up Compose File Variable	  "MAIN_IP_RANGE_BASE": "host.docker.internal",
deploy	Set up Compose File Variable	  "MAIN_IP_REDIS": "redis",
deploy	Set up Compose File Variable	  "MAIN_IP_SOCKET": "mini-app-notification-socket",
deploy	Set up Compose File Variable	  "MAIN_IP_SWAGGER_UI": "swagger-ui",
deploy	Set up Compose File Variable	  "MAIN_IP_TELEGRAM_BOT": "telegram-bot",
deploy	Set up Compose File Variable	  "MAIN_IP_WEBSITE": "website",
deploy	Set up Compose File Variable	  "MAIN_JWT_SECRET_SOCKET": "JFDmdjeu__@HF_KKSEEWR_ERW*ER_FGDFG_ET%DG%34534aasd_Rhuefli!hfsdlnf",
deploy	Set up Compose File Variable	  "MAIN_KIBANA_HASHED_PASSWORD": "$2a$14$6P83mnKs9BxP2qZDaMU.2OzBHY3SG0nnaVXJ8nKluEWEWD5RMmN/W",
deploy	Set up Compose File Variable	  "MAIN_KIBANA_PORT": "8023",
deploy	Set up Compose File Variable	  "MAIN_KIBANA_USERNAME": "monitor",
deploy	Set up Compose File Variable	  "MAIN_LINKEDIN_CLIENT_ID": "77osbnm9chxr4c",
deploy	Set up Compose File Variable	  "MAIN_LOCAL_DOMAIN": "***.live",
deploy	Set up Compose File Variable	  "MAIN_MB_REDIRECT_ALL_REQUESTS_TO_HTTPS": "true",
deploy	Set up Compose File Variable	  "MAIN_METABASE_DOMAIN": "metabase.***.live",
deploy	Set up Compose File Variable	  "MAIN_MINIO_COLLECTION_BUCKET": "***collection",
deploy	Set up Compose File Variable	  "MAIN_MINIO_DASHBOARD_PORT": "8014",
deploy	Set up Compose File Variable	  "MAIN_MINIO_DOC_BUCKET": "***doc",
deploy	Set up Compose File Variable	  "MAIN_MINIO_DOC_DEFAULT_BUCKET": "***",
deploy	Set up Compose File Variable	  "MAIN_MINIO_ENDPOINT": "minio",
deploy	Set up Compose File Variable	  "MAIN_MINIO_IMAGE_BUCKET": "***image",
deploy	Set up Compose File Variable	  "MAIN_MINIO_ITEM_BUCKET": "***item",
deploy	Set up Compose File Variable	  "MAIN_MINIO_PORT": "8012",
deploy	Set up Compose File Variable	  "MAIN_MINIO_PUBLIC_URL": "https://storage.***.live",
deploy	Set up Compose File Variable	  "MAIN_MINIO_REGION_NAME": "default",
deploy	Set up Compose File Variable	  "MAIN_MINIO_SBT_COLLECTIONS_BUCKET": "sbt-collections",
deploy	Set up Compose File Variable	  "MAIN_MINIO_STORAGE_ADMIN_DOMAIN": "storage-admin.***.live",
deploy	Set up Compose File Variable	  "MAIN_MINIO_STORAGE_DOMAIN": "storage.***.live",
deploy	Set up Compose File Variable	  "MAIN_MINIO_VIDEO_BUCKET": "***video",
deploy	Set up Compose File Variable	  "MAIN_MINI_APP_DOMAIN": "app.***.live",
deploy	Set up Compose File Variable	  "MAIN_MINI_APP_PORT": "8000",
deploy	Set up Compose File Variable	  "MAIN_MINI_APP_SOCKET_DOMAIN": "socket.***.live",
deploy	Set up Compose File Variable	  "MAIN_MONITORING_DOMAIN": "monitoring.***.live",
deploy	Set up Compose File Variable	  "MAIN_MS_CLIENT_ID": "916e0c9f-17bc-45c2-9cbc-025c48a0d449",
deploy	Set up Compose File Variable	  "MAIN_NETWORK_NAME": "***-production",
deploy	Set up Compose File Variable	  "MAIN_NETWORK_PUBLIC_IP": "***",
deploy	Set up Compose File Variable	  "MAIN_NEXT_PUBLIC_API_BASE_URL": "https://app.***.live/api/v1",
deploy	Set up Compose File Variable	  "MAIN_NEXT_PUBLIC_APP_BASE_URL": "https://app.***.live",
deploy	Set up Compose File Variable	  "MAIN_NEXT_PUBLIC_BACKEND_URL_CLIENT": "https://app.***.live/api/client/v1/",
deploy	Set up Compose File Variable	  "MAIN_NEXT_PUBLIC_BOT_USERNAME": "the***bot",
deploy	Set up Compose File Variable	  "MAIN_NEXT_PUBLIC_ENV": "production",
deploy	Set up Compose File Variable	  "MAIN_NEXT_PUBLIC_GTM": "GTM-TSCPWNCM",
deploy	Set up Compose File Variable	  "MAIN_NEXT_PUBLIC_SOCKET_URL": "socket.***.live",
deploy	Set up Compose File Variable	  "MAIN_NFT_INTERVAL_TIME": "60000",
deploy	Set up Compose File Variable	  "MAIN_NFT_MANAGER_PORT": "8004",
deploy	Set up Compose File Variable	  "MAIN_NODE_ENV": "production",
deploy	Set up Compose File Variable	  "MAIN_NODE_TLS_REJECT_UNAUTHORIZED": "1",
deploy	Set up Compose File Variable	  "MAIN_ONTON_DOMAIN": "***.live",
deploy	Set up Compose File Variable	  "MAIN_PARTICIPANT_TMA_PORT": "8001",
deploy	Set up Compose File Variable	  "MAIN_PGADMIN_DOMAIN": "pgadmin.***.live",
deploy	Set up Compose File Variable	  "MAIN_PORT_CLIENT_WEB": "8007",
deploy	Set up Compose File Variable	  "MAIN_PORT_METABASE": "8009",
deploy	Set up Compose File Variable	  "MAIN_PORT_PGADMIN": "8006",
deploy	Set up Compose File Variable	  "MAIN_PORT_WEB_SITE": "8005",
deploy	Set up Compose File Variable	  "MAIN_POSTGRES_METABASE_DB": "production-mini-app",
deploy	Set up Compose File Variable	  "MAIN_POSTGRES_MINI_APP_DB": "production-mini-app",
deploy	Set up Compose File Variable	  "MAIN_POSTGRES_NFT_MANAGER_DB": "production-nft-manager",
deploy	Set up Compose File Variable	  "MAIN_POSTGRES_PORT": "8008",
deploy	Set up Compose File Variable	  "MAIN_PTMA_API_BASE_URL": "https://app.***.live/api/v1",
deploy	Set up Compose File Variable	  "MAIN_RABBITMQ_DOMAIN": "rabbitmq.***.live",
deploy	Set up Compose File Variable	  "MAIN_RABBITMQ_MANAGEMENT_PORT": "8015",
deploy	Set up Compose File Variable	  "MAIN_RABBITMQ_NODE_PORT": "8016",
deploy	Set up Compose File Variable	  "MAIN_REDIS_DATABASES": "1",
deploy	Set up Compose File Variable	  "MAIN_REDIS_PORT": "8011",
deploy	Set up Compose File Variable	  "MAIN_REGISTRY_URL": "registry.toncloud.observer",
deploy	Set up Compose File Variable	  "MAIN_SOCKET_PORT": "80***",
deploy	Set up Compose File Variable	  "MAIN_STAGE_NAME": "main-***",
deploy	Set up Compose File Variable	  "MAIN_SWAGGER_UI_DOMAIN": "swagger-ui.***.live",
deploy	Set up Compose File Variable	  "MAIN_SWAGGER_UI_PORT": "8024",
deploy	Set up Compose File Variable	  "MAIN_SYS_CADDY_REPLICAS": "1",
deploy	Set up Compose File Variable	  "MAIN_SYS_MINI_APP_REPLICAS": "12",
deploy	Set up Compose File Variable	  "MAIN_SYS_PARTICIPANT_TMA_REPLICAS": "6",
deploy	Set up Compose File Variable	  "MAIN_SYS_WEB_SITE_REPLICAS": "3",
deploy	Set up Compose File Variable	  "MAIN_TELEGRAM_BOT_PORT": "8002",
deploy	Set up Compose File Variable	  "MAIN_TG_EVENTS_TOPIC": "2",
deploy	Set up Compose File Variable	  "MAIN_TG_LOGS_GROUP_ID": "-1002300666538",
deploy	Set up Compose File Variable	  "MAIN_TG_LOG_BOT_TOKEN": "7604730825:AAE1WJHs5lFI2zX_tba6M-1HYfffA8ugFmA",
deploy	Set up Compose File Variable	  "MAIN_TG_NOTIFICATION_CHANELL": "-100***32083***",
deploy	Set up Compose File Variable	  "MAIN_TG_SYSTEM_TOPIC": "16",
deploy	Set up Compose File Variable	  "MAIN_TG_TICKETS_TOPIC": "4",
deploy	Set up Compose File Variable	  "MAIN_TON_CENTER_ENDPOINT": "https://toncenter.com/api/v2/jsonRPC",
deploy	Set up Compose File Variable	  "MAIN_TON_SOCIETY_BASE_URL": "https://id.ton.org/v1",
deploy	Set up Compose File Variable	  "MAIN_TWITTER_CLIENT_ID": "SU1RUS0xaHNsRk5kd014UlZieDQ6MTpjaQ",
deploy	Set up Compose File Variable	  "MAIN_USE_CLOUDFLARE": "true",
deploy	Set up Compose File Variable	  "MAIN_USE_MAIN_IP_TO_EXPOSE": "true",
deploy	Set up Compose File Variable	  "NEXT_PUBLIC_BOT_USERNAME": "notnonstagebot",
deploy	Set up Compose File Variable	  "SANDBOX_ACME_AGREE": "true",
deploy	Set up Compose File Variable	  "SANDBOX_BRANCH_NAME": "sandbox",
deploy	Set up Compose File Variable	  "SANDBOX_CACHE_ENABLED": "true",
deploy	Set up Compose File Variable	  "SANDBOX_CLAMAV_PORT": "***10",
deploy	Set up Compose File Variable	  "SANDBOX_CLIENT_API_FIXED_ORGANIZER": "@Ontonadmin",
deploy	Set up Compose File Variable	  "SANDBOX_CLIENT_API_FIXED_USER": "@Ontonadmin",
deploy	Set up Compose File Variable	  "SANDBOX_CLIENT_WEB_DOMAIN": "sandbox-client-web.toncloud.observer",
deploy	Set up Compose File Variable	  "SANDBOX_COMPOSE_PROJECT_NAME": "sanbox-***",
deploy	Set up Compose File Variable	  "SANDBOX_IP_CADDY": "caddy",
deploy	Set up Compose File Variable	  "SANDBOX_IP_CLAMAV": "host.docker.internal",
deploy	Set up Compose File Variable	  "SANDBOX_IP_KIBANA": "kibana",
deploy	Set up Compose File Variable	  "SANDBOX_IP_METABASE": "metabase",
deploy	Set up Compose File Variable	  "SANDBOX_IP_PGADMIN": "pgadmin",
deploy	Set up Compose File Variable	  "SANDBOX_IP_POA_WORKER": "mini-app-poa-worker",
deploy	Set up Compose File Variable	  "SANDBOX_IP_POSTGRES": "postgres",
deploy	Set up Compose File Variable	  "SANDBOX_IP_SOCKET": "mini-app-notification-socket",
deploy	Set up Compose File Variable	  "SANDBOX_IP_TELEGRAM_BOT": "telegram-bot",
deploy	Set up Compose File Variable	  "SANDBOX_IP_WEBSITE": "website",
deploy	Set up Compose File Variable	  "SANDBOX_JWT_SECRET_SOCKET": "D3v@OnTonw3tds112ewq%KD___%1006-7-8-9-0OkMjKlll%909R9OOsf",
deploy	Set up Compose File Variable	  "SANDBOX_KIBANA_HASHED_PASSWORD": "$2a$14$6P83mnKs9BxP2qZDaMU.2OzBHY3SG0nnaVXJ8nKluEWEWD5RMmN/W",
deploy	Set up Compose File Variable	  "SANDBOX_KIBANA_PORT": "6023",
deploy	Set up Compose File Variable	  "SANDBOX_KIBANA_USERNAME": "monitor",
deploy	Set up Compose File Variable	  "SANDBOX_LOCAL_DOMAIN": "sandbox-app.toncloud.observer",
deploy	Set up Compose File Variable	  "SANDBOX_MB_REDIRECT_ALL_REQUESTS_TO_HTTPS": "true",
deploy	Set up Compose File Variable	  "SANDBOX_METABASE_DOMAIN": "sandbox-metabase.toncloud.observer",
deploy	Set up Compose File Variable	  "SANDBOX_MINIO_COLLECTION_BUCKET": "***collection",
deploy	Set up Compose File Variable	  "SANDBOX_MINIO_DASHBOARD_PORT": "6014",
deploy	Set up Compose File Variable	  "SANDBOX_MINIO_DOC_BUCKET": "***doc",
deploy	Set up Compose File Variable	  "SANDBOX_MINIO_DOC_DEFAULT_BUCKET": "***",
deploy	Set up Compose File Variable	  "SANDBOX_MINIO_ENDPOINT": "minio",
deploy	Set up Compose File Variable	  "SANDBOX_MINIO_IMAGE_BUCKET": "***image",
deploy	Set up Compose File Variable	  "SANDBOX_MINIO_ITEM_BUCKET": "***item",
deploy	Set up Compose File Variable	  "SANDBOX_MINIO_PORT": "6012",
deploy	Set up Compose File Variable	  "SANDBOX_MINIO_PUBLIC_URL": "https://sandbox-storage.toncloud.observer",
deploy	Set up Compose File Variable	  "SANDBOX_MINIO_REGION_NAME": "default",
deploy	Set up Compose File Variable	  "SANDBOX_MINIO_SBT_COLLECTIONS_BUCKET": "sbt-collections",
deploy	Set up Compose File Variable	  "SANDBOX_MINIO_STORAGE_ADMIN_DOMAIN": "sandbox-storage-admin.toncloud.observer",
deploy	Set up Compose File Variable	  "SANDBOX_MINIO_STORAGE_DOMAIN": "sandbox-storage.toncloud.observer",
deploy	Set up Compose File Variable	  "SANDBOX_MINIO_VIDEO_BUCKET": "***video",
deploy	Set up Compose File Variable	  "SANDBOX_MINI_APP_DOMAIN": "sandbox-app.toncloud.observer",
deploy	Set up Compose File Variable	  "SANDBOX_MINI_APP_PORT": "6000",
deploy	Set up Compose File Variable	  "SANDBOX_MINI_APP_SOCKET_DOMAIN": "sandbox-socket.toncloud.observer",
deploy	Set up Compose File Variable	  "SANDBOX_MONITORING_DOMAIN": "sandbox-monitoring.toncloud.observer",
deploy	Set up Compose File Variable	  "SANDBOX_NETWORK_NAME": "***-sandbox",
deploy	Set up Compose File Variable	  "SANDBOX_NETWORK_PUBLIC_IP": "***",
deploy	Set up Compose File Variable	  "SANDBOX_NEXT_PUBLIC_API_BASE_URL": "https://sandbox-app.toncloud.observer/api/v1",
deploy	Set up Compose File Variable	  "SANDBOX_NEXT_PUBLIC_APP_BASE_URL": "https://sandbox-app.toncloud.observer",
deploy	Set up Compose File Variable	  "SANDBOX_NEXT_PUBLIC_BACKEND_URL_CLIENT": "https://sandbox-app.toncloud.observer/api/client/v1/",
deploy	Set up Compose File Variable	  "SANDBOX_NEXT_PUBLIC_BOT_USERNAME": "sandbox_ont0n_bot",
deploy	Set up Compose File Variable	  "SANDBOX_NEXT_PUBLIC_GTM": "GTM-sandbox",
deploy	Set up Compose File Variable	  "SANDBOX_NEXT_PUBLIC_SOCKET_URL": "sandbox-socket.toncloud.observer",
deploy	Set up Compose File Variable	  "SANDBOX_NFT_INTERVAL_TIME": "60000",
deploy	Set up Compose File Variable	  "SANDBOX_NFT_MANAGER_PORT": "6004",
deploy	Set up Compose File Variable	  "SANDBOX_NODE_ENV": "production",
deploy	Set up Compose File Variable	  "SANDBOX_NODE_TLS_REJECT_UNAUTHORIZED": "0",
deploy	Set up Compose File Variable	  "SANDBOX_ONTON_DOMAIN": "sandbox.toncloud.observer",
deploy	Set up Compose File Variable	  "SANDBOX_PARTICIPANT_TMA_PORT": "6001",
deploy	Set up Compose File Variable	  "SANDBOX_PGADMIN_DOMAIN": "sandbox-pgadmin.toncloud.observer",
deploy	Set up Compose File Variable	  "SANDBOX_PORT_CLIENT_WEB": "6007",
deploy	Set up Compose File Variable	  "SANDBOX_PORT_METABASE": "6009",
deploy	Set up Compose File Variable	  "SANDBOX_PORT_PGADMIN": "6006",
deploy	Set up Compose File Variable	  "SANDBOX_PORT_WEB_SITE": "6005",
deploy	Set up Compose File Variable	  "SANDBOX_POSTGRES_METABASE_DB": "sandbox-mini-app",
deploy	Set up Compose File Variable	  "SANDBOX_POSTGRES_MINI_APP_DB": "sandbox-mini-app",
deploy	Set up Compose File Variable	  "SANDBOX_POSTGRES_NFT_MANAGER_DB": "sandbox-nft-manager",
deploy	Set up Compose File Variable	  "SANDBOX_POSTGRES_PORT": "6008",
deploy	Set up Compose File Variable	  "SANDBOX_PTMA_API_BASE_URL": "https://sandbox-app.toncloud.observer/api/v1",
deploy	Set up Compose File Variable	  "SANDBOX_RABBITMQ_DOMAIN": "sandbox-rabbitmq.toncloud.observer",
deploy	Set up Compose File Variable	  "SANDBOX_RABBITMQ_MANAGEMENT_PORT": "6015",
deploy	Set up Compose File Variable	  "SANDBOX_RABBITMQ_NODE_PORT": "6016",
deploy	Set up Compose File Variable	  "SANDBOX_REDIS_DATABASES": "1",
deploy	Set up Compose File Variable	  "SANDBOX_REDIS_PORT": "6011",
deploy	Set up Compose File Variable	  "SANDBOX_REGISTRY_URL": "registry.toncloud.observer",
deploy	Set up Compose File Variable	  "SANDBOX_SOCKET_PORT": "60***",
deploy	Set up Compose File Variable	  "SANDBOX_STAGE_NAME": "sandbox-***",
deploy	Set up Compose File Variable	  "SANDBOX_SYS_CADDY_REPLICAS": "1",
deploy	Set up Compose File Variable	  "SANDBOX_SYS_MINI_APP_REPLICAS": "2",
deploy	Set up Compose File Variable	  "SANDBOX_SYS_PARTICIPANT_TMA_REPLICAS": "2",
deploy	Set up Compose File Variable	  "SANDBOX_SYS_WEB_SITE_REPLICAS": "1",
deploy	Set up Compose File Variable	  "SANDBOX_TELEGRAM_BOT_PORT": "6002",
deploy	Set up Compose File Variable	  "SANDBOX_TG_NOTIFICATION_CHANELL": "-1002164161685",
deploy	Set up Compose File Variable	  "SANDBOX_TON_CENTER_ENDPOINT": "https://toncenter.com/api/v2/jsonRPC",
deploy	Set up Compose File Variable	  "SANDBOX_TON_SOCIETY_BASE_URL": "https://society.ton.org/v1",
deploy	Set up Compose File Variable	  "SANDBOX_USE_CLOUDFLARE": "true",
deploy	Set up Compose File Variable	  "SANDBOX_USE_MAIN_IP_TO_EXPOSE": "true",
deploy	Set up Compose File Variable	  "STAGING_ACME_AGREE": "true",
deploy	Set up Compose File Variable	  "STAGING_BRANCH_NAME": "staging",
deploy	Set up Compose File Variable	  "STAGING_CACHE_ENABLED": "true",
deploy	Set up Compose File Variable	  "STAGING_CLAMAV_PORT": "***10",
deploy	Set up Compose File Variable	  "STAGING_CLIENT_API_FIXED_ORGANIZER": "@Ontonadmin",
deploy	Set up Compose File Variable	  "STAGING_CLIENT_API_FIXED_USER": "@Ontonadmin",
deploy	Set up Compose File Variable	  "STAGING_CLIENT_WEB_DOMAIN": "staging-client-web.toncloud.observer",
deploy	Set up Compose File Variable	  "STAGING_COMPOSE_PROJECT_NAME": "staging-***",
deploy	Set up Compose File Variable	  "STAGING_ENV": "staging",
deploy	Set up Compose File Variable	  "STAGING_EVENT_WALLET_ENC_KEY": "Ci5M6/B4Wke4qX6tXViVeW0xM0iH0yh/qvD3Y1xu2v8",
deploy	Set up Compose File Variable	  "STAGING_GITHUB_CLIENT_ID": "Ov23liQFN1rMeZicYHnL",
deploy	Set up Compose File Variable	  "STAGING_GITHUB_REPO": "***bot",
deploy	Set up Compose File Variable	  "STAGING_GOLANG_SERVER_PORT": "4013",
deploy	Set up Compose File Variable	  "STAGING_GOOGLE_CLIENT_ID": "174044865725-8urfv981fca74aj3bq2kqik7fbe2rggg.apps.googleusercontent.com",
deploy	Set up Compose File Variable	  "STAGING_IP_CADDY": "caddy",
deploy	Set up Compose File Variable	  "STAGING_IP_CLAMAV": "host.docker.internal",
deploy	Set up Compose File Variable	  "STAGING_IP_CLIENT_WEB": "client-web",
deploy	Set up Compose File Variable	  "STAGING_IP_GIVEAWAY_CHECKER": "giveaway-checker",
deploy	Set up Compose File Variable	  "STAGING_IP_GOLANG_SERVER": "golang-server",
deploy	Set up Compose File Variable	  "STAGING_IP_GOLANG_WORKER": "golang-worker",
deploy	Set up Compose File Variable	  "STAGING_IP_KIBANA": "kibana",
deploy	Set up Compose File Variable	  "STAGING_IP_METABASE": "metabase",
deploy	Set up Compose File Variable	  "STAGING_IP_MINIO": "minio",
deploy	Set up Compose File Variable	  "STAGING_IP_MINI_APP": "mini-app",
deploy	Set up Compose File Variable	  "STAGING_IP_MINI_APP_CRON": "mini-app-sbt-worker",
deploy	Set up Compose File Variable	  "STAGING_IP_NFT_MANAGER": "nft-manager",
deploy	Set up Compose File Variable	  "STAGING_IP_PARTICIPANT_TMA": "participant-tma",
deploy	Set up Compose File Variable	  "STAGING_IP_PGADMIN": "pgadmin",
deploy	Set up Compose File Variable	  "STAGING_IP_POA_WORKER": "mini-app-poa-worker",
deploy	Set up Compose File Variable	  "STAGING_IP_POSTGRES": "postgres",
deploy	Set up Compose File Variable	  "STAGING_IP_RABBITMQ": "rabbitmq",
deploy	Set up Compose File Variable	  "STAGING_IP_RANGE_BASE": "host.docker.internal",
deploy	Set up Compose File Variable	  "STAGING_IP_RANGE_START": "172.11",
deploy	Set up Compose File Variable	  "STAGING_IP_RANGE_SUBNET": "24",
deploy	Set up Compose File Variable	  "STAGING_IP_REDIS": "redis",
deploy	Set up Compose File Variable	  "STAGING_IP_SOCKET": "IP_SOCKET=mini-app-notification-socket",
deploy	Set up Compose File Variable	  "STAGING_IP_SWAGGER_UI": "swagger-ui",
deploy	Set up Compose File Variable	  "STAGING_IP_TELEGRAM_BOT": "telegram-bot",
deploy	Set up Compose File Variable	  "STAGING_IP_WEBSITE": "website",
deploy	Set up Compose File Variable	  "STAGING_JWT_SECRET_SOCKET": "JFDmdjeu__@HF_KKSEEWR_ERWER_FGDFG_ET%DG%34534aasd%_Rhueflihfsdlnf",
deploy	Set up Compose File Variable	  "STAGING_KIBANA_HASHED_PASSWORD": "$2a$14$6P83mnKs9BxP2qZDaMU.2OzBHY3SG0nnaVXJ8nKluEWEWD5RMmN/W",
deploy	Set up Compose File Variable	  "STAGING_KIBANA_PORT": "4023",
deploy	Set up Compose File Variable	  "STAGING_KIBANA_USERNAME": "monitor",
deploy	Set up Compose File Variable	  "STAGING_LINKEDIN_CLIENT_ID": "77osbnm9chxr4c",
deploy	Set up Compose File Variable	  "STAGING_LOCAL_DOMAIN": "staging-app.toncloud.observer",
deploy	Set up Compose File Variable	  "STAGING_MB_REDIRECT_ALL_REQUESTS_TO_HTTPS": "true",
deploy	Set up Compose File Variable	  "STAGING_METABASE_DOMAIN": "staging-metabase.toncloud.observer",
deploy	Set up Compose File Variable	  "STAGING_MINIO_COLLECTION_BUCKET": "***collection",
deploy	Set up Compose File Variable	  "STAGING_MINIO_DASHBOARD_PORT": "4014",
deploy	Set up Compose File Variable	  "STAGING_MINIO_DOC_BUCKET": "***doc",
deploy	Set up Compose File Variable	  "STAGING_MINIO_DOC_DEFAULT_BUCKET": "***",
deploy	Set up Compose File Variable	  "STAGING_MINIO_ENDPOINT": "minio",
deploy	Set up Compose File Variable	  "STAGING_MINIO_IMAGE_BUCKET": "***image",
deploy	Set up Compose File Variable	  "STAGING_MINIO_ITEM_BUCKET": "***item",
deploy	Set up Compose File Variable	  "STAGING_MINIO_PORT": "4012",
deploy	Set up Compose File Variable	  "STAGING_MINIO_PUBLIC_URL": "https://staging-storage.toncloud.observer",
deploy	Set up Compose File Variable	  "STAGING_MINIO_REGION_NAME": "default",
deploy	Set up Compose File Variable	  "STAGING_MINIO_SBT_COLLECTIONS_BUCKET": "sbt-collections",
deploy	Set up Compose File Variable	  "STAGING_MINIO_STORAGE_ADMIN_DOMAIN": "staging-storage-admin.toncloud.observer",
deploy	Set up Compose File Variable	  "STAGING_MINIO_STORAGE_DOMAIN": "staging-storage.toncloud.observer",
deploy	Set up Compose File Variable	  "STAGING_MINIO_VIDEO_BUCKET": "***video",
deploy	Set up Compose File Variable	  "STAGING_MINI_APP_DOMAIN": "staging-app.toncloud.observer",
deploy	Set up Compose File Variable	  "STAGING_MINI_APP_PORT": "4000",
deploy	Set up Compose File Variable	  "STAGING_MINI_APP_SOCKET_DOMAIN": "staging-socket.toncloud.observer",
deploy	Set up Compose File Variable	  "STAGING_MONITORING_DOMAIN": "staging-monitoring.toncloud.observer",
deploy	Set up Compose File Variable	  "STAGING_MS_CLIENT_ID": "916e0c9f-17bc-45c2-9cbc-025c48a0d449",
deploy	Set up Compose File Variable	  "STAGING_NETWORK_NAME": "***-staging",
deploy	Set up Compose File Variable	  "STAGING_NETWORK_PUBLIC_IP": "***",
deploy	Set up Compose File Variable	  "STAGING_NEXT_PUBLIC_API_BASE_URL": "https://staging-app.toncloud.observer/api/v1",
deploy	Set up Compose File Variable	  "STAGING_NEXT_PUBLIC_APP_BASE_URL": "https://staging-app.toncloud.observer",
deploy	Set up Compose File Variable	  "STAGING_NEXT_PUBLIC_BACKEND_URL_CLIENT": "https://staging-app.toncloud.observer/api/client/v1/",
deploy	Set up Compose File Variable	  "STAGING_NEXT_PUBLIC_BOT_USERNAME": "notnonstagebot",
deploy	Set up Compose File Variable	  "STAGING_NEXT_PUBLIC_ENV": "staging",
deploy	Set up Compose File Variable	  "STAGING_NEXT_PUBLIC_GTM": "GTM-staging",
deploy	Set up Compose File Variable	  "STAGING_NEXT_PUBLIC_SOCKET_URL": "staging-socket.toncloud.observer",
deploy	Set up Compose File Variable	  "STAGING_NEXT_PUBLIC_TRPC_BASE_URL": "https://staging-app.toncloud.observer",
deploy	Set up Compose File Variable	  "STAGING_NFT_INTERVAL_TIME": "60000",
deploy	Set up Compose File Variable	  "STAGING_NFT_MANAGER_PORT": "4004",
deploy	Set up Compose File Variable	  "STAGING_NODE_ENV": "production",
deploy	Set up Compose File Variable	  "STAGING_NODE_TLS_REJECT_UNAUTHORIZED": "0",
deploy	Set up Compose File Variable	  "STAGING_ONTON_DOMAIN": "staging.toncloud.observer",
deploy	Set up Compose File Variable	  "STAGING_PARTICIPANT_TMA_PORT": "4001",
deploy	Set up Compose File Variable	  "STAGING_PGADMIN_DOMAIN": "staging-pgadmin.toncloud.observer",
deploy	Set up Compose File Variable	  "STAGING_PORT_CLIENT_WEB": "4007",
deploy	Set up Compose File Variable	  "STAGING_PORT_METABASE": "4009",
deploy	Set up Compose File Variable	  "STAGING_PORT_PGADMIN": "4006",
deploy	Set up Compose File Variable	  "STAGING_PORT_WEB_SITE": "4005",
deploy	Set up Compose File Variable	  "STAGING_POSTGRES_METABASE_DB": "staging-mini-app",
deploy	Set up Compose File Variable	  "STAGING_POSTGRES_MINI_APP_DB": "staging-mini-app",
deploy	Set up Compose File Variable	  "STAGING_POSTGRES_NFT_MANAGER_DB": "staging-nft-manager",
deploy	Set up Compose File Variable	  "STAGING_POSTGRES_PORT": "4008",
deploy	Set up Compose File Variable	  "STAGING_PTMA_API_BASE_URL": "https://staging-app.toncloud.observer/api/v1",
deploy	Set up Compose File Variable	  "STAGING_RABBITMQ_DOMAIN": "staging-rabbitmq.toncloud.observer",
deploy	Set up Compose File Variable	  "STAGING_RABBITMQ_MANAGEMENT_PORT": "4015",
deploy	Set up Compose File Variable	  "STAGING_RABBITMQ_NODE_PORT": "4016",
deploy	Set up Compose File Variable	  "STAGING_REDIS_DATABASES": "1",
deploy	Set up Compose File Variable	  "STAGING_REDIS_PORT": "4011",
deploy	Set up Compose File Variable	  "STAGING_REGISTRY_URL": "registry.toncloud.observer",
deploy	Set up Compose File Variable	  "STAGING_SOCKET_PORT": "40***",
deploy	Set up Compose File Variable	  "STAGING_STAGE_NAME": "staging-***",
deploy	Set up Compose File Variable	  "STAGING_SWAGGER_UI_DOMAIN": "staging-swagger-ui.toncloud.observer",
deploy	Set up Compose File Variable	  "STAGING_SWAGGER_UI_PORT": "4024",
deploy	Set up Compose File Variable	  "STAGING_SYS_CADDY_REPLICAS": "1",
deploy	Set up Compose File Variable	  "STAGING_SYS_MINI_APP_REPLICAS": "2",
deploy	Set up Compose File Variable	  "STAGING_SYS_PARTICIPANT_TMA_REPLICAS": "2",
deploy	Set up Compose File Variable	  "STAGING_SYS_WEB_SITE_REPLICAS": "1",
deploy	Set up Compose File Variable	  "STAGING_TELEGRAM_BOT_PORT": "4002",
deploy	Set up Compose File Variable	  "STAGING_TG_EVENTS_TOPIC": "2",
deploy	Set up Compose File Variable	  "STAGING_TG_LOGS_GROUP_ID": "-100***64975789",
deploy	Set up Compose File Variable	  "STAGING_TG_LOG_BOT_TOKEN": "7604730825:AAE1WJHs5lFI2zX_tba6M-1HYfffA8ugFmA",
deploy	Set up Compose File Variable	  "STAGING_TG_NOTIFICATION_CHANELL": "-1002164161685",
deploy	Set up Compose File Variable	  "STAGING_TG_SYSTEM_TOPIC": "16",
deploy	Set up Compose File Variable	  "STAGING_TG_TICKETS_TOPIC": "4",
deploy	Set up Compose File Variable	  "STAGING_TON_CENTER_ENDPOINT": "https://toncenter.com/api/v2/jsonRPC",
deploy	Set up Compose File Variable	  "STAGING_TON_SOCIETY_BASE_URL": "https://id.ton.org/v1",
deploy	Set up Compose File Variable	  "STAGING_TWITTER_CLIENT_ID": "SU1RUS0xaHNsRk5kd014UlZieDQ6MTpjaQ",
deploy	Set up Compose File Variable	  "STAGING_USE_CLOUDFLARE": "true",
deploy	Set up Compose File Variable	  "STAGING_USE_MAIN_IP_TO_EXPOSE": "true",
deploy	Set up Compose File Variable	  "TELEGRAM_BOT_TOKEN_FOR_DEPLOYMENT": "7604730825:AAHhtwa4bGhELsBn2VqUxIIFXVJkRJfKuDs",
deploy	Set up Compose File Variable	  "TELEGRAM_CHAT_ID_FOR_DEPLOYMENT": "***"
deploy	Set up Compose File Variable	}
deploy	Set up Compose File Variable	2026-02-09T12:10:29.8076725Z   SSH_AUTH_SOCK: /tmp/ssh-IlznzUjWu38A/agent.2102
deploy	Set up Compose File Variable	2026-02-09T12:10:29.8077439Z   SSH_AGENT_PID: 2103
deploy	Set up Compose File Variable	2026-02-09T12:10:29.8078134Z   SSH_IP: ***
deploy	Set up Compose File Variable	2026-02-09T12:10:29.8078945Z   SSH_PORT: ***
deploy	Set up Compose File Variable	2026-02-09T12:10:29.8079513Z ##[endgroup]
deploy	Deploy Changed Services	﻿2026-02-09T12:10:29.8205766Z ##[group]Run branch_name="dev"
deploy	Deploy Changed Services	2026-02-09T12:10:29.8207198Z [36;1mbranch_name="dev"[0m
deploy	Deploy Changed Services	2026-02-09T12:10:29.8207834Z [36;1mregistry_url="ghcr.io"[0m
deploy	Deploy Changed Services	2026-02-09T12:10:29.8208669Z [36;1mgithub_repo=$(echo "ExecutESG/***" | tr '[:upper:]' '[:lower:]')[0m
deploy	Deploy Changed Services	2026-02-09T12:10:29.8209447Z [36;1mssh_ip="${SSH_IP}"[0m
deploy	Deploy Changed Services	2026-02-09T12:10:29.8210075Z [36;1mssh_port="${SSH_PORT}"[0m
deploy	Deploy Changed Services	2026-02-09T12:10:29.8210747Z [36;1mservices_to_build=["telegram-bot"]   [0m
deploy	Deploy Changed Services	2026-02-09T12:10:29.8211544Z [36;1mecho "Connecting to server and creating branch directory..."[0m
deploy	Deploy Changed Services	2026-02-09T12:10:29.8212448Z [36;1mssh -o StrictHostKeyChecking=no -p "$ssh_port" tonont@$ssh_ip << EOF[0m
deploy	Deploy Changed Services	2026-02-09T12:10:29.8213274Z [36;1m  mkdir -p /home/tonont/$branch_name[0m
deploy	Deploy Changed Services	2026-02-09T12:10:29.8213983Z [36;1m  echo "Creating network if not exists..."[0m
deploy	Deploy Changed Services	2026-02-09T12:10:29.8214628Z [36;1m[0m
deploy	Deploy Changed Services	2026-02-09T12:10:29.8215518Z [36;1mEOF[0m
deploy	Deploy Changed Services	2026-02-09T12:10:29.8216230Z [36;1m[0m
deploy	Deploy Changed Services	2026-02-09T12:10:29.8216816Z [36;1mecho "Copying files to server..."[0m
deploy	Deploy Changed Services	2026-02-09T12:10:29.8218256Z [36;1mscp  -P "$ssh_port"  -r -o StrictHostKeyChecking=no  docker-compose-server.yml docker-compose-server-dev.yml .env docker-compose-server.volume.dev.yml .dockerignore swagger devops tonont@$ssh_ip:/home/tonont/$branch_name[0m
deploy	Deploy Changed Services	2026-02-09T12:10:29.8219621Z [36;1m[0m
deploy	Deploy Changed Services	2026-02-09T12:10:29.8220152Z [36;1m[0m
deploy	Deploy Changed Services	2026-02-09T12:10:29.8220798Z [36;1m# Remove brackets and convert to space-separated string[0m
deploy	Deploy Changed Services	2026-02-09T12:10:29.8221652Z [36;1mservices=$(echo "$services_to_build" | tr -d '[]"' | tr ',' ' ')[0m
deploy	Deploy Changed Services	2026-02-09T12:10:29.8222550Z [36;1mecho "Formatted services to build: $services"  # Debug output        [0m
deploy	Deploy Changed Services	2026-02-09T12:10:29.8223459Z [36;1mssh -p "$ssh_port" -o StrictHostKeyChecking=no tonont@$ssh_ip << EOF[0m
deploy	Deploy Changed Services	2026-02-09T12:10:29.8224221Z [36;1m  set -o errexit[0m
deploy	Deploy Changed Services	2026-02-09T12:10:29.8224830Z [36;1m  set -o pipefail[0m
deploy	Deploy Changed Services	2026-02-09T12:10:29.8225670Z [36;1m  whoami[0m
deploy	Deploy Changed Services	2026-02-09T12:10:29.8226316Z [36;1m  echo "Moving to branch directory..."[0m
deploy	Deploy Changed Services	2026-02-09T12:10:29.8227018Z [36;1m  cd /home/tonont/$branch_name[0m
deploy	Deploy Changed Services	2026-02-09T12:10:29.8227714Z [36;1m  echo "Loading environment variables..."[0m
deploy	Deploy Changed Services	2026-02-09T12:10:29.8228381Z [36;1m  set -a[0m
deploy	Deploy Changed Services	2026-02-09T12:10:29.8228952Z [36;1m  source .env[0m
deploy	Deploy Changed Services	2026-02-09T12:10:29.8229520Z [36;1m  set +a[0m
deploy	Deploy Changed Services	2026-02-09T12:10:29.8230178Z [36;1m  echo "******Logging into GitHub Container Registry..."[0m
deploy	Deploy Changed Services	2026-02-09T12:10:29.8230909Z [36;1m  if [ -z "$CR_PAT" ]; then[0m
deploy	Deploy Changed Services	2026-02-09T12:10:29.8231714Z [36;1m    echo "CR_PAT is not set or is empty. Please add CR_PAT to GitHub Secrets."; exit 1;[0m
deploy	Deploy Changed Services	2026-02-09T12:10:29.8232497Z [36;1m  fi[0m
deploy	Deploy Changed Services	2026-02-09T12:10:29.8233232Z [36;1m  echo "$CR_PAT" | docker login ghcr.io -u bemehrbani --password-stdin [0m
deploy	Deploy Changed Services	2026-02-09T12:10:29.8233993Z [36;1m[0m
deploy	Deploy Changed Services	2026-02-09T12:10:29.8234602Z [36;1m  echo "services to build: $services_to_build"[0m
deploy	Deploy Changed Services	2026-02-09T12:10:29.8235553Z [36;1m  # Remove the square brackets and split by comma[0m
deploy	Deploy Changed Services	2026-02-09T12:10:29.8236353Z [36;1m  echo "Pulling latest images of changed services..."[0m
deploy	Deploy Changed Services	2026-02-09T12:10:29.8237090Z [36;1m  for service in $services; do[0m
deploy	Deploy Changed Services	2026-02-09T12:10:29.8237773Z [36;1m    echo "Processing service: \$service"[0m
deploy	Deploy Changed Services	2026-02-09T12:10:29.8238460Z [36;1m    if [ -z "\$service" ]; then[0m
deploy	Deploy Changed Services	2026-02-09T12:10:29.8239199Z [36;1m      echo "Warning: Found an empty service name, skipping..."[0m
deploy	Deploy Changed Services	2026-02-09T12:10:29.8239929Z [36;1m    else[0m
deploy	Deploy Changed Services	2026-02-09T12:10:29.8240572Z [36;1m      echo "Pulling Docker image for service: \$service"[0m
deploy	Deploy Changed Services	2026-02-09T12:10:29.8241406Z [36;1m      docker pull ghcr.io/${github_repo}/\${service}:${branch_name}-latest[0m
deploy	Deploy Changed Services	2026-02-09T12:10:29.8242155Z [36;1m    fi[0m
deploy	Deploy Changed Services	2026-02-09T12:10:29.8242767Z [36;1m    if [[ "\$service" == "caddy" ]]; then[0m
deploy	Deploy Changed Services	2026-02-09T12:10:29.8243463Z [36;1m      echo "creating caady files"[0m
deploy	Deploy Changed Services	2026-02-09T12:10:29.8244203Z [36;1m        echo "Listing files in branch directory..."        [0m
deploy	Deploy Changed Services	2026-02-09T12:10:29.8245413Z [36;1m        cd /home/tonont/$branch_name[0m
deploy	Deploy Changed Services	2026-02-09T12:10:29.8246345Z [36;1m        echo "Sourcing .env file..."[0m
deploy	Deploy Changed Services	2026-02-09T12:10:29.8247014Z [36;1m        set -o allexport[0m
deploy	Deploy Changed Services	2026-02-09T12:10:29.8247636Z [36;1m        source .env[0m
deploy	Deploy Changed Services	2026-02-09T12:10:29.8248245Z [36;1m        set +o allexport[0m
deploy	Deploy Changed Services	2026-02-09T12:10:29.8248908Z [36;1m        source /home/tonont/$branch_name/.env[0m
deploy	Deploy Changed Services	2026-02-09T12:10:29.8249665Z [36;1m        chmod +x devops/generate-caddyfile-by-address.sh[0m
deploy	Deploy Changed Services	2026-02-09T12:10:29.8250447Z [36;1m         rm -f /home/tonont/$branch_name/Caddyfile[0m
deploy	Deploy Changed Services	2026-02-09T12:10:29.8251263Z [36;1m         export CADDYFILE_PATH="/home/tonont/$branch_name/Caddyfile"[0m
deploy	Deploy Changed Services	2026-02-09T12:10:29.8252091Z [36;1m         sh devops/generate-caddyfile-by-address.sh[0m
deploy	Deploy Changed Services	2026-02-09T12:10:29.8252896Z [36;1m         echo "Caddyfile generated successfully."[0m
deploy	Deploy Changed Services	2026-02-09T12:10:29.8253559Z [36;1m    fi[0m
deploy	Deploy Changed Services	2026-02-09T12:10:29.8254105Z [36;1m  done[0m
deploy	Deploy Changed Services	2026-02-09T12:10:29.8254647Z [36;1mEOF[0m
deploy	Deploy Changed Services	2026-02-09T12:10:29.8255593Z [36;1mecho "Exporting all environment variables with branch-specific prefix..."[0m
deploy	Deploy Changed Services	2026-02-09T12:10:29.8256389Z [36;1m[0m
deploy	Deploy Changed Services	2026-02-09T12:10:29.8257077Z [36;1mssh  -p "$ssh_port" -o StrictHostKeyChecking=no tonont@$ssh_ip << EOF[0m
deploy	Deploy Changed Services	2026-02-09T12:10:29.8257844Z [36;1m  set -o errexit[0m
deploy	Deploy Changed Services	2026-02-09T12:10:29.8258459Z [36;1m  set -o pipefail[0m
deploy	Deploy Changed Services	2026-02-09T12:10:29.8259091Z [36;1m  echo "Moving to branch directory..."[0m
deploy	Deploy Changed Services	2026-02-09T12:10:29.8259759Z [36;1m  cd /home/tonont/$branch_name[0m
deploy	Deploy Changed Services	2026-02-09T12:10:29.8260385Z [36;1m  ls -la[0m
deploy	Deploy Changed Services	2026-02-09T12:10:29.8261025Z [36;1m  echo "Sourcing .env file with auto-export..."[0m
deploy	Deploy Changed Services	2026-02-09T12:10:29.8261700Z [36;1m  set -a[0m
deploy	Deploy Changed Services	2026-02-09T12:10:29.8262263Z [36;1m  source .env[0m
deploy	Deploy Changed Services	2026-02-09T12:10:29.8262837Z [36;1m  set +a[0m
deploy	Deploy Changed Services	2026-02-09T12:10:29.8263450Z [36;1m  chmod +x devops/generate-caddyfile.sh[0m
deploy	Deploy Changed Services	2026-02-09T12:10:29.8264147Z [36;1m  chmod +x devops/minio-init.sh[0m
deploy	Deploy Changed Services	2026-02-09T12:10:29.8264883Z [36;1m  echo "Updating Docker node label for stage $branch_name..."[0m
deploy	Deploy Changed Services	2026-02-09T12:10:29.8265797Z [36;1m  [0m
deploy	Deploy Changed Services	2026-02-09T12:10:29.8266405Z [36;1m  # Try to get Node ID (Best Effort)[0m
deploy	Deploy Changed Services	2026-02-09T12:10:29.8267060Z [36;1m  NODE_ID=""[0m
deploy	Deploy Changed Services	2026-02-09T12:10:29.8267689Z [36;1m  if docker info > /dev/null 2>&1; then[0m
deploy	Deploy Changed Services	2026-02-09T12:10:29.8268362Z [36;1m      # Method 1: Docker Info Format[0m
deploy	Deploy Changed Services	2026-02-09T12:10:29.8269146Z [36;1m      NODE_ID=$(docker info --format '{{.Swarm.NodeID}}' 2>/dev/null || true)[0m
deploy	Deploy Changed Services	2026-02-09T12:10:29.8269891Z [36;1m      [0m
deploy	Deploy Changed Services	2026-02-09T12:10:29.8270472Z [36;1m      # Method 2: Grep Fallback[0m
deploy	Deploy Changed Services	2026-02-09T12:10:29.8271122Z [36;1m      if [ -z "$NODE_ID" ]; then[0m
deploy	Deploy Changed Services	2026-02-09T12:10:29.8271894Z [36;1m           NODE_ID=$(docker info 2>/dev/null | grep "NodeID:" | awk '{print $2}')[0m
deploy	Deploy Changed Services	2026-02-09T12:10:29.8272822Z [36;1m      fi[0m
deploy	Deploy Changed Services	2026-02-09T12:10:29.8273380Z [36;1m  fi[0m
deploy	Deploy Changed Services	2026-02-09T12:10:29.8273921Z [36;1m[0m
deploy	Deploy Changed Services	2026-02-09T12:10:29.8274477Z [36;1m  if [ -n "$NODE_ID" ]; then[0m
deploy	Deploy Changed Services	2026-02-09T12:10:29.8275382Z [36;1m      echo "Node ID found: $NODE_ID. Updating labels..."[0m
deploy	Deploy Changed Services	2026-02-09T12:10:29.8276259Z [36;1m      docker node update --label-add stage.$branch_name=true $NODE_ID || true[0m
deploy	Deploy Changed Services	2026-02-09T12:10:29.8277022Z [36;1m  else[0m
deploy	Deploy Changed Services	2026-02-09T12:10:29.8277731Z [36;1m      echo "WARNING: Could not retrieve Node ID. Skipping label update."[0m
deploy	Deploy Changed Services	2026-02-09T12:10:29.8278625Z [36;1m      echo "Ensure node has label 'stage.$branch_name=true' set manually."[0m
deploy	Deploy Changed Services	2026-02-09T12:10:29.8279453Z [36;1m      # Do not exit 1, allow deployment to proceed[0m
deploy	Deploy Changed Services	2026-02-09T12:10:29.8280120Z [36;1m  fi[0m
deploy	Deploy Changed Services	2026-02-09T12:10:29.8280760Z [36;1m  # Create network if it doesn't exist (on the server)[0m
deploy	Deploy Changed Services	2026-02-09T12:10:29.8281975Z [36;1m  docker network ls | grep -q "***-network-$branch_name" || docker network create --driver overlay --attachable "***-network-$branch_name" || true[0m
deploy	Deploy Changed Services	2026-02-09T12:10:29.8282963Z [36;1m[0m
deploy	Deploy Changed Services	2026-02-09T12:10:29.8283644Z [36;1m  echo "Deploying Docker stack for $branch_name using $COMPOSE_FILE..."[0m
deploy	Deploy Changed Services	2026-02-09T12:10:29.8284649Z [36;1m  # Temporarily disable errexit for the capture[0m
deploy	Deploy Changed Services	2026-02-09T12:10:29.8285746Z [36;1m  set +o errexit[0m
deploy	Deploy Changed Services	2026-02-09T12:10:29.8286584Z [36;1m  deploy_output=\$(docker stack deploy --with-registry-auth -c $COMPOSE_FILE $branch_name 2>&1)[0m
deploy	Deploy Changed Services	2026-02-09T12:10:29.8287522Z [36;1m  deploy_status=\$?[0m
deploy	Deploy Changed Services	2026-02-09T12:10:29.8288143Z [36;1m  set -o errexit[0m
deploy	Deploy Changed Services	2026-02-09T12:10:29.8288723Z [36;1m[0m
deploy	Deploy Changed Services	2026-02-09T12:10:29.8289278Z [36;1m  echo "\$deploy_output"[0m
deploy	Deploy Changed Services	2026-02-09T12:10:29.8289879Z [36;1m[0m
deploy	Deploy Changed Services	2026-02-09T12:10:29.8290458Z [36;1m  if [ \$deploy_status -ne 0 ]; then[0m
deploy	Deploy Changed Services	2026-02-09T12:10:29.8291234Z [36;1m      echo "Error: Deployment failed with exit code \$deploy_status."[0m
deploy	Deploy Changed Services	2026-02-09T12:10:29.8291987Z [36;1m      exit 1[0m
deploy	Deploy Changed Services	2026-02-09T12:10:29.8292549Z [36;1m  fi[0m
deploy	Deploy Changed Services	2026-02-09T12:10:29.8293273Z [36;1m  if echo "\$deploy_output" | grep -q "could not be accessed on a registry"; then[0m
deploy	Deploy Changed Services	2026-02-09T12:10:29.8294180Z [36;1m    echo "Error: Registry access issue detected during deployment."[0m
deploy	Deploy Changed Services	2026-02-09T12:10:29.8294935Z [36;1m    exit 1[0m
deploy	Deploy Changed Services	2026-02-09T12:10:29.8295716Z [36;1m  fi[0m
deploy	Deploy Changed Services	2026-02-09T12:10:29.8296325Z [36;1m  echo "Forcing update of services..."[0m
deploy	Deploy Changed Services	2026-02-09T12:10:29.8297095Z [36;1m  services=\$(echo "$services_to_build" | tr -d '[]"' | tr ',' ' ')[0m
deploy	Deploy Changed Services	2026-02-09T12:10:29.8297833Z [36;1m  underscore="_"[0m
deploy	Deploy Changed Services	2026-02-09T12:10:29.8298444Z [36;1m  echo $services_to_build[0m
deploy	Deploy Changed Services	2026-02-09T12:10:29.8299087Z [36;1m  for service in \$services; do[0m
deploy	Deploy Changed Services	2026-02-09T12:10:29.8299770Z [36;1m    echo "Processing service: \$service"[0m
deploy	Deploy Changed Services	2026-02-09T12:10:29.8300474Z [36;1m    if [ "\$service" == "caddy" ]; then[0m
deploy	Deploy Changed Services	2026-02-09T12:10:29.8301226Z [36;1m      echo "docker service update --force ${branch_name}_caddy"[0m
deploy	Deploy Changed Services	2026-02-09T12:10:29.8302052Z [36;1m      docker service update --force ${branch_name}_caddy[0m
deploy	Deploy Changed Services	2026-02-09T12:10:29.8302811Z [36;1m    elif [ "\$service" == "mini-app" ]; then[0m
deploy	Deploy Changed Services	2026-02-09T12:10:29.8303554Z [36;1m      echo "Special handling for mini-app service"[0m
deploy	Deploy Changed Services	2026-02-09T12:10:29.8304294Z [36;1m      echo "Updating $branch_name_mini-app"[0m
deploy	Deploy Changed Services	2026-02-09T12:10:29.8305504Z [36;1m      docker service update --update-failure-action rollback --update-max-failure-ratio 0.2 --force ${branch_name}_mini-app[0m
deploy	Deploy Changed Services	2026-02-09T12:10:29.8306467Z [36;1m[0m
deploy	Deploy Changed Services	2026-02-09T12:10:29.8307124Z [36;1m      echo "Updating $branch_name_mini-app-notification-socket"[0m
deploy	Deploy Changed Services	2026-02-09T12:10:29.8308286Z [36;1m      docker service update --update-failure-action rollback --update-max-failure-ratio 0.2 --force ${branch_name}_mini-app-notification-socket[0m
deploy	Deploy Changed Services	2026-02-09T12:10:29.8309302Z [36;1m[0m
deploy	Deploy Changed Services	2026-02-09T12:10:29.8309926Z [36;1m      echo "Updating $branch_name_mini-app-poa-worker"[0m
deploy	Deploy Changed Services	2026-02-09T12:10:29.8311010Z [36;1m      docker service update --update-failure-action rollback --update-max-failure-ratio 0.2 --force ${branch_name}_mini-app-poa-worker[0m
deploy	Deploy Changed Services	2026-02-09T12:10:29.8311986Z [36;1m[0m
deploy	Deploy Changed Services	2026-02-09T12:10:29.8312622Z [36;1m      echo "Updating $branch_name_mini-app-sbt-worker"[0m
deploy	Deploy Changed Services	2026-02-09T12:10:29.8313709Z [36;1m      docker service update --update-failure-action rollback --update-max-failure-ratio 0.2 --force ${branch_name}_mini-app-sbt-worker[0m
deploy	Deploy Changed Services	2026-02-09T12:10:29.8314685Z [36;1m      [0m
deploy	Deploy Changed Services	2026-02-09T12:10:29.8315525Z [36;1m      echo "Updating $branch_name_mini-app-nft-api-worker"[0m
deploy	Deploy Changed Services	2026-02-09T12:10:29.8316648Z [36;1m      docker service update --update-failure-action rollback --update-max-failure-ratio 0.2 --force ${branch_name}_mini-app-nft-api-worker[0m
deploy	Deploy Changed Services	2026-02-09T12:10:29.8317636Z [36;1m[0m
deploy	Deploy Changed Services	2026-02-09T12:10:29.8318157Z [36;1m[0m
deploy	Deploy Changed Services	2026-02-09T12:10:29.8318796Z [36;1m      echo "Updating $branch_name_mini-app-ordinary-worker"[0m
deploy	Deploy Changed Services	2026-02-09T12:10:29.8319908Z [36;1m      docker service update --update-failure-action rollback --update-max-failure-ratio 0.2 --force ${branch_name}_mini-app-ordinary-worker[0m
deploy	Deploy Changed Services	2026-02-09T12:10:29.8320901Z [36;1m[0m
deploy	Deploy Changed Services	2026-02-09T12:10:29.8321531Z [36;1m      echo "Updating $branch_name_mini-app-reward-worker"[0m
deploy	Deploy Changed Services	2026-02-09T12:10:29.8322790Z [36;1m      docker service update --update-failure-action rollback --update-max-failure-ratio 0.2 --force ${branch_name}_mini-app-reward-worker[0m
deploy	Deploy Changed Services	2026-02-09T12:10:29.8323885Z [36;1m[0m
deploy	Deploy Changed Services	2026-02-09T12:10:29.8324522Z [36;1m      echo "Updating $branch_name_mini-app-moderation-bot"[0m
deploy	Deploy Changed Services	2026-02-09T12:10:29.8325831Z [36;1m      docker service update --update-failure-action rollback --update-max-failure-ratio 0.2 --force ${branch_name}_mini-app-moderation-bot[0m
deploy	Deploy Changed Services	2026-02-09T12:10:29.8326845Z [36;1m    else[0m
deploy	Deploy Changed Services	2026-02-09T12:10:29.8327538Z [36;1m      echo "docker service update --force ${branch_name}_\${service}"[0m
deploy	Deploy Changed Services	2026-02-09T12:10:29.8328636Z [36;1m      docker service update --update-failure-action rollback --update-max-failure-ratio 0.2  --force ${branch_name}_\${service}[0m
deploy	Deploy Changed Services	2026-02-09T12:10:29.8329595Z [36;1m    fi[0m
deploy	Deploy Changed Services	2026-02-09T12:10:29.8330151Z [36;1m  done[0m
deploy	Deploy Changed Services	2026-02-09T12:10:29.8330733Z [36;1m  # bidar kardane fluentd :))[0m
deploy	Deploy Changed Services	2026-02-09T12:10:29.8331712Z [36;1m  docker service update --update-failure-action rollback --update-max-failure-ratio 0.5 --force ${branch_name}_fluentd[0m
deploy	Deploy Changed Services	2026-02-09T12:10:29.8332749Z [36;1m  echo "Services deployed successfully."         [0m
deploy	Deploy Changed Services	2026-02-09T12:10:29.8333412Z [36;1mEOF[0m
deploy	Deploy Changed Services	2026-02-09T12:10:29.8333936Z [36;1m[0m
deploy	Deploy Changed Services	2026-02-09T12:10:29.8334527Z [36;1mecho "Services deployed successfully."[0m
deploy	Deploy Changed Services	2026-02-09T12:10:29.8369145Z shell: /usr/bin/bash -e {0}
deploy	Deploy Changed Services	2026-02-09T12:10:29.8369777Z env:
deploy	Deploy Changed Services	2026-02-09T12:10:29.8399870Z   ALLMYSECRETS: {
deploy	Deploy Changed Services	  "DEV_MNEMONIC": "***",
deploy	Deploy Changed Services	  "MAIN_PGADMIN_DEFAULT_PASSWORD": "***",
deploy	Deploy Changed Services	  "DOCKER_HUB_TOKEN": "***",
deploy	Deploy Changed Services	  "STAGING_ONTON_API_KEY": "***",
deploy	Deploy Changed Services	  "STAGING_CLOUDFLARE_API_TOKEN": "***",
deploy	Deploy Changed Services	  "DEV_TON_CENTER_TOKEN": "***",
deploy	Deploy Changed Services	  "STAGING_ONTON_API_SECRET": "***",
deploy	Deploy Changed Services	  "STAGING_GITHUB_CLIENT_SECRET": "***",
deploy	Deploy Changed Services	  "SSH_MAIN_IP": "***",
deploy	Deploy Changed Services	  "MAIN_TWITTER_CLIENT_SECRET": "***",
deploy	Deploy Changed Services	  "STAGING_MINIO_ROOT_PASSWORD": "***",
deploy	Deploy Changed Services	  "MAIN_GITHUB_CLIENT_SECRET": "***",
deploy	Deploy Changed Services	  "STAGING_RABBITMQ_DEFAULT_PASS": "***",
deploy	Deploy Changed Services	  "SSH_DEV_IP": "***",
deploy	Deploy Changed Services	  "DEV_POSTGRES_PASSWORD": "***",
deploy	Deploy Changed Services	  "SSH_PASSPHRASE": "***",
deploy	Deploy Changed Services	  "STAGING_CLIENT_API_FIXED_KEY": "***",
deploy	Deploy Changed Services	  "MAIN_TON_CENTER_TOKEN": "***",
deploy	Deploy Changed Services	  "DOCKER_HUB_USERNAME": "***",
deploy	Deploy Changed Services	  "GIT_API_KEY": "***",
deploy	Deploy Changed Services	  "MAIN_CLOUDFLARE_EMAIL": "***",
deploy	Deploy Changed Services	  "MAIN_DATABASE_URL": "***",
deploy	Deploy Changed Services	  "MAIN_CLOUDFLARE_EMAIL_MAIN": "***",
deploy	Deploy Changed Services	  "STAGING_PGADMIN_DEFAULT_EMAIL": "***",
deploy	Deploy Changed Services	  "STAGING_SECRET_EVENT_WALLET_ENC_KEY": "***",
deploy	Deploy Changed Services	  "STAGING_PGADMIN_DEFAULT_PASSWORD": "***",
deploy	Deploy Changed Services	  "CR_PAT": "***",
deploy	Deploy Changed Services	  "MAIN_CLOUDFLARE_API_TOKEN_MAIN": "***",
deploy	Deploy Changed Services	  "MAIN_POSTGRES_USER": "***",
deploy	Deploy Changed Services	  "DEV_BOT_TOKEN": "***",
deploy	Deploy Changed Services	  "STAGING_REDIS_PASSWORD": "***",
deploy	Deploy Changed Services	  "TELEGRAM_CHAT_ID_FOR_DEPLOYMENT": "***",
deploy	Deploy Changed Services	  "STAGING_TONAPI_API_KEY": "***",
deploy	Deploy Changed Services	  "STAGING_CLOUDFLARE_API_TOKEN_MAIN": "***",
deploy	Deploy Changed Services	  "MAIN_BOT_TOKEN": "***",
deploy	Deploy Changed Services	  "MAIN_SENTRY_AUTH_TOKEN": "***",
deploy	Deploy Changed Services	  "github_token": "***",
deploy	Deploy Changed Services	  "STAGING_DATABASE_URL_NFT_MANAGER": "***",
deploy	Deploy Changed Services	  "DEV_CLOUDFLARE_API_TOKEN": "***",
deploy	Deploy Changed Services	  "STAGING_TON_SOCIETY_API_KEY": "***",
deploy	Deploy Changed Services	  "STAGING_POSTGRES_PASSWORD": "***",
deploy	Deploy Changed Services	  "MAIN_RABBITMQ_DEFAULT_USER": "***",
deploy	Deploy Changed Services	  "MAIN_CLOUDFLARE_API_TOKEN": "***",
deploy	Deploy Changed Services	  "MAIN_CLOUDFLARE_DNS_ZONE_ID": "***",
deploy	Deploy Changed Services	  "MAIN_REDIS_PASSWORD": "***",
deploy	Deploy Changed Services	  "STAGING_MINIO_ROOT_USER": "***",
deploy	Deploy Changed Services	  "MAIN_TON_SOCIETY_API_KEY": "***",
deploy	Deploy Changed Services	  "STAGING_CLOUDFLARE_DNS_ZONE_ID": "***",
deploy	Deploy Changed Services	  "DEV_CLIENT_API_JWT_SECRET": "***",
deploy	Deploy Changed Services	  "STAGING_BOT_TOKEN": "***",
deploy	Deploy Changed Services	  "MAIN_MB_ENCRYPTION_SECRET_KEY": "***",
deploy	Deploy Changed Services	  "USE_CLOUDFLARE": "***",
deploy	Deploy Changed Services	  "MAIN_TONAPI_API_KEY": "***",
deploy	Deploy Changed Services	  "SSH_PRIVATE_KEY": "***",
deploy	Deploy Changed Services	  "MAIN_LINKEDIN_CLIENT_SECRET": "***",
deploy	Deploy Changed Services	  "STAGING_MS_CLIENT_SECRET": "***",
deploy	Deploy Changed Services	  "SSH_DEV_KEY": "***",
deploy	Deploy Changed Services	  "STAGING_TWITTER_CLIENT_SECRET": "***",
deploy	Deploy Changed Services	  "STAGING_CLIENT_API_JWT_SECRET": "***",
deploy	Deploy Changed Services	  "MAIN_DATABASE_URL_NFT_MANAGER": "***",
deploy	Deploy Changed Services	  "DEV_ONTON_API_SECRET": "***",
deploy	Deploy Changed Services	  "MAIN_GOOGLE_CLIENT_SECRET": "***",
deploy	Deploy Changed Services	  "MAIN_MS_CLIENT_SECRET": "***",
deploy	Deploy Changed Services	  "STAGING_DATABASE_URL": "***",
deploy	Deploy Changed Services	  "STAGING_TON_CENTER_TOKEN": "***",
deploy	Deploy Changed Services	  "DEV_TON_SOCIETY_API_KEY": "***",
deploy	Deploy Changed Services	  "MAIN_EVENT_WALLET_ENC_KEY": "***",
deploy	Deploy Changed Services	  "STAGING_POSTGRES_USER": "***",
deploy	Deploy Changed Services	  "MAIN_PGADMIN_DEFAULT_EMAIL": "***",
deploy	Deploy Changed Services	  "SSH_MAIN_PORT": "***",
deploy	Deploy Changed Services	  "MAIN_MNEMONIC": "***",
deploy	Deploy Changed Services	  "MAIN_POSTGRES_PASSWORD": "***",
deploy	Deploy Changed Services	  "DEV_TONAPI_API_KEY": "***",
deploy	Deploy Changed Services	  "STAGING_GOOGLE_CLIENT_SECRET": "***",
deploy	Deploy Changed Services	  "DEV_MB_ENCRYPTION_SECRET_KEY": "***",
deploy	Deploy Changed Services	  "STAGING_SENTRY_AUTH_TOKEN": "***",
deploy	Deploy Changed Services	  "DEV_DATABASE_URL": "***",
deploy	Deploy Changed Services	  "DEV_MINIO_ROOT_PASSWORD": "***",
deploy	Deploy Changed Services	  "MAIN_RABBITMQ_DEFAULT_PASS": "***",
deploy	Deploy Changed Services	  "TELEGRAM_BOT_TOKEN_FOR_DEPLOYMENT": "***",
deploy	Deploy Changed Services	  "MAIN_ONTON_API_SECRET": "***",
deploy	Deploy Changed Services	  "MAIN_CLIENT_API_FIXED_KEY": "***",
deploy	Deploy Changed Services	  "SSH_DEV_PORT": "***",
deploy	Deploy Changed Services	  "DEV_ONTON_API_KEY": "***",
deploy	Deploy Changed Services	  "DEV_MINIO_ROOT_USER": "***",
deploy	Deploy Changed Services	  "STAGING_MNEMONIC": "***",
deploy	Deploy Changed Services	  "MAIN_MINIO_ROOT_USER": "***",
deploy	Deploy Changed Services	  "DEV_PGADMIN_DEFAULT_PASSWORD": "***",
deploy	Deploy Changed Services	  "DEV_CLIENT_API_FIXED_KEY": "***",
deploy	Deploy Changed Services	  "STAGING_CLOUDFLARE_EMAIL": "***",
deploy	Deploy Changed Services	  "STAGING_MB_ENCRYPTION_SECRET_KEY": "***",
deploy	Deploy Changed Services	  "MAIN_MINIO_ROOT_PASSWORD": "***",
deploy	Deploy Changed Services	  "MAIN_ONTON_API_KEY": "***",
deploy	Deploy Changed Services	  "STAGING_RABBITMQ_DEFAULT_USER": "***",
deploy	Deploy Changed Services	  "MAIN_CLIENT_API_JWT_SECRET": "***",
deploy	Deploy Changed Services	  "STAGING_LINKEDIN_CLIENT_SECRET": "***",
deploy	Deploy Changed Services	  "DEV_RABBITMQ_DEFAULT_PASS": "***"
deploy	Deploy Changed Services	}
deploy	Deploy Changed Services	2026-02-09T12:10:29.8480986Z   ALLMYVARS: {
deploy	Deploy Changed Services	  "DEV_ACME_AGREE": "true",
deploy	Deploy Changed Services	  "DEV_BRANCH_NAME": "dev",
deploy	Deploy Changed Services	  "DEV_CACHE_ENABLED": "true",
deploy	Deploy Changed Services	  "DEV_CLAMAV_PORT": "***10",
deploy	Deploy Changed Services	  "DEV_CLIENT_API_FIXED_ORGANIZER": "@Ontonadmin",
deploy	Deploy Changed Services	  "DEV_CLIENT_API_FIXED_USER": "@Ontonadmin",
deploy	Deploy Changed Services	  "DEV_CLIENT_WEB_DOMAIN": "dev-client-web.dev.***.live",
deploy	Deploy Changed Services	  "DEV_COMPOSE_PROJECT_NAME": "develop-***",
deploy	Deploy Changed Services	  "DEV_ENV": "development",
deploy	Deploy Changed Services	  "DEV_EVENT_WALLET_ENC_KEY": "Ci5M6/B4Wke4qX6tXViVeW0xM0iH0yh/qvD3Y1xu2v8",
deploy	Deploy Changed Services	  "DEV_GOLANG_SERVER_PORT": "3013",
deploy	Deploy Changed Services	  "DEV_IP_CADDY": "caddy",
deploy	Deploy Changed Services	  "DEV_IP_CLAMAV": "host.docker.internal",
deploy	Deploy Changed Services	  "DEV_IP_CLIENT_WEB": "client-web",
deploy	Deploy Changed Services	  "DEV_IP_GIVEAWAY_CHECKER": "giveaway-checker",
deploy	Deploy Changed Services	  "DEV_IP_GOLANG_SERVER": "golang-server",
deploy	Deploy Changed Services	  "DEV_IP_GOLANG_WORKER": "golang-worker",
deploy	Deploy Changed Services	  "DEV_IP_KIBANA": "kibana",
deploy	Deploy Changed Services	  "DEV_IP_METABASE": "metabase",
deploy	Deploy Changed Services	  "DEV_IP_MINIO": "minio",
deploy	Deploy Changed Services	  "DEV_IP_MINI_APP": "mini-app",
deploy	Deploy Changed Services	  "DEV_IP_MINI_APP_CRON": "mini-app-sbt-worker",
deploy	Deploy Changed Services	  "DEV_IP_NFT_MANAGER": "nft-manager",
deploy	Deploy Changed Services	  "DEV_IP_PARTICIPANT_TMA": "participant-tma",
deploy	Deploy Changed Services	  "DEV_IP_PGADMIN": "pgadmin",
deploy	Deploy Changed Services	  "DEV_IP_POA_WORKER": "mini-app-poa-worker",
deploy	Deploy Changed Services	  "DEV_IP_POSTGRES": "postgres",
deploy	Deploy Changed Services	  "DEV_IP_RABBITMQ": "rabbitmq",
deploy	Deploy Changed Services	  "DEV_IP_RANGE_BASE": "host.docker.internal",
deploy	Deploy Changed Services	  "DEV_IP_RANGE_START": "172.10",
deploy	Deploy Changed Services	  "DEV_IP_RANGE_SUBNET": "24",
deploy	Deploy Changed Services	  "DEV_IP_REDIS": "redis",
deploy	Deploy Changed Services	  "DEV_IP_SOCKET": "mini-app-notification-socket",
deploy	Deploy Changed Services	  "DEV_IP_SWAGGER_UI": "swagger-ui",
deploy	Deploy Changed Services	  "DEV_IP_TELEGRAM_BOT": "telegram-bot",
deploy	Deploy Changed Services	  "DEV_IP_WEBSITE": "website",
deploy	Deploy Changed Services	  "DEV_JWT_SECRET_SOCKET": "D3v@OnTonw3tds112ewq%KD___%1006-7-8-9-0OkMjKlll%909R9OOsf",
deploy	Deploy Changed Services	  "DEV_KIBANA_HASHED_PASSWORD": "$2a$14$6P83mnKs9BxP2qZDaMU.2OzBHY3SG0nnaVXJ8nKluEWEWD5RMmN/W",
deploy	Deploy Changed Services	  "DEV_KIBANA_PORT": "3023",
deploy	Deploy Changed Services	  "DEV_KIBANA_USERNAME": "monitor",
deploy	Deploy Changed Services	  "DEV_LOCAL_DOMAIN": "dev-app.dev.***.live",
deploy	Deploy Changed Services	  "DEV_MB_REDIRECT_ALL_REQUESTS_TO_HTTPS": "true",
deploy	Deploy Changed Services	  "DEV_METABASE_DOMAIN": "dev-metabase.dev.***.live",
deploy	Deploy Changed Services	  "DEV_MINIO_COLLECTION_BUCKET": "***collection",
deploy	Deploy Changed Services	  "DEV_MINIO_DASHBOARD_PORT": "3014",
deploy	Deploy Changed Services	  "DEV_MINIO_DOC_BUCKET": "***doc",
deploy	Deploy Changed Services	  "DEV_MINIO_DOC_DEFAULT_BUCKET": "***",
deploy	Deploy Changed Services	  "DEV_MINIO_ENDPOINT": "minio",
deploy	Deploy Changed Services	  "DEV_MINIO_IMAGE_BUCKET": "***image",
deploy	Deploy Changed Services	  "DEV_MINIO_ITEM_BUCKET": "***item",
deploy	Deploy Changed Services	  "DEV_MINIO_PORT": "3012",
deploy	Deploy Changed Services	  "DEV_MINIO_PUBLIC_URL": "https://dev-storage.dev.***.live",
deploy	Deploy Changed Services	  "DEV_MINIO_REGION_NAME": "default",
deploy	Deploy Changed Services	  "DEV_MINIO_SBT_COLLECTIONS_BUCKET": "sbt-collections",
deploy	Deploy Changed Services	  "DEV_MINIO_STORAGE_ADMIN_DOMAIN": "dev-storage-admin.dev.***.live",
deploy	Deploy Changed Services	  "DEV_MINIO_STORAGE_DOMAIN": "dev-storage.dev.***.live",
deploy	Deploy Changed Services	  "DEV_MINIO_VIDEO_BUCKET": "***video",
deploy	Deploy Changed Services	  "DEV_MINI_APP_DOMAIN": "dev-app.dev.***.live",
deploy	Deploy Changed Services	  "DEV_MINI_APP_PORT": "3000",
deploy	Deploy Changed Services	  "DEV_MINI_APP_SOCKET_DOMAIN": "dev-socket.dev.***.live",
deploy	Deploy Changed Services	  "DEV_MONITORING_DOMAIN": "dev-monitoring.dev.***.live",
deploy	Deploy Changed Services	  "DEV_NETWORK_NAME": "***-dev",
deploy	Deploy Changed Services	  "DEV_NETWORK_PUBLIC_IP": "***",
deploy	Deploy Changed Services	  "DEV_NEXT_PUBLIC_API_BASE_URL": "https://dev-app.dev.***.live/api/v1",
deploy	Deploy Changed Services	  "DEV_NEXT_PUBLIC_APP_BASE_URL": "https://dev-app.dev.***.live",
deploy	Deploy Changed Services	  "DEV_NEXT_PUBLIC_BACKEND_URL_CLIENT": "https://dev-app.dev.***.live/api/client/v1/",
deploy	Deploy Changed Services	  "DEV_NEXT_PUBLIC_BOT_USERNAME": "dev_ont0n_bot",
deploy	Deploy Changed Services	  "DEV_NEXT_PUBLIC_ENV": "development",
deploy	Deploy Changed Services	  "DEV_NEXT_PUBLIC_GTM": "GTM-dev",
deploy	Deploy Changed Services	  "DEV_NEXT_PUBLIC_SOCKET_URL": "dev-socket.dev.***.live",
deploy	Deploy Changed Services	  "DEV_NFT_INTERVAL_TIME": "60000",
deploy	Deploy Changed Services	  "DEV_NFT_MANAGER_PORT": "3004",
deploy	Deploy Changed Services	  "DEV_NODE_ENV": "production",
deploy	Deploy Changed Services	  "DEV_NODE_TLS_REJECT_UNAUTHORIZED": "0",
deploy	Deploy Changed Services	  "DEV_ONTON_DOMAIN": "dev.***.live",
deploy	Deploy Changed Services	  "DEV_PARTICIPANT_TMA_PORT": "3001",
deploy	Deploy Changed Services	  "DEV_PGADMIN_DOMAIN": "dev-pgadmin.dev.***.live",
deploy	Deploy Changed Services	  "DEV_PORT_CLIENT_WEB": "3007",
deploy	Deploy Changed Services	  "DEV_PORT_METABASE": "3009",
deploy	Deploy Changed Services	  "DEV_PORT_PGADMIN": "3006",
deploy	Deploy Changed Services	  "DEV_PORT_WEB_SITE": "3005",
deploy	Deploy Changed Services	  "DEV_POSTGRES_METABASE_DB": "dev-mini-app",
deploy	Deploy Changed Services	  "DEV_POSTGRES_MINI_APP_DB": "dev-mini-app",
deploy	Deploy Changed Services	  "DEV_POSTGRES_NFT_MANAGER_DB": "dev-nft-manager",
deploy	Deploy Changed Services	  "DEV_POSTGRES_PORT": "3008",
deploy	Deploy Changed Services	  "DEV_PTMA_API_BASE_URL": "https://dev-app.dev.***.live/api/v1",
deploy	Deploy Changed Services	  "DEV_RABBITMQ_DOMAIN": "dev-rabbitmq.dev.***.live",
deploy	Deploy Changed Services	  "DEV_RABBITMQ_MANAGEMENT_PORT": "3015",
deploy	Deploy Changed Services	  "DEV_RABBITMQ_NODE_PORT": "3016",
deploy	Deploy Changed Services	  "DEV_REDIS_DATABASES": "1",
deploy	Deploy Changed Services	  "DEV_REDIS_PORT": "3011",
deploy	Deploy Changed Services	  "DEV_REGISTRY_URL": "ghcr.io",
deploy	Deploy Changed Services	  "DEV_SOCKET_PORT": "30***",
deploy	Deploy Changed Services	  "DEV_STAGE_NAME": "dev-***",
deploy	Deploy Changed Services	  "DEV_SWAGGER_UI_DOMAIN": "dev-swagger-ui.dev.***.live",
deploy	Deploy Changed Services	  "DEV_SWAGGER_UI_PORT": "3024",
deploy	Deploy Changed Services	  "DEV_SYS_CADDY_REPLICAS": "1",
deploy	Deploy Changed Services	  "DEV_SYS_MINI_APP_REPLICAS": "1",
deploy	Deploy Changed Services	  "DEV_SYS_PARTICIPANT_TMA_REPLICAS": "1",
deploy	Deploy Changed Services	  "DEV_SYS_WEB_SITE_REPLICAS": "1",
deploy	Deploy Changed Services	  "DEV_TELEGRAM_BOT_PORT": "3002",
deploy	Deploy Changed Services	  "DEV_TG_EVENTS_TOPIC": "2",
deploy	Deploy Changed Services	  "DEV_TG_LOGS_GROUP_ID": "-1002308507308",
deploy	Deploy Changed Services	  "DEV_TG_LOG_BOT_TOKEN": "7604730825:AAE1WJHs5lFI2zX_tba6M-1HYfffA8ugFmA",
deploy	Deploy Changed Services	  "DEV_TG_NOTIFICATION_CHANELL": "-1002164161685",
deploy	Deploy Changed Services	  "DEV_TG_SYSTEM_TOPIC": "16",
deploy	Deploy Changed Services	  "DEV_TG_TICKETS_TOPIC": "4",
deploy	Deploy Changed Services	  "DEV_TON_CENTER_ENDPOINT": "https://toncenter.com/api/v2/jsonRPC",
deploy	Deploy Changed Services	  "DEV_TON_SOCIETY_BASE_URL": "https://id.ton.org/v1",
deploy	Deploy Changed Services	  "DEV_USE_CLOUDFLARE": "true",
deploy	Deploy Changed Services	  "DEV_USE_MAIN_IP_TO_EXPOSE": "true",
deploy	Deploy Changed Services	  "MAIN_ACME_AGREE": "true",
deploy	Deploy Changed Services	  "MAIN_BRANCH_NAME": "main",
deploy	Deploy Changed Services	  "MAIN_CACHE_ENABLED": "true",
deploy	Deploy Changed Services	  "MAIN_CLAMAV_PORT": "***10",
deploy	Deploy Changed Services	  "MAIN_CLIENT_API_FIXED_ORGANIZER": "@Ontonadmin",
deploy	Deploy Changed Services	  "MAIN_CLIENT_API_FIXED_USER": "@Ontonadmin",
deploy	Deploy Changed Services	  "MAIN_CLIENT_WEB_DOMAIN": "client-web.***.live",
deploy	Deploy Changed Services	  "MAIN_COMPOSE_PROJECT_NAME": "production-***",
deploy	Deploy Changed Services	  "MAIN_ENV": "production",
deploy	Deploy Changed Services	  "MAIN_GITHUB_CLIENT_ID": "Ov23liQFN1rMeZicYHnL",
deploy	Deploy Changed Services	  "MAIN_GITHUB_REPO": "***bot",
deploy	Deploy Changed Services	  "MAIN_GOLANG_SERVER_PORT": "8013",
deploy	Deploy Changed Services	  "MAIN_GOOGLE_CLIENT_ID": "174044865725-8urfv981fca74aj3bq2kqik7fbe2rggg.apps.googleusercontent.com",
deploy	Deploy Changed Services	  "MAIN_IP_CADDY": "caddy",
deploy	Deploy Changed Services	  "MAIN_IP_CLAMAV": "host.docker.internal",
deploy	Deploy Changed Services	  "MAIN_IP_CLIENT_WEB": "client-web",
deploy	Deploy Changed Services	  "MAIN_IP_GIVEAWAY_CHECKER": "giveaway-checker",
deploy	Deploy Changed Services	  "MAIN_IP_GOLANG_SERVER": "golang-server",
deploy	Deploy Changed Services	  "MAIN_IP_GOLANG_WORKER": "golang-worker",
deploy	Deploy Changed Services	  "MAIN_IP_KIBANA": "kibana",
deploy	Deploy Changed Services	  "MAIN_IP_METABASE": "metabase",
deploy	Deploy Changed Services	  "MAIN_IP_MINIO": "minio",
deploy	Deploy Changed Services	  "MAIN_IP_MINI_APP": "mini-app",
deploy	Deploy Changed Services	  "MAIN_IP_MINI_APP_CRON": "mini-app-sbt-worker",
deploy	Deploy Changed Services	  "MAIN_IP_NFT_MANAGER": "nft-manager",
deploy	Deploy Changed Services	  "MAIN_IP_PARTICIPANT_TMA": "participant-tma",
deploy	Deploy Changed Services	  "MAIN_IP_PGADMIN": "pgadmin",
deploy	Deploy Changed Services	  "MAIN_IP_POA_WORKER": "mini-app-poa-worker",
deploy	Deploy Changed Services	  "MAIN_IP_POSTGRES": "postgres",
deploy	Deploy Changed Services	  "MAIN_IP_RABBITMQ": "rabbitmq",
deploy	Deploy Changed Services	  "MAIN_IP_RANGE_BASE": "host.docker.internal",
deploy	Deploy Changed Services	  "MAIN_IP_REDIS": "redis",
deploy	Deploy Changed Services	  "MAIN_IP_SOCKET": "mini-app-notification-socket",
deploy	Deploy Changed Services	  "MAIN_IP_SWAGGER_UI": "swagger-ui",
deploy	Deploy Changed Services	  "MAIN_IP_TELEGRAM_BOT": "telegram-bot",
deploy	Deploy Changed Services	  "MAIN_IP_WEBSITE": "website",
deploy	Deploy Changed Services	  "MAIN_JWT_SECRET_SOCKET": "JFDmdjeu__@HF_KKSEEWR_ERW*ER_FGDFG_ET%DG%34534aasd_Rhuefli!hfsdlnf",
deploy	Deploy Changed Services	  "MAIN_KIBANA_HASHED_PASSWORD": "$2a$14$6P83mnKs9BxP2qZDaMU.2OzBHY3SG0nnaVXJ8nKluEWEWD5RMmN/W",
deploy	Deploy Changed Services	  "MAIN_KIBANA_PORT": "8023",
deploy	Deploy Changed Services	  "MAIN_KIBANA_USERNAME": "monitor",
deploy	Deploy Changed Services	  "MAIN_LINKEDIN_CLIENT_ID": "77osbnm9chxr4c",
deploy	Deploy Changed Services	  "MAIN_LOCAL_DOMAIN": "***.live",
deploy	Deploy Changed Services	  "MAIN_MB_REDIRECT_ALL_REQUESTS_TO_HTTPS": "true",
deploy	Deploy Changed Services	  "MAIN_METABASE_DOMAIN": "metabase.***.live",
deploy	Deploy Changed Services	  "MAIN_MINIO_COLLECTION_BUCKET": "***collection",
deploy	Deploy Changed Services	  "MAIN_MINIO_DASHBOARD_PORT": "8014",
deploy	Deploy Changed Services	  "MAIN_MINIO_DOC_BUCKET": "***doc",
deploy	Deploy Changed Services	  "MAIN_MINIO_DOC_DEFAULT_BUCKET": "***",
deploy	Deploy Changed Services	  "MAIN_MINIO_ENDPOINT": "minio",
deploy	Deploy Changed Services	  "MAIN_MINIO_IMAGE_BUCKET": "***image",
deploy	Deploy Changed Services	  "MAIN_MINIO_ITEM_BUCKET": "***item",
deploy	Deploy Changed Services	  "MAIN_MINIO_PORT": "8012",
deploy	Deploy Changed Services	  "MAIN_MINIO_PUBLIC_URL": "https://storage.***.live",
deploy	Deploy Changed Services	  "MAIN_MINIO_REGION_NAME": "default",
deploy	Deploy Changed Services	  "MAIN_MINIO_SBT_COLLECTIONS_BUCKET": "sbt-collections",
deploy	Deploy Changed Services	  "MAIN_MINIO_STORAGE_ADMIN_DOMAIN": "storage-admin.***.live",
deploy	Deploy Changed Services	  "MAIN_MINIO_STORAGE_DOMAIN": "storage.***.live",
deploy	Deploy Changed Services	  "MAIN_MINIO_VIDEO_BUCKET": "***video",
deploy	Deploy Changed Services	  "MAIN_MINI_APP_DOMAIN": "app.***.live",
deploy	Deploy Changed Services	  "MAIN_MINI_APP_PORT": "8000",
deploy	Deploy Changed Services	  "MAIN_MINI_APP_SOCKET_DOMAIN": "socket.***.live",
deploy	Deploy Changed Services	  "MAIN_MONITORING_DOMAIN": "monitoring.***.live",
deploy	Deploy Changed Services	  "MAIN_MS_CLIENT_ID": "916e0c9f-17bc-45c2-9cbc-025c48a0d449",
deploy	Deploy Changed Services	  "MAIN_NETWORK_NAME": "***-production",
deploy	Deploy Changed Services	  "MAIN_NETWORK_PUBLIC_IP": "***",
deploy	Deploy Changed Services	  "MAIN_NEXT_PUBLIC_API_BASE_URL": "https://app.***.live/api/v1",
deploy	Deploy Changed Services	  "MAIN_NEXT_PUBLIC_APP_BASE_URL": "https://app.***.live",
deploy	Deploy Changed Services	  "MAIN_NEXT_PUBLIC_BACKEND_URL_CLIENT": "https://app.***.live/api/client/v1/",
deploy	Deploy Changed Services	  "MAIN_NEXT_PUBLIC_BOT_USERNAME": "the***bot",
deploy	Deploy Changed Services	  "MAIN_NEXT_PUBLIC_ENV": "production",
deploy	Deploy Changed Services	  "MAIN_NEXT_PUBLIC_GTM": "GTM-TSCPWNCM",
deploy	Deploy Changed Services	  "MAIN_NEXT_PUBLIC_SOCKET_URL": "socket.***.live",
deploy	Deploy Changed Services	  "MAIN_NFT_INTERVAL_TIME": "60000",
deploy	Deploy Changed Services	  "MAIN_NFT_MANAGER_PORT": "8004",
deploy	Deploy Changed Services	  "MAIN_NODE_ENV": "production",
deploy	Deploy Changed Services	  "MAIN_NODE_TLS_REJECT_UNAUTHORIZED": "1",
deploy	Deploy Changed Services	  "MAIN_ONTON_DOMAIN": "***.live",
deploy	Deploy Changed Services	  "MAIN_PARTICIPANT_TMA_PORT": "8001",
deploy	Deploy Changed Services	  "MAIN_PGADMIN_DOMAIN": "pgadmin.***.live",
deploy	Deploy Changed Services	  "MAIN_PORT_CLIENT_WEB": "8007",
deploy	Deploy Changed Services	  "MAIN_PORT_METABASE": "8009",
deploy	Deploy Changed Services	  "MAIN_PORT_PGADMIN": "8006",
deploy	Deploy Changed Services	  "MAIN_PORT_WEB_SITE": "8005",
deploy	Deploy Changed Services	  "MAIN_POSTGRES_METABASE_DB": "production-mini-app",
deploy	Deploy Changed Services	  "MAIN_POSTGRES_MINI_APP_DB": "production-mini-app",
deploy	Deploy Changed Services	  "MAIN_POSTGRES_NFT_MANAGER_DB": "production-nft-manager",
deploy	Deploy Changed Services	  "MAIN_POSTGRES_PORT": "8008",
deploy	Deploy Changed Services	  "MAIN_PTMA_API_BASE_URL": "https://app.***.live/api/v1",
deploy	Deploy Changed Services	  "MAIN_RABBITMQ_DOMAIN": "rabbitmq.***.live",
deploy	Deploy Changed Services	  "MAIN_RABBITMQ_MANAGEMENT_PORT": "8015",
deploy	Deploy Changed Services	  "MAIN_RABBITMQ_NODE_PORT": "8016",
deploy	Deploy Changed Services	  "MAIN_REDIS_DATABASES": "1",
deploy	Deploy Changed Services	  "MAIN_REDIS_PORT": "8011",
deploy	Deploy Changed Services	  "MAIN_REGISTRY_URL": "registry.toncloud.observer",
deploy	Deploy Changed Services	  "MAIN_SOCKET_PORT": "80***",
deploy	Deploy Changed Services	  "MAIN_STAGE_NAME": "main-***",
deploy	Deploy Changed Services	  "MAIN_SWAGGER_UI_DOMAIN": "swagger-ui.***.live",
deploy	Deploy Changed Services	  "MAIN_SWAGGER_UI_PORT": "8024",
deploy	Deploy Changed Services	  "MAIN_SYS_CADDY_REPLICAS": "1",
deploy	Deploy Changed Services	  "MAIN_SYS_MINI_APP_REPLICAS": "12",
deploy	Deploy Changed Services	  "MAIN_SYS_PARTICIPANT_TMA_REPLICAS": "6",
deploy	Deploy Changed Services	  "MAIN_SYS_WEB_SITE_REPLICAS": "3",
deploy	Deploy Changed Services	  "MAIN_TELEGRAM_BOT_PORT": "8002",
deploy	Deploy Changed Services	  "MAIN_TG_EVENTS_TOPIC": "2",
deploy	Deploy Changed Services	  "MAIN_TG_LOGS_GROUP_ID": "-1002300666538",
deploy	Deploy Changed Services	  "MAIN_TG_LOG_BOT_TOKEN": "7604730825:AAE1WJHs5lFI2zX_tba6M-1HYfffA8ugFmA",
deploy	Deploy Changed Services	  "MAIN_TG_NOTIFICATION_CHANELL": "-100***32083***",
deploy	Deploy Changed Services	  "MAIN_TG_SYSTEM_TOPIC": "16",
deploy	Deploy Changed Services	  "MAIN_TG_TICKETS_TOPIC": "4",
deploy	Deploy Changed Services	  "MAIN_TON_CENTER_ENDPOINT": "https://toncenter.com/api/v2/jsonRPC",
deploy	Deploy Changed Services	  "MAIN_TON_SOCIETY_BASE_URL": "https://id.ton.org/v1",
deploy	Deploy Changed Services	  "MAIN_TWITTER_CLIENT_ID": "SU1RUS0xaHNsRk5kd014UlZieDQ6MTpjaQ",
deploy	Deploy Changed Services	  "MAIN_USE_CLOUDFLARE": "true",
deploy	Deploy Changed Services	  "MAIN_USE_MAIN_IP_TO_EXPOSE": "true",
deploy	Deploy Changed Services	  "NEXT_PUBLIC_BOT_USERNAME": "notnonstagebot",
deploy	Deploy Changed Services	  "SANDBOX_ACME_AGREE": "true",
deploy	Deploy Changed Services	  "SANDBOX_BRANCH_NAME": "sandbox",
deploy	Deploy Changed Services	  "SANDBOX_CACHE_ENABLED": "true",
deploy	Deploy Changed Services	  "SANDBOX_CLAMAV_PORT": "***10",
deploy	Deploy Changed Services	  "SANDBOX_CLIENT_API_FIXED_ORGANIZER": "@Ontonadmin",
deploy	Deploy Changed Services	  "SANDBOX_CLIENT_API_FIXED_USER": "@Ontonadmin",
deploy	Deploy Changed Services	  "SANDBOX_CLIENT_WEB_DOMAIN": "sandbox-client-web.toncloud.observer",
deploy	Deploy Changed Services	  "SANDBOX_COMPOSE_PROJECT_NAME": "sanbox-***",
deploy	Deploy Changed Services	  "SANDBOX_IP_CADDY": "caddy",
deploy	Deploy Changed Services	  "SANDBOX_IP_CLAMAV": "host.docker.internal",
deploy	Deploy Changed Services	  "SANDBOX_IP_KIBANA": "kibana",
deploy	Deploy Changed Services	  "SANDBOX_IP_METABASE": "metabase",
deploy	Deploy Changed Services	  "SANDBOX_IP_PGADMIN": "pgadmin",
deploy	Deploy Changed Services	  "SANDBOX_IP_POA_WORKER": "mini-app-poa-worker",
deploy	Deploy Changed Services	  "SANDBOX_IP_POSTGRES": "postgres",
deploy	Deploy Changed Services	  "SANDBOX_IP_SOCKET": "mini-app-notification-socket",
deploy	Deploy Changed Services	  "SANDBOX_IP_TELEGRAM_BOT": "telegram-bot",
deploy	Deploy Changed Services	  "SANDBOX_IP_WEBSITE": "website",
deploy	Deploy Changed Services	  "SANDBOX_JWT_SECRET_SOCKET": "D3v@OnTonw3tds112ewq%KD___%1006-7-8-9-0OkMjKlll%909R9OOsf",
deploy	Deploy Changed Services	  "SANDBOX_KIBANA_HASHED_PASSWORD": "$2a$14$6P83mnKs9BxP2qZDaMU.2OzBHY3SG0nnaVXJ8nKluEWEWD5RMmN/W",
deploy	Deploy Changed Services	  "SANDBOX_KIBANA_PORT": "6023",
deploy	Deploy Changed Services	  "SANDBOX_KIBANA_USERNAME": "monitor",
deploy	Deploy Changed Services	  "SANDBOX_LOCAL_DOMAIN": "sandbox-app.toncloud.observer",
deploy	Deploy Changed Services	  "SANDBOX_MB_REDIRECT_ALL_REQUESTS_TO_HTTPS": "true",
deploy	Deploy Changed Services	  "SANDBOX_METABASE_DOMAIN": "sandbox-metabase.toncloud.observer",
deploy	Deploy Changed Services	  "SANDBOX_MINIO_COLLECTION_BUCKET": "***collection",
deploy	Deploy Changed Services	  "SANDBOX_MINIO_DASHBOARD_PORT": "6014",
deploy	Deploy Changed Services	  "SANDBOX_MINIO_DOC_BUCKET": "***doc",
deploy	Deploy Changed Services	  "SANDBOX_MINIO_DOC_DEFAULT_BUCKET": "***",
deploy	Deploy Changed Services	  "SANDBOX_MINIO_ENDPOINT": "minio",
deploy	Deploy Changed Services	  "SANDBOX_MINIO_IMAGE_BUCKET": "***image",
deploy	Deploy Changed Services	  "SANDBOX_MINIO_ITEM_BUCKET": "***item",
deploy	Deploy Changed Services	  "SANDBOX_MINIO_PORT": "6012",
deploy	Deploy Changed Services	  "SANDBOX_MINIO_PUBLIC_URL": "https://sandbox-storage.toncloud.observer",
deploy	Deploy Changed Services	  "SANDBOX_MINIO_REGION_NAME": "default",
deploy	Deploy Changed Services	  "SANDBOX_MINIO_SBT_COLLECTIONS_BUCKET": "sbt-collections",
deploy	Deploy Changed Services	  "SANDBOX_MINIO_STORAGE_ADMIN_DOMAIN": "sandbox-storage-admin.toncloud.observer",
deploy	Deploy Changed Services	  "SANDBOX_MINIO_STORAGE_DOMAIN": "sandbox-storage.toncloud.observer",
deploy	Deploy Changed Services	  "SANDBOX_MINIO_VIDEO_BUCKET": "***video",
deploy	Deploy Changed Services	  "SANDBOX_MINI_APP_DOMAIN": "sandbox-app.toncloud.observer",
deploy	Deploy Changed Services	  "SANDBOX_MINI_APP_PORT": "6000",
deploy	Deploy Changed Services	  "SANDBOX_MINI_APP_SOCKET_DOMAIN": "sandbox-socket.toncloud.observer",
deploy	Deploy Changed Services	  "SANDBOX_MONITORING_DOMAIN": "sandbox-monitoring.toncloud.observer",
deploy	Deploy Changed Services	  "SANDBOX_NETWORK_NAME": "***-sandbox",
deploy	Deploy Changed Services	  "SANDBOX_NETWORK_PUBLIC_IP": "***",
deploy	Deploy Changed Services	  "SANDBOX_NEXT_PUBLIC_API_BASE_URL": "https://sandbox-app.toncloud.observer/api/v1",
deploy	Deploy Changed Services	  "SANDBOX_NEXT_PUBLIC_APP_BASE_URL": "https://sandbox-app.toncloud.observer",
deploy	Deploy Changed Services	  "SANDBOX_NEXT_PUBLIC_BACKEND_URL_CLIENT": "https://sandbox-app.toncloud.observer/api/client/v1/",
deploy	Deploy Changed Services	  "SANDBOX_NEXT_PUBLIC_BOT_USERNAME": "sandbox_ont0n_bot",
deploy	Deploy Changed Services	  "SANDBOX_NEXT_PUBLIC_GTM": "GTM-sandbox",
deploy	Deploy Changed Services	  "SANDBOX_NEXT_PUBLIC_SOCKET_URL": "sandbox-socket.toncloud.observer",
deploy	Deploy Changed Services	  "SANDBOX_NFT_INTERVAL_TIME": "60000",
deploy	Deploy Changed Services	  "SANDBOX_NFT_MANAGER_PORT": "6004",
deploy	Deploy Changed Services	  "SANDBOX_NODE_ENV": "production",
deploy	Deploy Changed Services	  "SANDBOX_NODE_TLS_REJECT_UNAUTHORIZED": "0",
deploy	Deploy Changed Services	  "SANDBOX_ONTON_DOMAIN": "sandbox.toncloud.observer",
deploy	Deploy Changed Services	  "SANDBOX_PARTICIPANT_TMA_PORT": "6001",
deploy	Deploy Changed Services	  "SANDBOX_PGADMIN_DOMAIN": "sandbox-pgadmin.toncloud.observer",
deploy	Deploy Changed Services	  "SANDBOX_PORT_CLIENT_WEB": "6007",
deploy	Deploy Changed Services	  "SANDBOX_PORT_METABASE": "6009",
deploy	Deploy Changed Services	  "SANDBOX_PORT_PGADMIN": "6006",
deploy	Deploy Changed Services	  "SANDBOX_PORT_WEB_SITE": "6005",
deploy	Deploy Changed Services	  "SANDBOX_POSTGRES_METABASE_DB": "sandbox-mini-app",
deploy	Deploy Changed Services	  "SANDBOX_POSTGRES_MINI_APP_DB": "sandbox-mini-app",
deploy	Deploy Changed Services	  "SANDBOX_POSTGRES_NFT_MANAGER_DB": "sandbox-nft-manager",
deploy	Deploy Changed Services	  "SANDBOX_POSTGRES_PORT": "6008",
deploy	Deploy Changed Services	  "SANDBOX_PTMA_API_BASE_URL": "https://sandbox-app.toncloud.observer/api/v1",
deploy	Deploy Changed Services	  "SANDBOX_RABBITMQ_DOMAIN": "sandbox-rabbitmq.toncloud.observer",
deploy	Deploy Changed Services	  "SANDBOX_RABBITMQ_MANAGEMENT_PORT": "6015",
deploy	Deploy Changed Services	  "SANDBOX_RABBITMQ_NODE_PORT": "6016",
deploy	Deploy Changed Services	  "SANDBOX_REDIS_DATABASES": "1",
deploy	Deploy Changed Services	  "SANDBOX_REDIS_PORT": "6011",
deploy	Deploy Changed Services	  "SANDBOX_REGISTRY_URL": "registry.toncloud.observer",
deploy	Deploy Changed Services	  "SANDBOX_SOCKET_PORT": "60***",
deploy	Deploy Changed Services	  "SANDBOX_STAGE_NAME": "sandbox-***",
deploy	Deploy Changed Services	  "SANDBOX_SYS_CADDY_REPLICAS": "1",
deploy	Deploy Changed Services	  "SANDBOX_SYS_MINI_APP_REPLICAS": "2",
deploy	Deploy Changed Services	  "SANDBOX_SYS_PARTICIPANT_TMA_REPLICAS": "2",
deploy	Deploy Changed Services	  "SANDBOX_SYS_WEB_SITE_REPLICAS": "1",
deploy	Deploy Changed Services	  "SANDBOX_TELEGRAM_BOT_PORT": "6002",
deploy	Deploy Changed Services	  "SANDBOX_TG_NOTIFICATION_CHANELL": "-1002164161685",
deploy	Deploy Changed Services	  "SANDBOX_TON_CENTER_ENDPOINT": "https://toncenter.com/api/v2/jsonRPC",
deploy	Deploy Changed Services	  "SANDBOX_TON_SOCIETY_BASE_URL": "https://society.ton.org/v1",
deploy	Deploy Changed Services	  "SANDBOX_USE_CLOUDFLARE": "true",
deploy	Deploy Changed Services	  "SANDBOX_USE_MAIN_IP_TO_EXPOSE": "true",
deploy	Deploy Changed Services	  "STAGING_ACME_AGREE": "true",
deploy	Deploy Changed Services	  "STAGING_BRANCH_NAME": "staging",
deploy	Deploy Changed Services	  "STAGING_CACHE_ENABLED": "true",
deploy	Deploy Changed Services	  "STAGING_CLAMAV_PORT": "***10",
deploy	Deploy Changed Services	  "STAGING_CLIENT_API_FIXED_ORGANIZER": "@Ontonadmin",
deploy	Deploy Changed Services	  "STAGING_CLIENT_API_FIXED_USER": "@Ontonadmin",
deploy	Deploy Changed Services	  "STAGING_CLIENT_WEB_DOMAIN": "staging-client-web.toncloud.observer",
deploy	Deploy Changed Services	  "STAGING_COMPOSE_PROJECT_NAME": "staging-***",
deploy	Deploy Changed Services	  "STAGING_ENV": "staging",
deploy	Deploy Changed Services	  "STAGING_EVENT_WALLET_ENC_KEY": "Ci5M6/B4Wke4qX6tXViVeW0xM0iH0yh/qvD3Y1xu2v8",
deploy	Deploy Changed Services	  "STAGING_GITHUB_CLIENT_ID": "Ov23liQFN1rMeZicYHnL",
deploy	Deploy Changed Services	  "STAGING_GITHUB_REPO": "***bot",
deploy	Deploy Changed Services	  "STAGING_GOLANG_SERVER_PORT": "4013",
deploy	Deploy Changed Services	  "STAGING_GOOGLE_CLIENT_ID": "174044865725-8urfv981fca74aj3bq2kqik7fbe2rggg.apps.googleusercontent.com",
deploy	Deploy Changed Services	  "STAGING_IP_CADDY": "caddy",
deploy	Deploy Changed Services	  "STAGING_IP_CLAMAV": "host.docker.internal",
deploy	Deploy Changed Services	  "STAGING_IP_CLIENT_WEB": "client-web",
deploy	Deploy Changed Services	  "STAGING_IP_GIVEAWAY_CHECKER": "giveaway-checker",
deploy	Deploy Changed Services	  "STAGING_IP_GOLANG_SERVER": "golang-server",
deploy	Deploy Changed Services	  "STAGING_IP_GOLANG_WORKER": "golang-worker",
deploy	Deploy Changed Services	  "STAGING_IP_KIBANA": "kibana",
deploy	Deploy Changed Services	  "STAGING_IP_METABASE": "metabase",
deploy	Deploy Changed Services	  "STAGING_IP_MINIO": "minio",
deploy	Deploy Changed Services	  "STAGING_IP_MINI_APP": "mini-app",
deploy	Deploy Changed Services	  "STAGING_IP_MINI_APP_CRON": "mini-app-sbt-worker",
deploy	Deploy Changed Services	  "STAGING_IP_NFT_MANAGER": "nft-manager",
deploy	Deploy Changed Services	  "STAGING_IP_PARTICIPANT_TMA": "participant-tma",
deploy	Deploy Changed Services	  "STAGING_IP_PGADMIN": "pgadmin",
deploy	Deploy Changed Services	  "STAGING_IP_POA_WORKER": "mini-app-poa-worker",
deploy	Deploy Changed Services	  "STAGING_IP_POSTGRES": "postgres",
deploy	Deploy Changed Services	  "STAGING_IP_RABBITMQ": "rabbitmq",
deploy	Deploy Changed Services	  "STAGING_IP_RANGE_BASE": "host.docker.internal",
deploy	Deploy Changed Services	  "STAGING_IP_RANGE_START": "172.11",
deploy	Deploy Changed Services	  "STAGING_IP_RANGE_SUBNET": "24",
deploy	Deploy Changed Services	  "STAGING_IP_REDIS": "redis",
deploy	Deploy Changed Services	  "STAGING_IP_SOCKET": "IP_SOCKET=mini-app-notification-socket",
deploy	Deploy Changed Services	  "STAGING_IP_SWAGGER_UI": "swagger-ui",
deploy	Deploy Changed Services	  "STAGING_IP_TELEGRAM_BOT": "telegram-bot",
deploy	Deploy Changed Services	  "STAGING_IP_WEBSITE": "website",
deploy	Deploy Changed Services	  "STAGING_JWT_SECRET_SOCKET": "JFDmdjeu__@HF_KKSEEWR_ERWER_FGDFG_ET%DG%34534aasd%_Rhueflihfsdlnf",
deploy	Deploy Changed Services	  "STAGING_KIBANA_HASHED_PASSWORD": "$2a$14$6P83mnKs9BxP2qZDaMU.2OzBHY3SG0nnaVXJ8nKluEWEWD5RMmN/W",
deploy	Deploy Changed Services	  "STAGING_KIBANA_PORT": "4023",
deploy	Deploy Changed Services	  "STAGING_KIBANA_USERNAME": "monitor",
deploy	Deploy Changed Services	  "STAGING_LINKEDIN_CLIENT_ID": "77osbnm9chxr4c",
deploy	Deploy Changed Services	  "STAGING_LOCAL_DOMAIN": "staging-app.toncloud.observer",
deploy	Deploy Changed Services	  "STAGING_MB_REDIRECT_ALL_REQUESTS_TO_HTTPS": "true",
deploy	Deploy Changed Services	  "STAGING_METABASE_DOMAIN": "staging-metabase.toncloud.observer",
deploy	Deploy Changed Services	  "STAGING_MINIO_COLLECTION_BUCKET": "***collection",
deploy	Deploy Changed Services	  "STAGING_MINIO_DASHBOARD_PORT": "4014",
deploy	Deploy Changed Services	  "STAGING_MINIO_DOC_BUCKET": "***doc",
deploy	Deploy Changed Services	  "STAGING_MINIO_DOC_DEFAULT_BUCKET": "***",
deploy	Deploy Changed Services	  "STAGING_MINIO_ENDPOINT": "minio",
deploy	Deploy Changed Services	  "STAGING_MINIO_IMAGE_BUCKET": "***image",
deploy	Deploy Changed Services	  "STAGING_MINIO_ITEM_BUCKET": "***item",
deploy	Deploy Changed Services	  "STAGING_MINIO_PORT": "4012",
deploy	Deploy Changed Services	  "STAGING_MINIO_PUBLIC_URL": "https://staging-storage.toncloud.observer",
deploy	Deploy Changed Services	  "STAGING_MINIO_REGION_NAME": "default",
deploy	Deploy Changed Services	  "STAGING_MINIO_SBT_COLLECTIONS_BUCKET": "sbt-collections",
deploy	Deploy Changed Services	  "STAGING_MINIO_STORAGE_ADMIN_DOMAIN": "staging-storage-admin.toncloud.observer",
deploy	Deploy Changed Services	  "STAGING_MINIO_STORAGE_DOMAIN": "staging-storage.toncloud.observer",
deploy	Deploy Changed Services	  "STAGING_MINIO_VIDEO_BUCKET": "***video",
deploy	Deploy Changed Services	  "STAGING_MINI_APP_DOMAIN": "staging-app.toncloud.observer",
deploy	Deploy Changed Services	  "STAGING_MINI_APP_PORT": "4000",
deploy	Deploy Changed Services	  "STAGING_MINI_APP_SOCKET_DOMAIN": "staging-socket.toncloud.observer",
deploy	Deploy Changed Services	  "STAGING_MONITORING_DOMAIN": "staging-monitoring.toncloud.observer",
deploy	Deploy Changed Services	  "STAGING_MS_CLIENT_ID": "916e0c9f-17bc-45c2-9cbc-025c48a0d449",
deploy	Deploy Changed Services	  "STAGING_NETWORK_NAME": "***-staging",
deploy	Deploy Changed Services	  "STAGING_NETWORK_PUBLIC_IP": "***",
deploy	Deploy Changed Services	  "STAGING_NEXT_PUBLIC_API_BASE_URL": "https://staging-app.toncloud.observer/api/v1",
deploy	Deploy Changed Services	  "STAGING_NEXT_PUBLIC_APP_BASE_URL": "https://staging-app.toncloud.observer",
deploy	Deploy Changed Services	  "STAGING_NEXT_PUBLIC_BACKEND_URL_CLIENT": "https://staging-app.toncloud.observer/api/client/v1/",
deploy	Deploy Changed Services	  "STAGING_NEXT_PUBLIC_BOT_USERNAME": "notnonstagebot",
deploy	Deploy Changed Services	  "STAGING_NEXT_PUBLIC_ENV": "staging",
deploy	Deploy Changed Services	  "STAGING_NEXT_PUBLIC_GTM": "GTM-staging",
deploy	Deploy Changed Services	  "STAGING_NEXT_PUBLIC_SOCKET_URL": "staging-socket.toncloud.observer",
deploy	Deploy Changed Services	  "STAGING_NEXT_PUBLIC_TRPC_BASE_URL": "https://staging-app.toncloud.observer",
deploy	Deploy Changed Services	  "STAGING_NFT_INTERVAL_TIME": "60000",
deploy	Deploy Changed Services	  "STAGING_NFT_MANAGER_PORT": "4004",
deploy	Deploy Changed Services	  "STAGING_NODE_ENV": "production",
deploy	Deploy Changed Services	  "STAGING_NODE_TLS_REJECT_UNAUTHORIZED": "0",
deploy	Deploy Changed Services	  "STAGING_ONTON_DOMAIN": "staging.toncloud.observer",
deploy	Deploy Changed Services	  "STAGING_PARTICIPANT_TMA_PORT": "4001",
deploy	Deploy Changed Services	  "STAGING_PGADMIN_DOMAIN": "staging-pgadmin.toncloud.observer",
deploy	Deploy Changed Services	  "STAGING_PORT_CLIENT_WEB": "4007",
deploy	Deploy Changed Services	  "STAGING_PORT_METABASE": "4009",
deploy	Deploy Changed Services	  "STAGING_PORT_PGADMIN": "4006",
deploy	Deploy Changed Services	  "STAGING_PORT_WEB_SITE": "4005",
deploy	Deploy Changed Services	  "STAGING_POSTGRES_METABASE_DB": "staging-mini-app",
deploy	Deploy Changed Services	  "STAGING_POSTGRES_MINI_APP_DB": "staging-mini-app",
deploy	Deploy Changed Services	  "STAGING_POSTGRES_NFT_MANAGER_DB": "staging-nft-manager",
deploy	Deploy Changed Services	  "STAGING_POSTGRES_PORT": "4008",
deploy	Deploy Changed Services	  "STAGING_PTMA_API_BASE_URL": "https://staging-app.toncloud.observer/api/v1",
deploy	Deploy Changed Services	  "STAGING_RABBITMQ_DOMAIN": "staging-rabbitmq.toncloud.observer",
deploy	Deploy Changed Services	  "STAGING_RABBITMQ_MANAGEMENT_PORT": "4015",
deploy	Deploy Changed Services	  "STAGING_RABBITMQ_NODE_PORT": "4016",
deploy	Deploy Changed Services	  "STAGING_REDIS_DATABASES": "1",
deploy	Deploy Changed Services	  "STAGING_REDIS_PORT": "4011",
deploy	Deploy Changed Services	  "STAGING_REGISTRY_URL": "registry.toncloud.observer",
deploy	Deploy Changed Services	  "STAGING_SOCKET_PORT": "40***",
deploy	Deploy Changed Services	  "STAGING_STAGE_NAME": "staging-***",
deploy	Deploy Changed Services	  "STAGING_SWAGGER_UI_DOMAIN": "staging-swagger-ui.toncloud.observer",
deploy	Deploy Changed Services	  "STAGING_SWAGGER_UI_PORT": "4024",
deploy	Deploy Changed Services	  "STAGING_SYS_CADDY_REPLICAS": "1",
deploy	Deploy Changed Services	  "STAGING_SYS_MINI_APP_REPLICAS": "2",
deploy	Deploy Changed Services	  "STAGING_SYS_PARTICIPANT_TMA_REPLICAS": "2",
deploy	Deploy Changed Services	  "STAGING_SYS_WEB_SITE_REPLICAS": "1",
deploy	Deploy Changed Services	  "STAGING_TELEGRAM_BOT_PORT": "4002",
deploy	Deploy Changed Services	  "STAGING_TG_EVENTS_TOPIC": "2",
deploy	Deploy Changed Services	  "STAGING_TG_LOGS_GROUP_ID": "-100***64975789",
deploy	Deploy Changed Services	  "STAGING_TG_LOG_BOT_TOKEN": "7604730825:AAE1WJHs5lFI2zX_tba6M-1HYfffA8ugFmA",
deploy	Deploy Changed Services	  "STAGING_TG_NOTIFICATION_CHANELL": "-1002164161685",
deploy	Deploy Changed Services	  "STAGING_TG_SYSTEM_TOPIC": "16",
deploy	Deploy Changed Services	  "STAGING_TG_TICKETS_TOPIC": "4",
deploy	Deploy Changed Services	  "STAGING_TON_CENTER_ENDPOINT": "https://toncenter.com/api/v2/jsonRPC",
deploy	Deploy Changed Services	  "STAGING_TON_SOCIETY_BASE_URL": "https://id.ton.org/v1",
deploy	Deploy Changed Services	  "STAGING_TWITTER_CLIENT_ID": "SU1RUS0xaHNsRk5kd014UlZieDQ6MTpjaQ",
deploy	Deploy Changed Services	  "STAGING_USE_CLOUDFLARE": "true",
deploy	Deploy Changed Services	  "STAGING_USE_MAIN_IP_TO_EXPOSE": "true",
deploy	Deploy Changed Services	  "TELEGRAM_BOT_TOKEN_FOR_DEPLOYMENT": "7604730825:AAHhtwa4bGhELsBn2VqUxIIFXVJkRJfKuDs",
deploy	Deploy Changed Services	  "TELEGRAM_CHAT_ID_FOR_DEPLOYMENT": "***"
deploy	Deploy Changed Services	}
deploy	Deploy Changed Services	2026-02-09T12:10:29.8550753Z   SSH_AUTH_SOCK: /tmp/ssh-IlznzUjWu38A/agent.2102
deploy	Deploy Changed Services	2026-02-09T12:10:29.8551475Z   SSH_AGENT_PID: 2103
deploy	Deploy Changed Services	2026-02-09T12:10:29.8552143Z   SSH_IP: ***
deploy	Deploy Changed Services	2026-02-09T12:10:29.8552713Z   SSH_PORT: ***
deploy	Deploy Changed Services	2026-02-09T12:10:29.8553343Z   COMPOSE_FILE: docker-compose-server-dev.yml
deploy	Deploy Changed Services	2026-02-09T12:10:29.8554153Z   CR_PAT: ***
deploy	Deploy Changed Services	2026-02-09T12:10:29.8554721Z ##[endgroup]
deploy	Deploy Changed Services	2026-02-09T12:10:29.8637988Z Connecting to server and creating branch directory...
deploy	Deploy Changed Services	2026-02-09T12:10:29.8956443Z Pseudo-terminal will not be allocated because stdin is not a terminal.
deploy	Deploy Changed Services	2026-02-09T12:10:30.4573168Z Warning: Permanently added '***' (ED25519) to the list of known hosts.
deploy	Deploy Changed Services	2026-02-09T12:10:31.9906079Z Welcome to Ubuntu ***.04.5 LTS (GNU/Linux 5.15.0-168-generic x86_64)
deploy	Deploy Changed Services	2026-02-09T12:10:31.9907272Z 
deploy	Deploy Changed Services	2026-02-09T12:10:31.9907828Z  * Documentation:  https://help.ubuntu.com
deploy	Deploy Changed Services	2026-02-09T12:10:31.9909205Z  * Management:     https://landscape.canonical.com
deploy	Deploy Changed Services	2026-02-09T12:10:31.9910275Z  * Support:        https://ubuntu.com/pro
deploy	Deploy Changed Services	2026-02-09T12:10:31.9910775Z 
deploy	Deploy Changed Services	2026-02-09T12:10:31.9911223Z  System information as of Mon Feb  9 12:10:31 PM UTC 2026
deploy	Deploy Changed Services	2026-02-09T12:10:31.9911797Z 
deploy	Deploy Changed Services	2026-02-09T12:10:31.9912106Z   System load:           2.64
deploy	Deploy Changed Services	2026-02-09T12:10:31.9912856Z   Usage of /:            79.2% of 149.92GB
deploy	Deploy Changed Services	2026-02-09T12:10:31.9913666Z   Memory usage:          49%
deploy	Deploy Changed Services	2026-02-09T12:10:31.9914587Z   Swap usage:            86%
deploy	Deploy Changed Services	2026-02-09T12:10:31.9930130Z   Processes:             280
deploy	Deploy Changed Services	2026-02-09T12:10:31.9931100Z   Users logged in:       0
deploy	Deploy Changed Services	2026-02-09T12:10:31.9932079Z   IPv4 address for eth0: ***
deploy	Deploy Changed Services	2026-02-09T12:10:31.9936590Z   IPv6 address for eth0: 2a01:4f9:c011:6329::1
deploy	Deploy Changed Services	2026-02-09T12:10:31.9936982Z 
deploy	Deploy Changed Services	2026-02-09T12:10:31.9936990Z 
deploy	Deploy Changed Services	2026-02-09T12:10:31.9937319Z Expanded Security Maintenance for Applications is not enabled.
deploy	Deploy Changed Services	2026-02-09T12:10:31.9937751Z 
deploy	Deploy Changed Services	2026-02-09T12:10:31.9937989Z 24 updates can be applied immediately.
deploy	Deploy Changed Services	2026-02-09T12:10:31.9938617Z To see these additional updates run: apt list --upgradable
deploy	Deploy Changed Services	2026-02-09T12:10:31.9939013Z 
deploy	Deploy Changed Services	2026-02-09T12:10:31.9939307Z 9 additional security updates can be applied with ESM Apps.
deploy	Deploy Changed Services	2026-02-09T12:10:31.9940025Z Learn more about enabling ESM Apps service at https://ubuntu.com/esm
deploy	Deploy Changed Services	2026-02-09T12:10:31.9940464Z 
deploy	Deploy Changed Services	2026-02-09T12:10:31.9940689Z New release '24.04.3 LTS' available.
deploy	Deploy Changed Services	2026-02-09T12:10:31.9941239Z Run 'do-release-upgrade' to upgrade to it.
deploy	Deploy Changed Services	2026-02-09T12:10:31.9941574Z 
deploy	Deploy Changed Services	2026-02-09T12:10:31.9941579Z 
deploy	Deploy Changed Services	2026-02-09T12:10:32.1114256Z Creating network if not exists...
deploy	Deploy Changed Services	2026-02-09T12:10:32.1127166Z Copying files to server...
deploy	Deploy Changed Services	2026-02-09T12:10:59.4764095Z Formatted services to build: telegram-bot
deploy	Deploy Changed Services	2026-02-09T12:10:59.4800108Z Pseudo-terminal will not be allocated because stdin is not a terminal.
deploy	Deploy Changed Services	2026-02-09T12:11:01.1276686Z Welcome to Ubuntu ***.04.5 LTS (GNU/Linux 5.15.0-168-generic x86_64)
deploy	Deploy Changed Services	2026-02-09T12:11:01.1277403Z 
deploy	Deploy Changed Services	2026-02-09T12:11:01.1277781Z  * Documentation:  https://help.ubuntu.com
deploy	Deploy Changed Services	2026-02-09T12:11:01.1278692Z  * Management:     https://landscape.canonical.com
deploy	Deploy Changed Services	2026-02-09T12:11:01.1279592Z  * Support:        https://ubuntu.com/pro
deploy	Deploy Changed Services	2026-02-09T12:11:01.1280097Z 
deploy	Deploy Changed Services	2026-02-09T12:11:01.1280509Z  System information as of Mon Feb  9 12:10:31 PM UTC 2026
deploy	Deploy Changed Services	2026-02-09T12:11:01.1281078Z 
deploy	Deploy Changed Services	2026-02-09T12:11:01.1281382Z   System load:           2.64
deploy	Deploy Changed Services	2026-02-09T12:11:01.1282128Z   Usage of /:            79.2% of 149.92GB
deploy	Deploy Changed Services	2026-02-09T12:11:01.1282845Z   Memory usage:          49%
deploy	Deploy Changed Services	2026-02-09T12:11:01.1283415Z   Swap usage:            86%
deploy	Deploy Changed Services	2026-02-09T12:11:01.1283988Z   Processes:             280
deploy	Deploy Changed Services	2026-02-09T12:11:01.1285506Z   Users logged in:       0
deploy	Deploy Changed Services	2026-02-09T12:11:01.1286321Z   IPv4 address for eth0: ***
deploy	Deploy Changed Services	2026-02-09T12:11:01.1287103Z   IPv6 address for eth0: 2a01:4f9:c011:6329::1
deploy	Deploy Changed Services	2026-02-09T12:11:01.1287536Z 
deploy	Deploy Changed Services	2026-02-09T12:11:01.1287544Z 
deploy	Deploy Changed Services	2026-02-09T12:11:01.1287923Z Expanded Security Maintenance for Applications is not enabled.
deploy	Deploy Changed Services	2026-02-09T12:11:01.1288424Z 
deploy	Deploy Changed Services	2026-02-09T12:11:01.1288689Z 24 updates can be applied immediately.
deploy	Deploy Changed Services	2026-02-09T12:11:01.1289417Z To see these additional updates run: apt list --upgradable
deploy	Deploy Changed Services	2026-02-09T12:11:01.1289880Z 
deploy	Deploy Changed Services	2026-02-09T12:11:01.1290340Z 9 additional security updates can be applied with ESM Apps.
deploy	Deploy Changed Services	2026-02-09T12:11:01.1291270Z Learn more about enabling ESM Apps service at https://ubuntu.com/esm
deploy	Deploy Changed Services	2026-02-09T12:11:01.1291802Z 
deploy	Deploy Changed Services	2026-02-09T12:11:01.1292058Z New release '24.04.3 LTS' available.
deploy	Deploy Changed Services	2026-02-09T12:11:01.1292711Z Run 'do-release-upgrade' to upgrade to it.
deploy	Deploy Changed Services	2026-02-09T12:11:01.1293107Z 
deploy	Deploy Changed Services	2026-02-09T12:11:01.1293111Z 
deploy	Deploy Changed Services	2026-02-09T12:11:01.2474934Z tonont
deploy	Deploy Changed Services	2026-02-09T12:11:01.2476733Z Moving to branch directory...
deploy	Deploy Changed Services	2026-02-09T12:11:01.2479396Z Loading environment variables...
deploy	Deploy Changed Services	2026-02-09T12:11:01.2493693Z ******Logging into GitHub Container Registry...
deploy	Deploy Changed Services	2026-02-09T12:11:01.8747570Z Login Succeeded
deploy	Deploy Changed Services	2026-02-09T12:11:01.8809451Z services to build: [telegram-bot]
deploy	Deploy Changed Services	2026-02-09T12:11:01.8810845Z Pulling latest images of changed services...
deploy	Deploy Changed Services	2026-02-09T12:11:01.8812184Z Processing service: telegram-bot
deploy	Deploy Changed Services	2026-02-09T12:11:01.8813680Z Pulling Docker image for service: telegram-bot
deploy	Deploy Changed Services	2026-02-09T12:11:02.9554435Z dev-latest: Pulling from executesg/***/telegram-bot
deploy	Deploy Changed Services	2026-02-09T12:11:03.2226527Z a7cd7d9a2144: Already exists
deploy	Deploy Changed Services	2026-02-09T12:11:03.2294228Z d12adb5e728b: Already exists
deploy	Deploy Changed Services	2026-02-09T12:11:03.2339040Z cef716d39f61: Already exists
deploy	Deploy Changed Services	2026-02-09T12:11:03.2398753Z f81c161f5fb8: Already exists
deploy	Deploy Changed Services	2026-02-09T12:11:03.2442012Z c33da7d7c01b: Pulling fs layer
deploy	Deploy Changed Services	2026-02-09T12:11:03.2443114Z 42a1f0a83fa0: Pulling fs layer
deploy	Deploy Changed Services	2026-02-09T12:11:03.3403920Z ea56a0bc39a6: Pulling fs layer
deploy	Deploy Changed Services	2026-02-09T12:11:03.3404799Z 183d906f97bf: Pulling fs layer
deploy	Deploy Changed Services	2026-02-09T12:11:03.3405896Z 604e3b3d5f6a: Pulling fs layer
deploy	Deploy Changed Services	2026-02-09T12:11:03.3406539Z 604e3b3d5f6a: Waiting
deploy	Deploy Changed Services	2026-02-09T12:11:03.3407128Z 183d906f97bf: Waiting
deploy	Deploy Changed Services	2026-02-09T12:11:03.6558322Z 42a1f0a83fa0: Verifying Checksum
deploy	Deploy Changed Services	2026-02-09T12:11:03.6559506Z 42a1f0a83fa0: Download complete
deploy	Deploy Changed Services	2026-02-09T12:11:03.6911970Z ea56a0bc39a6: Verifying Checksum
deploy	Deploy Changed Services	2026-02-09T12:11:03.6912889Z ea56a0bc39a6: Download complete
deploy	Deploy Changed Services	2026-02-09T12:11:04.1445821Z 604e3b3d5f6a: Verifying Checksum
deploy	Deploy Changed Services	2026-02-09T12:11:04.1446763Z 604e3b3d5f6a: Download complete
deploy	Deploy Changed Services	2026-02-09T12:11:04.8379068Z c33da7d7c01b: Verifying Checksum
deploy	Deploy Changed Services	2026-02-09T12:11:04.8380000Z c33da7d7c01b: Download complete
deploy	Deploy Changed Services	2026-02-09T12:11:06.4506147Z c33da7d7c01b: Pull complete
deploy	Deploy Changed Services	2026-02-09T12:11:06.4678827Z 42a1f0a83fa0: Pull complete
deploy	Deploy Changed Services	2026-02-09T12:11:06.4959041Z ea56a0bc39a6: Pull complete
deploy	Deploy Changed Services	2026-02-09T12:11:07.8044749Z 183d906f97bf: Verifying Checksum
deploy	Deploy Changed Services	2026-02-09T12:11:07.8046016Z 183d906f97bf: Download complete
deploy	Deploy Changed Services	2026-02-09T12:11:17.0249170Z 183d906f97bf: Pull complete
deploy	Deploy Changed Services	2026-02-09T12:11:17.0534454Z 604e3b3d5f6a: Pull complete
deploy	Deploy Changed Services	2026-02-09T12:11:17.0617426Z Digest: sha256:55ad0bd0f3a1c2cf7fe5a24f1c0093dbe0b3415e1d02ac03bea6d7f2f09d808f
deploy	Deploy Changed Services	2026-02-09T12:11:17.0672820Z Status: Downloaded newer image for ghcr.io/executesg/***/telegram-bot:dev-latest
deploy	Deploy Changed Services	2026-02-09T12:11:17.0684309Z ghcr.io/executesg/***/telegram-bot:dev-latest
deploy	Deploy Changed Services	2026-02-09T12:11:17.0723446Z Exporting all environment variables with branch-specific prefix...
deploy	Deploy Changed Services	2026-02-09T12:11:22.0240671Z Pseudo-terminal will not be allocated because stdin is not a terminal.
deploy	Deploy Changed Services	2026-02-09T12:11:23.6652629Z Welcome to Ubuntu ***.04.5 LTS (GNU/Linux 5.15.0-168-generic x86_64)
deploy	Deploy Changed Services	2026-02-09T12:11:23.6653264Z 
deploy	Deploy Changed Services	2026-02-09T12:11:23.6653572Z  * Documentation:  https://help.ubuntu.com
deploy	Deploy Changed Services	2026-02-09T12:11:23.6654322Z  * Management:     https://landscape.canonical.com
deploy	Deploy Changed Services	2026-02-09T12:11:23.6655361Z  * Support:        https://ubuntu.com/pro
deploy	Deploy Changed Services	2026-02-09T12:11:23.6655769Z 
deploy	Deploy Changed Services	2026-02-09T12:11:23.6656105Z  System information as of Mon Feb  9 12:10:31 PM UTC 2026
deploy	Deploy Changed Services	2026-02-09T12:11:23.6656939Z 
deploy	Deploy Changed Services	2026-02-09T12:11:23.6657192Z   System load:           2.64
deploy	Deploy Changed Services	2026-02-09T12:11:23.6657939Z   Usage of /:            79.2% of 149.92GB
deploy	Deploy Changed Services	2026-02-09T12:11:23.6658602Z   Memory usage:          49%
deploy	Deploy Changed Services	2026-02-09T12:11:23.6659175Z   Swap usage:            86%
deploy	Deploy Changed Services	2026-02-09T12:11:23.6659768Z   Processes:             280
deploy	Deploy Changed Services	2026-02-09T12:11:23.6660344Z   Users logged in:       0
deploy	Deploy Changed Services	2026-02-09T12:11:23.6660951Z   IPv4 address for eth0: ***
deploy	Deploy Changed Services	2026-02-09T12:11:23.6661641Z   IPv6 address for eth0: 2a01:4f9:c011:6329::1
deploy	Deploy Changed Services	2026-02-09T12:11:23.6662070Z 
deploy	Deploy Changed Services	2026-02-09T12:11:23.6662074Z 
deploy	Deploy Changed Services	2026-02-09T12:11:23.6662444Z Expanded Security Maintenance for Applications is not enabled.
deploy	Deploy Changed Services	2026-02-09T12:11:23.6662937Z 
deploy	Deploy Changed Services	2026-02-09T12:11:23.6663204Z 24 updates can be applied immediately.
deploy	Deploy Changed Services	2026-02-09T12:11:23.6663927Z To see these additional updates run: apt list --upgradable
deploy	Deploy Changed Services	2026-02-09T12:11:23.6664389Z 
deploy	Deploy Changed Services	2026-02-09T12:11:23.6664738Z 9 additional security updates can be applied with ESM Apps.
deploy	Deploy Changed Services	2026-02-09T12:11:23.6666209Z Learn more about enabling ESM Apps service at https://ubuntu.com/esm
deploy	Deploy Changed Services	2026-02-09T12:11:23.6666917Z 
deploy	Deploy Changed Services	2026-02-09T12:11:23.6667285Z New release '24.04.3 LTS' available.
deploy	Deploy Changed Services	2026-02-09T12:11:23.6668221Z Run 'do-release-upgrade' to upgrade to it.
deploy	Deploy Changed Services	2026-02-09T12:11:23.6668582Z 
deploy	Deploy Changed Services	2026-02-09T12:11:23.6668587Z 
deploy	Deploy Changed Services	2026-02-09T12:11:23.7823489Z Moving to branch directory...
deploy	Deploy Changed Services	2026-02-09T12:11:23.7851614Z total 88
deploy	Deploy Changed Services	2026-02-09T12:11:23.7852671Z drwxr-xr-x  5 tonont tonont  4096 Feb  9 09:23 .
deploy	Deploy Changed Services	2026-02-09T12:11:23.7853688Z drwxr-x---  8 tonont tonont  4096 Feb  8 16:03 ..
deploy	Deploy Changed Services	2026-02-09T12:11:23.7854702Z -rw-r--r--  1 root   root     6*** Feb  9 09:23 Caddyfile
deploy	Deploy Changed Services	2026-02-09T12:11:23.7855862Z drwxr-xr-x 14 tonont tonont  4096 Feb  8 16:03 devops
deploy	Deploy Changed Services	2026-02-09T12:11:23.7856762Z -rwxr-xr-x  1 tonont tonont  8953 Feb  9 12:10 docker-compose-server-dev.yml
deploy	Deploy Changed Services	2026-02-09T12:11:23.7857786Z -rwxr-xr-x  1 tonont tonont  4387 Feb  9 08:15 docker-compose-server.override.dev.yml
deploy	Deploy Changed Services	2026-02-09T12:11:23.7858867Z -rwxr-xr-x  1 tonont tonont   769 Feb  9 12:10 docker-compose-server.volume.dev.yml
deploy	Deploy Changed Services	2026-02-09T12:11:23.7859924Z -rwxr-xr-x  1 tonont tonont 25658 Feb  9 12:10 docker-compose-server.yml
deploy	Deploy Changed Services	2026-02-09T12:11:23.7860769Z -rw-r--r--  1 tonont tonont    72 Feb  9 12:10 .dockerignore
deploy	Deploy Changed Services	2026-02-09T12:11:23.7861520Z -rw-r--r--  1 tonont tonont  4757 Feb  9 12:10 .env
deploy	Deploy Changed Services	2026-02-09T12:11:23.7862236Z drwxr-xr-x  3 root   root    4096 Feb  9 00:25 mini-app
deploy	Deploy Changed Services	2026-02-09T12:11:23.7862974Z drwxr-xr-x  2 tonont tonont  4096 Feb  8 17:55 swagger
deploy	Deploy Changed Services	2026-02-09T12:11:23.7863662Z Sourcing .env file with auto-export...
deploy	Deploy Changed Services	2026-02-09T12:11:23.7902284Z Updating Docker node label for stage dev...
deploy	Deploy Changed Services	2026-02-09T12:11:24.0957400Z WARNING: Could not retrieve Node ID. Skipping label update.
deploy	Deploy Changed Services	2026-02-09T12:11:24.0958567Z Ensure node has label 'stage.dev=true' set manually.
deploy	Deploy Changed Services	2026-02-09T12:11:24.1323396Z Deploying Docker stack for dev using docker-compose-server-dev.yml...
deploy	Deploy Changed Services	2026-02-09T12:11:41.4965437Z Since --detach=*** was not specified, tasks will be created in the background.
deploy	Deploy Changed Services	2026-02-09T12:11:41.4966767Z In a future release, --detach=*** will become the default.
deploy	Deploy Changed Services	2026-02-09T12:11:41.4967771Z Updating service dev_registry-ui (id: o81rxi28mz3cg1zquwdqvcd5k)
deploy	Deploy Changed Services	2026-02-09T12:11:41.4968886Z Updating service dev_mini-app-notification-socket (id: 2iv9cvvxbb4z12s4yk2qo8gcv)
deploy	Deploy Changed Services	2026-02-09T12:11:41.4970311Z image ghcr.io/executesg/***/mini-app-notification-socket:dev-latest could not be accessed on a registry to record
deploy	Deploy Changed Services	2026-02-09T12:11:41.4971867Z its digest. Each node will access ghcr.io/executesg/***/mini-app-notification-socket:dev-latest independently,
deploy	Deploy Changed Services	2026-02-09T12:11:41.4973080Z possibly leading to different nodes running different
deploy	Deploy Changed Services	2026-02-09T12:11:41.4973744Z versions of the image.
deploy	Deploy Changed Services	2026-02-09T12:11:41.4974054Z 
deploy	Deploy Changed Services	2026-02-09T12:11:41.4974475Z Updating service dev_mini-app-ordinary-worker (id: ltloxg3z1vkqozdxbz43xtnva)
deploy	Deploy Changed Services	2026-02-09T12:11:41.4975814Z image ghcr.io/executesg/***/mini-app-ordinary-worker:dev-latest could not be accessed on a registry to record
deploy	Deploy Changed Services	2026-02-09T12:11:41.4977026Z its digest. Each node will access ghcr.io/executesg/***/mini-app-ordinary-worker:dev-latest independently,
deploy	Deploy Changed Services	2026-02-09T12:11:41.4978511Z possibly leading to different nodes running different
deploy	Deploy Changed Services	2026-02-09T12:11:41.4979152Z versions of the image.
deploy	Deploy Changed Services	2026-02-09T12:11:41.4979450Z 
deploy	Deploy Changed Services	2026-02-09T12:11:41.4979771Z Updating service dev_caddy (id: 3qx8ww4db60pt4ujwiupt560n)
deploy	Deploy Changed Services	2026-02-09T12:11:41.4980608Z Updating service dev_mini-app-reward-worker (id: nxg1yjt9frm30xtc16q6bnjm4)
deploy	Deploy Changed Services	2026-02-09T12:11:41.4981681Z image ghcr.io/executesg/***/mini-app-reward-worker:dev-latest could not be accessed on a registry to record
deploy	Deploy Changed Services	2026-02-09T12:11:41.4982858Z its digest. Each node will access ghcr.io/executesg/***/mini-app-reward-worker:dev-latest independently,
deploy	Deploy Changed Services	2026-02-09T12:11:41.4983748Z possibly leading to different nodes running different
deploy	Deploy Changed Services	2026-02-09T12:11:41.4984555Z versions of the image.
deploy	Deploy Changed Services	2026-02-09T12:11:41.4984841Z 
deploy	Deploy Changed Services	2026-02-09T12:11:41.4985487Z Updating service dev_mini-app-moderation-bot (id: g2as52ict7o2s56hsnmtrx9m9)
deploy	Deploy Changed Services	2026-02-09T12:11:41.4986491Z image ghcr.io/executesg/***/mini-app-moderation-bot:dev-latest could not be accessed on a registry to record
deploy	Deploy Changed Services	2026-02-09T12:11:41.4987584Z its digest. Each node will access ghcr.io/executesg/***/mini-app-moderation-bot:dev-latest independently,
deploy	Deploy Changed Services	2026-02-09T12:11:41.4988427Z possibly leading to different nodes running different
deploy	Deploy Changed Services	2026-02-09T12:11:41.4989017Z versions of the image.
deploy	Deploy Changed Services	2026-02-09T12:11:41.4989291Z 
deploy	Deploy Changed Services	2026-02-09T12:11:41.4989631Z Updating service dev_elasticsearch (id: pkpxg1y8fipzl0hc99x7uhys9)
deploy	Deploy Changed Services	2026-02-09T12:11:41.4990382Z Updating service dev_mini-app (id: p4jztojfcioy95tbyay9ez1kx)
deploy	Deploy Changed Services	2026-02-09T12:11:41.4991155Z Updating service dev_mini-app-nft-api-worker (id: x5qurke39kpuiwdfdw1e7xt0h)
deploy	Deploy Changed Services	2026-02-09T12:11:41.4992119Z image ghcr.io/executesg/***/mini-app-nft-api-worker:dev-latest could not be accessed on a registry to record
deploy	Deploy Changed Services	2026-02-09T12:11:41.4993202Z its digest. Each node will access ghcr.io/executesg/***/mini-app-nft-api-worker:dev-latest independently,
deploy	Deploy Changed Services	2026-02-09T12:11:41.4994042Z possibly leading to different nodes running different
deploy	Deploy Changed Services	2026-02-09T12:11:41.4994634Z versions of the image.
deploy	Deploy Changed Services	2026-02-09T12:11:41.4994915Z 
deploy	Deploy Changed Services	2026-02-09T12:11:41.4995481Z Updating service dev_mini-app-poa-worker (id: vmh1o5vlw066wdizivd3o72v3)
deploy	Deploy Changed Services	2026-02-09T12:11:41.4996431Z image ghcr.io/executesg/***/mini-app-poa-worker:dev-latest could not be accessed on a registry to record
deploy	Deploy Changed Services	2026-02-09T12:11:41.4997438Z its digest. Each node will access ghcr.io/executesg/***/mini-app-poa-worker:dev-latest independently,
deploy	Deploy Changed Services	2026-02-09T12:11:41.4998260Z possibly leading to different nodes running different
deploy	Deploy Changed Services	2026-02-09T12:11:41.4998838Z versions of the image.
deploy	Deploy Changed Services	2026-02-09T12:11:41.4999105Z 
deploy	Deploy Changed Services	2026-02-09T12:11:41.4999423Z Updating service dev_telegram-bot (id: 97q25juukepcxqeyviojvk55t)
deploy	Deploy Changed Services	2026-02-09T12:11:41.5000175Z Updating service dev_mini-app-sbt-worker (id: ywxuia1shw1wgl24pqjbl8j2x)
deploy	Deploy Changed Services	2026-02-09T12:11:41.5001151Z image ghcr.io/executesg/***/mini-app-sbt-worker:dev-latest could not be accessed on a registry to record
deploy	Deploy Changed Services	2026-02-09T12:11:41.5002149Z its digest. Each node will access ghcr.io/executesg/***/mini-app-sbt-worker:dev-latest independently,
deploy	Deploy Changed Services	2026-02-09T12:11:41.5002971Z possibly leading to different nodes running different
deploy	Deploy Changed Services	2026-02-09T12:11:41.5003544Z versions of the image.
deploy	Deploy Changed Services	2026-02-09T12:11:41.5003822Z 
deploy	Deploy Changed Services	2026-02-09T12:11:41.5004121Z Updating service dev_website (id: ba7i81bu9dyh0qzjsechdo0qn)
deploy	Deploy Changed Services	2026-02-09T12:11:41.5004812Z Updating service dev_registry (id: vp8cx3vaa2tfr4b021u15ey19)
deploy	Deploy Changed Services	2026-02-09T12:11:41.5005628Z Updating service dev_swagger-ui (id: sh4dz1czhkhne9hx430q6afiu)
deploy	Deploy Changed Services	2026-02-09T12:11:41.5006333Z Updating service dev_fluentd (id: xrbkwn51oed3g2w4du03ypsww)
deploy	Deploy Changed Services	2026-02-09T12:11:41.5007033Z Error: Registry access issue detected during deployment.
deploy	Deploy Changed Services	2026-02-09T12:11:41.5045382Z ##[error]Process completed with exit code 1.
deploy	Cleanup Environment Variables File	﻿2026-02-09T12:11:41.5104805Z ##[group]Run echo "Cleaning up environment variables script..."
deploy	Cleanup Environment Variables File	2026-02-09T12:11:41.5105892Z [36;1mecho "Cleaning up environment variables script..."[0m
deploy	Cleanup Environment Variables File	2026-02-09T12:11:41.5106535Z [36;1m#rm -f .env[0m
deploy	Cleanup Environment Variables File	2026-02-09T12:11:41.5107317Z [36;1mecho "Environment variables script deleted successfully."[0m
deploy	Cleanup Environment Variables File	2026-02-09T12:11:41.5140433Z shell: /usr/bin/bash -e {0}
deploy	Cleanup Environment Variables File	2026-02-09T12:11:41.5140927Z env:
deploy	Cleanup Environment Variables File	2026-02-09T12:11:41.5171038Z   ALLMYSECRETS: {
deploy	Cleanup Environment Variables File	  "DEV_MNEMONIC": "***",
deploy	Cleanup Environment Variables File	  "MAIN_PGADMIN_DEFAULT_PASSWORD": "***",
deploy	Cleanup Environment Variables File	  "DOCKER_HUB_TOKEN": "***",
deploy	Cleanup Environment Variables File	  "STAGING_ONTON_API_KEY": "***",
deploy	Cleanup Environment Variables File	  "STAGING_CLOUDFLARE_API_TOKEN": "***",
deploy	Cleanup Environment Variables File	  "DEV_TON_CENTER_TOKEN": "***",
deploy	Cleanup Environment Variables File	  "STAGING_ONTON_API_SECRET": "***",
deploy	Cleanup Environment Variables File	  "STAGING_GITHUB_CLIENT_SECRET": "***",
deploy	Cleanup Environment Variables File	  "SSH_MAIN_IP": "***",
deploy	Cleanup Environment Variables File	  "MAIN_TWITTER_CLIENT_SECRET": "***",
deploy	Cleanup Environment Variables File	  "STAGING_MINIO_ROOT_PASSWORD": "***",
deploy	Cleanup Environment Variables File	  "MAIN_GITHUB_CLIENT_SECRET": "***",
deploy	Cleanup Environment Variables File	  "STAGING_RABBITMQ_DEFAULT_PASS": "***",
deploy	Cleanup Environment Variables File	  "SSH_DEV_IP": "***",
deploy	Cleanup Environment Variables File	  "DEV_POSTGRES_PASSWORD": "***",
deploy	Cleanup Environment Variables File	  "SSH_PASSPHRASE": "***",
deploy	Cleanup Environment Variables File	  "STAGING_CLIENT_API_FIXED_KEY": "***",
deploy	Cleanup Environment Variables File	  "MAIN_TON_CENTER_TOKEN": "***",
deploy	Cleanup Environment Variables File	  "DOCKER_HUB_USERNAME": "***",
deploy	Cleanup Environment Variables File	  "GIT_API_KEY": "***",
deploy	Cleanup Environment Variables File	  "MAIN_CLOUDFLARE_EMAIL": "***",
deploy	Cleanup Environment Variables File	  "MAIN_DATABASE_URL": "***",
deploy	Cleanup Environment Variables File	  "MAIN_CLOUDFLARE_EMAIL_MAIN": "***",
deploy	Cleanup Environment Variables File	  "STAGING_PGADMIN_DEFAULT_EMAIL": "***",
deploy	Cleanup Environment Variables File	  "STAGING_SECRET_EVENT_WALLET_ENC_KEY": "***",
deploy	Cleanup Environment Variables File	  "STAGING_PGADMIN_DEFAULT_PASSWORD": "***",
deploy	Cleanup Environment Variables File	  "CR_PAT": "***",
deploy	Cleanup Environment Variables File	  "MAIN_CLOUDFLARE_API_TOKEN_MAIN": "***",
deploy	Cleanup Environment Variables File	  "MAIN_POSTGRES_USER": "***",
deploy	Cleanup Environment Variables File	  "DEV_BOT_TOKEN": "***",
deploy	Cleanup Environment Variables File	  "STAGING_REDIS_PASSWORD": "***",
deploy	Cleanup Environment Variables File	  "TELEGRAM_CHAT_ID_FOR_DEPLOYMENT": "***",
deploy	Cleanup Environment Variables File	  "STAGING_TONAPI_API_KEY": "***",
deploy	Cleanup Environment Variables File	  "STAGING_CLOUDFLARE_API_TOKEN_MAIN": "***",
deploy	Cleanup Environment Variables File	  "MAIN_BOT_TOKEN": "***",
deploy	Cleanup Environment Variables File	  "MAIN_SENTRY_AUTH_TOKEN": "***",
deploy	Cleanup Environment Variables File	  "github_token": "***",
deploy	Cleanup Environment Variables File	  "STAGING_DATABASE_URL_NFT_MANAGER": "***",
deploy	Cleanup Environment Variables File	  "DEV_CLOUDFLARE_API_TOKEN": "***",
deploy	Cleanup Environment Variables File	  "STAGING_TON_SOCIETY_API_KEY": "***",
deploy	Cleanup Environment Variables File	  "STAGING_POSTGRES_PASSWORD": "***",
deploy	Cleanup Environment Variables File	  "MAIN_RABBITMQ_DEFAULT_USER": "***",
deploy	Cleanup Environment Variables File	  "MAIN_CLOUDFLARE_API_TOKEN": "***",
deploy	Cleanup Environment Variables File	  "MAIN_CLOUDFLARE_DNS_ZONE_ID": "***",
deploy	Cleanup Environment Variables File	  "MAIN_REDIS_PASSWORD": "***",
deploy	Cleanup Environment Variables File	  "STAGING_MINIO_ROOT_USER": "***",
deploy	Cleanup Environment Variables File	  "MAIN_TON_SOCIETY_API_KEY": "***",
deploy	Cleanup Environment Variables File	  "STAGING_CLOUDFLARE_DNS_ZONE_ID": "***",
deploy	Cleanup Environment Variables File	  "DEV_CLIENT_API_JWT_SECRET": "***",
deploy	Cleanup Environment Variables File	  "STAGING_BOT_TOKEN": "***",
deploy	Cleanup Environment Variables File	  "MAIN_MB_ENCRYPTION_SECRET_KEY": "***",
deploy	Cleanup Environment Variables File	  "USE_CLOUDFLARE": "***",
deploy	Cleanup Environment Variables File	  "MAIN_TONAPI_API_KEY": "***",
deploy	Cleanup Environment Variables File	  "SSH_PRIVATE_KEY": "***",
deploy	Cleanup Environment Variables File	  "MAIN_LINKEDIN_CLIENT_SECRET": "***",
deploy	Cleanup Environment Variables File	  "STAGING_MS_CLIENT_SECRET": "***",
deploy	Cleanup Environment Variables File	  "SSH_DEV_KEY": "***",
deploy	Cleanup Environment Variables File	  "STAGING_TWITTER_CLIENT_SECRET": "***",
deploy	Cleanup Environment Variables File	  "STAGING_CLIENT_API_JWT_SECRET": "***",
deploy	Cleanup Environment Variables File	  "MAIN_DATABASE_URL_NFT_MANAGER": "***",
deploy	Cleanup Environment Variables File	  "DEV_ONTON_API_SECRET": "***",
deploy	Cleanup Environment Variables File	  "MAIN_GOOGLE_CLIENT_SECRET": "***",
deploy	Cleanup Environment Variables File	  "MAIN_MS_CLIENT_SECRET": "***",
deploy	Cleanup Environment Variables File	  "STAGING_DATABASE_URL": "***",
deploy	Cleanup Environment Variables File	  "STAGING_TON_CENTER_TOKEN": "***",
deploy	Cleanup Environment Variables File	  "DEV_TON_SOCIETY_API_KEY": "***",
deploy	Cleanup Environment Variables File	  "MAIN_EVENT_WALLET_ENC_KEY": "***",
deploy	Cleanup Environment Variables File	  "STAGING_POSTGRES_USER": "***",
deploy	Cleanup Environment Variables File	  "MAIN_PGADMIN_DEFAULT_EMAIL": "***",
deploy	Cleanup Environment Variables File	  "SSH_MAIN_PORT": "***",
deploy	Cleanup Environment Variables File	  "MAIN_MNEMONIC": "***",
deploy	Cleanup Environment Variables File	  "MAIN_POSTGRES_PASSWORD": "***",
deploy	Cleanup Environment Variables File	  "DEV_TONAPI_API_KEY": "***",
deploy	Cleanup Environment Variables File	  "STAGING_GOOGLE_CLIENT_SECRET": "***",
deploy	Cleanup Environment Variables File	  "DEV_MB_ENCRYPTION_SECRET_KEY": "***",
deploy	Cleanup Environment Variables File	  "STAGING_SENTRY_AUTH_TOKEN": "***",
deploy	Cleanup Environment Variables File	  "DEV_DATABASE_URL": "***",
deploy	Cleanup Environment Variables File	  "DEV_MINIO_ROOT_PASSWORD": "***",
deploy	Cleanup Environment Variables File	  "MAIN_RABBITMQ_DEFAULT_PASS": "***",
deploy	Cleanup Environment Variables File	  "TELEGRAM_BOT_TOKEN_FOR_DEPLOYMENT": "***",
deploy	Cleanup Environment Variables File	  "MAIN_ONTON_API_SECRET": "***",
deploy	Cleanup Environment Variables File	  "MAIN_CLIENT_API_FIXED_KEY": "***",
deploy	Cleanup Environment Variables File	  "SSH_DEV_PORT": "***",
deploy	Cleanup Environment Variables File	  "DEV_ONTON_API_KEY": "***",
deploy	Cleanup Environment Variables File	  "DEV_MINIO_ROOT_USER": "***",
deploy	Cleanup Environment Variables File	  "STAGING_MNEMONIC": "***",
deploy	Cleanup Environment Variables File	  "MAIN_MINIO_ROOT_USER": "***",
deploy	Cleanup Environment Variables File	  "DEV_PGADMIN_DEFAULT_PASSWORD": "***",
deploy	Cleanup Environment Variables File	  "DEV_CLIENT_API_FIXED_KEY": "***",
deploy	Cleanup Environment Variables File	  "STAGING_CLOUDFLARE_EMAIL": "***",
deploy	Cleanup Environment Variables File	  "STAGING_MB_ENCRYPTION_SECRET_KEY": "***",
deploy	Cleanup Environment Variables File	  "MAIN_MINIO_ROOT_PASSWORD": "***",
deploy	Cleanup Environment Variables File	  "MAIN_ONTON_API_KEY": "***",
deploy	Cleanup Environment Variables File	  "STAGING_RABBITMQ_DEFAULT_USER": "***",
deploy	Cleanup Environment Variables File	  "MAIN_CLIENT_API_JWT_SECRET": "***",
deploy	Cleanup Environment Variables File	  "STAGING_LINKEDIN_CLIENT_SECRET": "***",
deploy	Cleanup Environment Variables File	  "DEV_RABBITMQ_DEFAULT_PASS": "***"
deploy	Cleanup Environment Variables File	}
deploy	Cleanup Environment Variables File	2026-02-09T12:11:41.5250317Z   ALLMYVARS: {
deploy	Cleanup Environment Variables File	  "DEV_ACME_AGREE": "true",
deploy	Cleanup Environment Variables File	  "DEV_BRANCH_NAME": "dev",
deploy	Cleanup Environment Variables File	  "DEV_CACHE_ENABLED": "true",
deploy	Cleanup Environment Variables File	  "DEV_CLAMAV_PORT": "***10",
deploy	Cleanup Environment Variables File	  "DEV_CLIENT_API_FIXED_ORGANIZER": "@Ontonadmin",
deploy	Cleanup Environment Variables File	  "DEV_CLIENT_API_FIXED_USER": "@Ontonadmin",
deploy	Cleanup Environment Variables File	  "DEV_CLIENT_WEB_DOMAIN": "dev-client-web.dev.***.live",
deploy	Cleanup Environment Variables File	  "DEV_COMPOSE_PROJECT_NAME": "develop-***",
deploy	Cleanup Environment Variables File	  "DEV_ENV": "development",
deploy	Cleanup Environment Variables File	  "DEV_EVENT_WALLET_ENC_KEY": "Ci5M6/B4Wke4qX6tXViVeW0xM0iH0yh/qvD3Y1xu2v8",
deploy	Cleanup Environment Variables File	  "DEV_GOLANG_SERVER_PORT": "3013",
deploy	Cleanup Environment Variables File	  "DEV_IP_CADDY": "caddy",
deploy	Cleanup Environment Variables File	  "DEV_IP_CLAMAV": "host.docker.internal",
deploy	Cleanup Environment Variables File	  "DEV_IP_CLIENT_WEB": "client-web",
deploy	Cleanup Environment Variables File	  "DEV_IP_GIVEAWAY_CHECKER": "giveaway-checker",
deploy	Cleanup Environment Variables File	  "DEV_IP_GOLANG_SERVER": "golang-server",
deploy	Cleanup Environment Variables File	  "DEV_IP_GOLANG_WORKER": "golang-worker",
deploy	Cleanup Environment Variables File	  "DEV_IP_KIBANA": "kibana",
deploy	Cleanup Environment Variables File	  "DEV_IP_METABASE": "metabase",
deploy	Cleanup Environment Variables File	  "DEV_IP_MINIO": "minio",
deploy	Cleanup Environment Variables File	  "DEV_IP_MINI_APP": "mini-app",
deploy	Cleanup Environment Variables File	  "DEV_IP_MINI_APP_CRON": "mini-app-sbt-worker",
deploy	Cleanup Environment Variables File	  "DEV_IP_NFT_MANAGER": "nft-manager",
deploy	Cleanup Environment Variables File	  "DEV_IP_PARTICIPANT_TMA": "participant-tma",
deploy	Cleanup Environment Variables File	  "DEV_IP_PGADMIN": "pgadmin",
deploy	Cleanup Environment Variables File	  "DEV_IP_POA_WORKER": "mini-app-poa-worker",
deploy	Cleanup Environment Variables File	  "DEV_IP_POSTGRES": "postgres",
deploy	Cleanup Environment Variables File	  "DEV_IP_RABBITMQ": "rabbitmq",
deploy	Cleanup Environment Variables File	  "DEV_IP_RANGE_BASE": "host.docker.internal",
deploy	Cleanup Environment Variables File	  "DEV_IP_RANGE_START": "172.10",
deploy	Cleanup Environment Variables File	  "DEV_IP_RANGE_SUBNET": "24",
deploy	Cleanup Environment Variables File	  "DEV_IP_REDIS": "redis",
deploy	Cleanup Environment Variables File	  "DEV_IP_SOCKET": "mini-app-notification-socket",
deploy	Cleanup Environment Variables File	  "DEV_IP_SWAGGER_UI": "swagger-ui",
deploy	Cleanup Environment Variables File	  "DEV_IP_TELEGRAM_BOT": "telegram-bot",
deploy	Cleanup Environment Variables File	  "DEV_IP_WEBSITE": "website",
deploy	Cleanup Environment Variables File	  "DEV_JWT_SECRET_SOCKET": "D3v@OnTonw3tds112ewq%KD___%1006-7-8-9-0OkMjKlll%909R9OOsf",
deploy	Cleanup Environment Variables File	  "DEV_KIBANA_HASHED_PASSWORD": "$2a$14$6P83mnKs9BxP2qZDaMU.2OzBHY3SG0nnaVXJ8nKluEWEWD5RMmN/W",
deploy	Cleanup Environment Variables File	  "DEV_KIBANA_PORT": "3023",
deploy	Cleanup Environment Variables File	  "DEV_KIBANA_USERNAME": "monitor",
deploy	Cleanup Environment Variables File	  "DEV_LOCAL_DOMAIN": "dev-app.dev.***.live",
deploy	Cleanup Environment Variables File	  "DEV_MB_REDIRECT_ALL_REQUESTS_TO_HTTPS": "true",
deploy	Cleanup Environment Variables File	  "DEV_METABASE_DOMAIN": "dev-metabase.dev.***.live",
deploy	Cleanup Environment Variables File	  "DEV_MINIO_COLLECTION_BUCKET": "***collection",
deploy	Cleanup Environment Variables File	  "DEV_MINIO_DASHBOARD_PORT": "3014",
deploy	Cleanup Environment Variables File	  "DEV_MINIO_DOC_BUCKET": "***doc",
deploy	Cleanup Environment Variables File	  "DEV_MINIO_DOC_DEFAULT_BUCKET": "***",
deploy	Cleanup Environment Variables File	  "DEV_MINIO_ENDPOINT": "minio",
deploy	Cleanup Environment Variables File	  "DEV_MINIO_IMAGE_BUCKET": "***image",
deploy	Cleanup Environment Variables File	  "DEV_MINIO_ITEM_BUCKET": "***item",
deploy	Cleanup Environment Variables File	  "DEV_MINIO_PORT": "3012",
deploy	Cleanup Environment Variables File	  "DEV_MINIO_PUBLIC_URL": "https://dev-storage.dev.***.live",
deploy	Cleanup Environment Variables File	  "DEV_MINIO_REGION_NAME": "default",
deploy	Cleanup Environment Variables File	  "DEV_MINIO_SBT_COLLECTIONS_BUCKET": "sbt-collections",
deploy	Cleanup Environment Variables File	  "DEV_MINIO_STORAGE_ADMIN_DOMAIN": "dev-storage-admin.dev.***.live",
deploy	Cleanup Environment Variables File	  "DEV_MINIO_STORAGE_DOMAIN": "dev-storage.dev.***.live",
deploy	Cleanup Environment Variables File	  "DEV_MINIO_VIDEO_BUCKET": "***video",
deploy	Cleanup Environment Variables File	  "DEV_MINI_APP_DOMAIN": "dev-app.dev.***.live",
deploy	Cleanup Environment Variables File	  "DEV_MINI_APP_PORT": "3000",
deploy	Cleanup Environment Variables File	  "DEV_MINI_APP_SOCKET_DOMAIN": "dev-socket.dev.***.live",
deploy	Cleanup Environment Variables File	  "DEV_MONITORING_DOMAIN": "dev-monitoring.dev.***.live",
deploy	Cleanup Environment Variables File	  "DEV_NETWORK_NAME": "***-dev",
deploy	Cleanup Environment Variables File	  "DEV_NETWORK_PUBLIC_IP": "***",
deploy	Cleanup Environment Variables File	  "DEV_NEXT_PUBLIC_API_BASE_URL": "https://dev-app.dev.***.live/api/v1",
deploy	Cleanup Environment Variables File	  "DEV_NEXT_PUBLIC_APP_BASE_URL": "https://dev-app.dev.***.live",
deploy	Cleanup Environment Variables File	  "DEV_NEXT_PUBLIC_BACKEND_URL_CLIENT": "https://dev-app.dev.***.live/api/client/v1/",
deploy	Cleanup Environment Variables File	  "DEV_NEXT_PUBLIC_BOT_USERNAME": "dev_ont0n_bot",
deploy	Cleanup Environment Variables File	  "DEV_NEXT_PUBLIC_ENV": "development",
deploy	Cleanup Environment Variables File	  "DEV_NEXT_PUBLIC_GTM": "GTM-dev",
deploy	Cleanup Environment Variables File	  "DEV_NEXT_PUBLIC_SOCKET_URL": "dev-socket.dev.***.live",
deploy	Cleanup Environment Variables File	  "DEV_NFT_INTERVAL_TIME": "60000",
deploy	Cleanup Environment Variables File	  "DEV_NFT_MANAGER_PORT": "3004",
deploy	Cleanup Environment Variables File	  "DEV_NODE_ENV": "production",
deploy	Cleanup Environment Variables File	  "DEV_NODE_TLS_REJECT_UNAUTHORIZED": "0",
deploy	Cleanup Environment Variables File	  "DEV_ONTON_DOMAIN": "dev.***.live",
deploy	Cleanup Environment Variables File	  "DEV_PARTICIPANT_TMA_PORT": "3001",
deploy	Cleanup Environment Variables File	  "DEV_PGADMIN_DOMAIN": "dev-pgadmin.dev.***.live",
deploy	Cleanup Environment Variables File	  "DEV_PORT_CLIENT_WEB": "3007",
deploy	Cleanup Environment Variables File	  "DEV_PORT_METABASE": "3009",
deploy	Cleanup Environment Variables File	  "DEV_PORT_PGADMIN": "3006",
deploy	Cleanup Environment Variables File	  "DEV_PORT_WEB_SITE": "3005",
deploy	Cleanup Environment Variables File	  "DEV_POSTGRES_METABASE_DB": "dev-mini-app",
deploy	Cleanup Environment Variables File	  "DEV_POSTGRES_MINI_APP_DB": "dev-mini-app",
deploy	Cleanup Environment Variables File	  "DEV_POSTGRES_NFT_MANAGER_DB": "dev-nft-manager",
deploy	Cleanup Environment Variables File	  "DEV_POSTGRES_PORT": "3008",
deploy	Cleanup Environment Variables File	  "DEV_PTMA_API_BASE_URL": "https://dev-app.dev.***.live/api/v1",
deploy	Cleanup Environment Variables File	  "DEV_RABBITMQ_DOMAIN": "dev-rabbitmq.dev.***.live",
deploy	Cleanup Environment Variables File	  "DEV_RABBITMQ_MANAGEMENT_PORT": "3015",
deploy	Cleanup Environment Variables File	  "DEV_RABBITMQ_NODE_PORT": "3016",
deploy	Cleanup Environment Variables File	  "DEV_REDIS_DATABASES": "1",
deploy	Cleanup Environment Variables File	  "DEV_REDIS_PORT": "3011",
deploy	Cleanup Environment Variables File	  "DEV_REGISTRY_URL": "ghcr.io",
deploy	Cleanup Environment Variables File	  "DEV_SOCKET_PORT": "30***",
deploy	Cleanup Environment Variables File	  "DEV_STAGE_NAME": "dev-***",
deploy	Cleanup Environment Variables File	  "DEV_SWAGGER_UI_DOMAIN": "dev-swagger-ui.dev.***.live",
deploy	Cleanup Environment Variables File	  "DEV_SWAGGER_UI_PORT": "3024",
deploy	Cleanup Environment Variables File	  "DEV_SYS_CADDY_REPLICAS": "1",
deploy	Cleanup Environment Variables File	  "DEV_SYS_MINI_APP_REPLICAS": "1",
deploy	Cleanup Environment Variables File	  "DEV_SYS_PARTICIPANT_TMA_REPLICAS": "1",
deploy	Cleanup Environment Variables File	  "DEV_SYS_WEB_SITE_REPLICAS": "1",
deploy	Cleanup Environment Variables File	  "DEV_TELEGRAM_BOT_PORT": "3002",
deploy	Cleanup Environment Variables File	  "DEV_TG_EVENTS_TOPIC": "2",
deploy	Cleanup Environment Variables File	  "DEV_TG_LOGS_GROUP_ID": "-1002308507308",
deploy	Cleanup Environment Variables File	  "DEV_TG_LOG_BOT_TOKEN": "7604730825:AAE1WJHs5lFI2zX_tba6M-1HYfffA8ugFmA",
deploy	Cleanup Environment Variables File	  "DEV_TG_NOTIFICATION_CHANELL": "-1002164161685",
deploy	Cleanup Environment Variables File	  "DEV_TG_SYSTEM_TOPIC": "16",
deploy	Cleanup Environment Variables File	  "DEV_TG_TICKETS_TOPIC": "4",
deploy	Cleanup Environment Variables File	  "DEV_TON_CENTER_ENDPOINT": "https://toncenter.com/api/v2/jsonRPC",
deploy	Cleanup Environment Variables File	  "DEV_TON_SOCIETY_BASE_URL": "https://id.ton.org/v1",
deploy	Cleanup Environment Variables File	  "DEV_USE_CLOUDFLARE": "true",
deploy	Cleanup Environment Variables File	  "DEV_USE_MAIN_IP_TO_EXPOSE": "true",
deploy	Cleanup Environment Variables File	  "MAIN_ACME_AGREE": "true",
deploy	Cleanup Environment Variables File	  "MAIN_BRANCH_NAME": "main",
deploy	Cleanup Environment Variables File	  "MAIN_CACHE_ENABLED": "true",
deploy	Cleanup Environment Variables File	  "MAIN_CLAMAV_PORT": "***10",
deploy	Cleanup Environment Variables File	  "MAIN_CLIENT_API_FIXED_ORGANIZER": "@Ontonadmin",
deploy	Cleanup Environment Variables File	  "MAIN_CLIENT_API_FIXED_USER": "@Ontonadmin",
deploy	Cleanup Environment Variables File	  "MAIN_CLIENT_WEB_DOMAIN": "client-web.***.live",
deploy	Cleanup Environment Variables File	  "MAIN_COMPOSE_PROJECT_NAME": "production-***",
deploy	Cleanup Environment Variables File	  "MAIN_ENV": "production",
deploy	Cleanup Environment Variables File	  "MAIN_GITHUB_CLIENT_ID": "Ov23liQFN1rMeZicYHnL",
deploy	Cleanup Environment Variables File	  "MAIN_GITHUB_REPO": "***bot",
deploy	Cleanup Environment Variables File	  "MAIN_GOLANG_SERVER_PORT": "8013",
deploy	Cleanup Environment Variables File	  "MAIN_GOOGLE_CLIENT_ID": "174044865725-8urfv981fca74aj3bq2kqik7fbe2rggg.apps.googleusercontent.com",
deploy	Cleanup Environment Variables File	  "MAIN_IP_CADDY": "caddy",
deploy	Cleanup Environment Variables File	  "MAIN_IP_CLAMAV": "host.docker.internal",
deploy	Cleanup Environment Variables File	  "MAIN_IP_CLIENT_WEB": "client-web",
deploy	Cleanup Environment Variables File	  "MAIN_IP_GIVEAWAY_CHECKER": "giveaway-checker",
deploy	Cleanup Environment Variables File	  "MAIN_IP_GOLANG_SERVER": "golang-server",
deploy	Cleanup Environment Variables File	  "MAIN_IP_GOLANG_WORKER": "golang-worker",
deploy	Cleanup Environment Variables File	  "MAIN_IP_KIBANA": "kibana",
deploy	Cleanup Environment Variables File	  "MAIN_IP_METABASE": "metabase",
deploy	Cleanup Environment Variables File	  "MAIN_IP_MINIO": "minio",
deploy	Cleanup Environment Variables File	  "MAIN_IP_MINI_APP": "mini-app",
deploy	Cleanup Environment Variables File	  "MAIN_IP_MINI_APP_CRON": "mini-app-sbt-worker",
deploy	Cleanup Environment Variables File	  "MAIN_IP_NFT_MANAGER": "nft-manager",
deploy	Cleanup Environment Variables File	  "MAIN_IP_PARTICIPANT_TMA": "participant-tma",
deploy	Cleanup Environment Variables File	  "MAIN_IP_PGADMIN": "pgadmin",
deploy	Cleanup Environment Variables File	  "MAIN_IP_POA_WORKER": "mini-app-poa-worker",
deploy	Cleanup Environment Variables File	  "MAIN_IP_POSTGRES": "postgres",
deploy	Cleanup Environment Variables File	  "MAIN_IP_RABBITMQ": "rabbitmq",
deploy	Cleanup Environment Variables File	  "MAIN_IP_RANGE_BASE": "host.docker.internal",
deploy	Cleanup Environment Variables File	  "MAIN_IP_REDIS": "redis",
deploy	Cleanup Environment Variables File	  "MAIN_IP_SOCKET": "mini-app-notification-socket",
deploy	Cleanup Environment Variables File	  "MAIN_IP_SWAGGER_UI": "swagger-ui",
deploy	Cleanup Environment Variables File	  "MAIN_IP_TELEGRAM_BOT": "telegram-bot",
deploy	Cleanup Environment Variables File	  "MAIN_IP_WEBSITE": "website",
deploy	Cleanup Environment Variables File	  "MAIN_JWT_SECRET_SOCKET": "JFDmdjeu__@HF_KKSEEWR_ERW*ER_FGDFG_ET%DG%34534aasd_Rhuefli!hfsdlnf",
deploy	Cleanup Environment Variables File	  "MAIN_KIBANA_HASHED_PASSWORD": "$2a$14$6P83mnKs9BxP2qZDaMU.2OzBHY3SG0nnaVXJ8nKluEWEWD5RMmN/W",
deploy	Cleanup Environment Variables File	  "MAIN_KIBANA_PORT": "8023",
deploy	Cleanup Environment Variables File	  "MAIN_KIBANA_USERNAME": "monitor",
deploy	Cleanup Environment Variables File	  "MAIN_LINKEDIN_CLIENT_ID": "77osbnm9chxr4c",
deploy	Cleanup Environment Variables File	  "MAIN_LOCAL_DOMAIN": "***.live",
deploy	Cleanup Environment Variables File	  "MAIN_MB_REDIRECT_ALL_REQUESTS_TO_HTTPS": "true",
deploy	Cleanup Environment Variables File	  "MAIN_METABASE_DOMAIN": "metabase.***.live",
deploy	Cleanup Environment Variables File	  "MAIN_MINIO_COLLECTION_BUCKET": "***collection",
deploy	Cleanup Environment Variables File	  "MAIN_MINIO_DASHBOARD_PORT": "8014",
deploy	Cleanup Environment Variables File	  "MAIN_MINIO_DOC_BUCKET": "***doc",
deploy	Cleanup Environment Variables File	  "MAIN_MINIO_DOC_DEFAULT_BUCKET": "***",
deploy	Cleanup Environment Variables File	  "MAIN_MINIO_ENDPOINT": "minio",
deploy	Cleanup Environment Variables File	  "MAIN_MINIO_IMAGE_BUCKET": "***image",
deploy	Cleanup Environment Variables File	  "MAIN_MINIO_ITEM_BUCKET": "***item",
deploy	Cleanup Environment Variables File	  "MAIN_MINIO_PORT": "8012",
deploy	Cleanup Environment Variables File	  "MAIN_MINIO_PUBLIC_URL": "https://storage.***.live",
deploy	Cleanup Environment Variables File	  "MAIN_MINIO_REGION_NAME": "default",
deploy	Cleanup Environment Variables File	  "MAIN_MINIO_SBT_COLLECTIONS_BUCKET": "sbt-collections",
deploy	Cleanup Environment Variables File	  "MAIN_MINIO_STORAGE_ADMIN_DOMAIN": "storage-admin.***.live",
deploy	Cleanup Environment Variables File	  "MAIN_MINIO_STORAGE_DOMAIN": "storage.***.live",
deploy	Cleanup Environment Variables File	  "MAIN_MINIO_VIDEO_BUCKET": "***video",
deploy	Cleanup Environment Variables File	  "MAIN_MINI_APP_DOMAIN": "app.***.live",
deploy	Cleanup Environment Variables File	  "MAIN_MINI_APP_PORT": "8000",
deploy	Cleanup Environment Variables File	  "MAIN_MINI_APP_SOCKET_DOMAIN": "socket.***.live",
deploy	Cleanup Environment Variables File	  "MAIN_MONITORING_DOMAIN": "monitoring.***.live",
deploy	Cleanup Environment Variables File	  "MAIN_MS_CLIENT_ID": "916e0c9f-17bc-45c2-9cbc-025c48a0d449",
deploy	Cleanup Environment Variables File	  "MAIN_NETWORK_NAME": "***-production",
deploy	Cleanup Environment Variables File	  "MAIN_NETWORK_PUBLIC_IP": "***",
deploy	Cleanup Environment Variables File	  "MAIN_NEXT_PUBLIC_API_BASE_URL": "https://app.***.live/api/v1",
deploy	Cleanup Environment Variables File	  "MAIN_NEXT_PUBLIC_APP_BASE_URL": "https://app.***.live",
deploy	Cleanup Environment Variables File	  "MAIN_NEXT_PUBLIC_BACKEND_URL_CLIENT": "https://app.***.live/api/client/v1/",
deploy	Cleanup Environment Variables File	  "MAIN_NEXT_PUBLIC_BOT_USERNAME": "the***bot",
deploy	Cleanup Environment Variables File	  "MAIN_NEXT_PUBLIC_ENV": "production",
deploy	Cleanup Environment Variables File	  "MAIN_NEXT_PUBLIC_GTM": "GTM-TSCPWNCM",
deploy	Cleanup Environment Variables File	  "MAIN_NEXT_PUBLIC_SOCKET_URL": "socket.***.live",
deploy	Cleanup Environment Variables File	  "MAIN_NFT_INTERVAL_TIME": "60000",
deploy	Cleanup Environment Variables File	  "MAIN_NFT_MANAGER_PORT": "8004",
deploy	Cleanup Environment Variables File	  "MAIN_NODE_ENV": "production",
deploy	Cleanup Environment Variables File	  "MAIN_NODE_TLS_REJECT_UNAUTHORIZED": "1",
deploy	Cleanup Environment Variables File	  "MAIN_ONTON_DOMAIN": "***.live",
deploy	Cleanup Environment Variables File	  "MAIN_PARTICIPANT_TMA_PORT": "8001",
deploy	Cleanup Environment Variables File	  "MAIN_PGADMIN_DOMAIN": "pgadmin.***.live",
deploy	Cleanup Environment Variables File	  "MAIN_PORT_CLIENT_WEB": "8007",
deploy	Cleanup Environment Variables File	  "MAIN_PORT_METABASE": "8009",
deploy	Cleanup Environment Variables File	  "MAIN_PORT_PGADMIN": "8006",
deploy	Cleanup Environment Variables File	  "MAIN_PORT_WEB_SITE": "8005",
deploy	Cleanup Environment Variables File	  "MAIN_POSTGRES_METABASE_DB": "production-mini-app",
deploy	Cleanup Environment Variables File	  "MAIN_POSTGRES_MINI_APP_DB": "production-mini-app",
deploy	Cleanup Environment Variables File	  "MAIN_POSTGRES_NFT_MANAGER_DB": "production-nft-manager",
deploy	Cleanup Environment Variables File	  "MAIN_POSTGRES_PORT": "8008",
deploy	Cleanup Environment Variables File	  "MAIN_PTMA_API_BASE_URL": "https://app.***.live/api/v1",
deploy	Cleanup Environment Variables File	  "MAIN_RABBITMQ_DOMAIN": "rabbitmq.***.live",
deploy	Cleanup Environment Variables File	  "MAIN_RABBITMQ_MANAGEMENT_PORT": "8015",
deploy	Cleanup Environment Variables File	  "MAIN_RABBITMQ_NODE_PORT": "8016",
deploy	Cleanup Environment Variables File	  "MAIN_REDIS_DATABASES": "1",
deploy	Cleanup Environment Variables File	  "MAIN_REDIS_PORT": "8011",
deploy	Cleanup Environment Variables File	  "MAIN_REGISTRY_URL": "registry.toncloud.observer",
deploy	Cleanup Environment Variables File	  "MAIN_SOCKET_PORT": "80***",
deploy	Cleanup Environment Variables File	  "MAIN_STAGE_NAME": "main-***",
deploy	Cleanup Environment Variables File	  "MAIN_SWAGGER_UI_DOMAIN": "swagger-ui.***.live",
deploy	Cleanup Environment Variables File	  "MAIN_SWAGGER_UI_PORT": "8024",
deploy	Cleanup Environment Variables File	  "MAIN_SYS_CADDY_REPLICAS": "1",
deploy	Cleanup Environment Variables File	  "MAIN_SYS_MINI_APP_REPLICAS": "12",
deploy	Cleanup Environment Variables File	  "MAIN_SYS_PARTICIPANT_TMA_REPLICAS": "6",
deploy	Cleanup Environment Variables File	  "MAIN_SYS_WEB_SITE_REPLICAS": "3",
deploy	Cleanup Environment Variables File	  "MAIN_TELEGRAM_BOT_PORT": "8002",
deploy	Cleanup Environment Variables File	  "MAIN_TG_EVENTS_TOPIC": "2",
deploy	Cleanup Environment Variables File	  "MAIN_TG_LOGS_GROUP_ID": "-1002300666538",
deploy	Cleanup Environment Variables File	  "MAIN_TG_LOG_BOT_TOKEN": "7604730825:AAE1WJHs5lFI2zX_tba6M-1HYfffA8ugFmA",
deploy	Cleanup Environment Variables File	  "MAIN_TG_NOTIFICATION_CHANELL": "-100***32083***",
deploy	Cleanup Environment Variables File	  "MAIN_TG_SYSTEM_TOPIC": "16",
deploy	Cleanup Environment Variables File	  "MAIN_TG_TICKETS_TOPIC": "4",
deploy	Cleanup Environment Variables File	  "MAIN_TON_CENTER_ENDPOINT": "https://toncenter.com/api/v2/jsonRPC",
deploy	Cleanup Environment Variables File	  "MAIN_TON_SOCIETY_BASE_URL": "https://id.ton.org/v1",
deploy	Cleanup Environment Variables File	  "MAIN_TWITTER_CLIENT_ID": "SU1RUS0xaHNsRk5kd014UlZieDQ6MTpjaQ",
deploy	Cleanup Environment Variables File	  "MAIN_USE_CLOUDFLARE": "true",
deploy	Cleanup Environment Variables File	  "MAIN_USE_MAIN_IP_TO_EXPOSE": "true",
deploy	Cleanup Environment Variables File	  "NEXT_PUBLIC_BOT_USERNAME": "notnonstagebot",
deploy	Cleanup Environment Variables File	  "SANDBOX_ACME_AGREE": "true",
deploy	Cleanup Environment Variables File	  "SANDBOX_BRANCH_NAME": "sandbox",
deploy	Cleanup Environment Variables File	  "SANDBOX_CACHE_ENABLED": "true",
deploy	Cleanup Environment Variables File	  "SANDBOX_CLAMAV_PORT": "***10",
deploy	Cleanup Environment Variables File	  "SANDBOX_CLIENT_API_FIXED_ORGANIZER": "@Ontonadmin",
deploy	Cleanup Environment Variables File	  "SANDBOX_CLIENT_API_FIXED_USER": "@Ontonadmin",
deploy	Cleanup Environment Variables File	  "SANDBOX_CLIENT_WEB_DOMAIN": "sandbox-client-web.toncloud.observer",
deploy	Cleanup Environment Variables File	  "SANDBOX_COMPOSE_PROJECT_NAME": "sanbox-***",
deploy	Cleanup Environment Variables File	  "SANDBOX_IP_CADDY": "caddy",
deploy	Cleanup Environment Variables File	  "SANDBOX_IP_CLAMAV": "host.docker.internal",
deploy	Cleanup Environment Variables File	  "SANDBOX_IP_KIBANA": "kibana",
deploy	Cleanup Environment Variables File	  "SANDBOX_IP_METABASE": "metabase",
deploy	Cleanup Environment Variables File	  "SANDBOX_IP_PGADMIN": "pgadmin",
deploy	Cleanup Environment Variables File	  "SANDBOX_IP_POA_WORKER": "mini-app-poa-worker",
deploy	Cleanup Environment Variables File	  "SANDBOX_IP_POSTGRES": "postgres",
deploy	Cleanup Environment Variables File	  "SANDBOX_IP_SOCKET": "mini-app-notification-socket",
deploy	Cleanup Environment Variables File	  "SANDBOX_IP_TELEGRAM_BOT": "telegram-bot",
deploy	Cleanup Environment Variables File	  "SANDBOX_IP_WEBSITE": "website",
deploy	Cleanup Environment Variables File	  "SANDBOX_JWT_SECRET_SOCKET": "D3v@OnTonw3tds112ewq%KD___%1006-7-8-9-0OkMjKlll%909R9OOsf",
deploy	Cleanup Environment Variables File	  "SANDBOX_KIBANA_HASHED_PASSWORD": "$2a$14$6P83mnKs9BxP2qZDaMU.2OzBHY3SG0nnaVXJ8nKluEWEWD5RMmN/W",
deploy	Cleanup Environment Variables File	  "SANDBOX_KIBANA_PORT": "6023",
deploy	Cleanup Environment Variables File	  "SANDBOX_KIBANA_USERNAME": "monitor",
deploy	Cleanup Environment Variables File	  "SANDBOX_LOCAL_DOMAIN": "sandbox-app.toncloud.observer",
deploy	Cleanup Environment Variables File	  "SANDBOX_MB_REDIRECT_ALL_REQUESTS_TO_HTTPS": "true",
deploy	Cleanup Environment Variables File	  "SANDBOX_METABASE_DOMAIN": "sandbox-metabase.toncloud.observer",
deploy	Cleanup Environment Variables File	  "SANDBOX_MINIO_COLLECTION_BUCKET": "***collection",
deploy	Cleanup Environment Variables File	  "SANDBOX_MINIO_DASHBOARD_PORT": "6014",
deploy	Cleanup Environment Variables File	  "SANDBOX_MINIO_DOC_BUCKET": "***doc",
deploy	Cleanup Environment Variables File	  "SANDBOX_MINIO_DOC_DEFAULT_BUCKET": "***",
deploy	Cleanup Environment Variables File	  "SANDBOX_MINIO_ENDPOINT": "minio",
deploy	Cleanup Environment Variables File	  "SANDBOX_MINIO_IMAGE_BUCKET": "***image",
deploy	Cleanup Environment Variables File	  "SANDBOX_MINIO_ITEM_BUCKET": "***item",
deploy	Cleanup Environment Variables File	  "SANDBOX_MINIO_PORT": "6012",
deploy	Cleanup Environment Variables File	  "SANDBOX_MINIO_PUBLIC_URL": "https://sandbox-storage.toncloud.observer",
deploy	Cleanup Environment Variables File	  "SANDBOX_MINIO_REGION_NAME": "default",
deploy	Cleanup Environment Variables File	  "SANDBOX_MINIO_SBT_COLLECTIONS_BUCKET": "sbt-collections",
deploy	Cleanup Environment Variables File	  "SANDBOX_MINIO_STORAGE_ADMIN_DOMAIN": "sandbox-storage-admin.toncloud.observer",
deploy	Cleanup Environment Variables File	  "SANDBOX_MINIO_STORAGE_DOMAIN": "sandbox-storage.toncloud.observer",
deploy	Cleanup Environment Variables File	  "SANDBOX_MINIO_VIDEO_BUCKET": "***video",
deploy	Cleanup Environment Variables File	  "SANDBOX_MINI_APP_DOMAIN": "sandbox-app.toncloud.observer",
deploy	Cleanup Environment Variables File	  "SANDBOX_MINI_APP_PORT": "6000",
deploy	Cleanup Environment Variables File	  "SANDBOX_MINI_APP_SOCKET_DOMAIN": "sandbox-socket.toncloud.observer",
deploy	Cleanup Environment Variables File	  "SANDBOX_MONITORING_DOMAIN": "sandbox-monitoring.toncloud.observer",
deploy	Cleanup Environment Variables File	  "SANDBOX_NETWORK_NAME": "***-sandbox",
deploy	Cleanup Environment Variables File	  "SANDBOX_NETWORK_PUBLIC_IP": "***",
deploy	Cleanup Environment Variables File	  "SANDBOX_NEXT_PUBLIC_API_BASE_URL": "https://sandbox-app.toncloud.observer/api/v1",
deploy	Cleanup Environment Variables File	  "SANDBOX_NEXT_PUBLIC_APP_BASE_URL": "https://sandbox-app.toncloud.observer",
deploy	Cleanup Environment Variables File	  "SANDBOX_NEXT_PUBLIC_BACKEND_URL_CLIENT": "https://sandbox-app.toncloud.observer/api/client/v1/",
deploy	Cleanup Environment Variables File	  "SANDBOX_NEXT_PUBLIC_BOT_USERNAME": "sandbox_ont0n_bot",
deploy	Cleanup Environment Variables File	  "SANDBOX_NEXT_PUBLIC_GTM": "GTM-sandbox",
deploy	Cleanup Environment Variables File	  "SANDBOX_NEXT_PUBLIC_SOCKET_URL": "sandbox-socket.toncloud.observer",
deploy	Cleanup Environment Variables File	  "SANDBOX_NFT_INTERVAL_TIME": "60000",
deploy	Cleanup Environment Variables File	  "SANDBOX_NFT_MANAGER_PORT": "6004",
deploy	Cleanup Environment Variables File	  "SANDBOX_NODE_ENV": "production",
deploy	Cleanup Environment Variables File	  "SANDBOX_NODE_TLS_REJECT_UNAUTHORIZED": "0",
deploy	Cleanup Environment Variables File	  "SANDBOX_ONTON_DOMAIN": "sandbox.toncloud.observer",
deploy	Cleanup Environment Variables File	  "SANDBOX_PARTICIPANT_TMA_PORT": "6001",
deploy	Cleanup Environment Variables File	  "SANDBOX_PGADMIN_DOMAIN": "sandbox-pgadmin.toncloud.observer",
deploy	Cleanup Environment Variables File	  "SANDBOX_PORT_CLIENT_WEB": "6007",
deploy	Cleanup Environment Variables File	  "SANDBOX_PORT_METABASE": "6009",
deploy	Cleanup Environment Variables File	  "SANDBOX_PORT_PGADMIN": "6006",
deploy	Cleanup Environment Variables File	  "SANDBOX_PORT_WEB_SITE": "6005",
deploy	Cleanup Environment Variables File	  "SANDBOX_POSTGRES_METABASE_DB": "sandbox-mini-app",
deploy	Cleanup Environment Variables File	  "SANDBOX_POSTGRES_MINI_APP_DB": "sandbox-mini-app",
deploy	Cleanup Environment Variables File	  "SANDBOX_POSTGRES_NFT_MANAGER_DB": "sandbox-nft-manager",
deploy	Cleanup Environment Variables File	  "SANDBOX_POSTGRES_PORT": "6008",
deploy	Cleanup Environment Variables File	  "SANDBOX_PTMA_API_BASE_URL": "https://sandbox-app.toncloud.observer/api/v1",
deploy	Cleanup Environment Variables File	  "SANDBOX_RABBITMQ_DOMAIN": "sandbox-rabbitmq.toncloud.observer",
deploy	Cleanup Environment Variables File	  "SANDBOX_RABBITMQ_MANAGEMENT_PORT": "6015",
deploy	Cleanup Environment Variables File	  "SANDBOX_RABBITMQ_NODE_PORT": "6016",
deploy	Cleanup Environment Variables File	  "SANDBOX_REDIS_DATABASES": "1",
deploy	Cleanup Environment Variables File	  "SANDBOX_REDIS_PORT": "6011",
deploy	Cleanup Environment Variables File	  "SANDBOX_REGISTRY_URL": "registry.toncloud.observer",
deploy	Cleanup Environment Variables File	  "SANDBOX_SOCKET_PORT": "60***",
deploy	Cleanup Environment Variables File	  "SANDBOX_STAGE_NAME": "sandbox-***",
deploy	Cleanup Environment Variables File	  "SANDBOX_SYS_CADDY_REPLICAS": "1",
deploy	Cleanup Environment Variables File	  "SANDBOX_SYS_MINI_APP_REPLICAS": "2",
deploy	Cleanup Environment Variables File	  "SANDBOX_SYS_PARTICIPANT_TMA_REPLICAS": "2",
deploy	Cleanup Environment Variables File	  "SANDBOX_SYS_WEB_SITE_REPLICAS": "1",
deploy	Cleanup Environment Variables File	  "SANDBOX_TELEGRAM_BOT_PORT": "6002",
deploy	Cleanup Environment Variables File	  "SANDBOX_TG_NOTIFICATION_CHANELL": "-1002164161685",
deploy	Cleanup Environment Variables File	  "SANDBOX_TON_CENTER_ENDPOINT": "https://toncenter.com/api/v2/jsonRPC",
deploy	Cleanup Environment Variables File	  "SANDBOX_TON_SOCIETY_BASE_URL": "https://society.ton.org/v1",
deploy	Cleanup Environment Variables File	  "SANDBOX_USE_CLOUDFLARE": "true",
deploy	Cleanup Environment Variables File	  "SANDBOX_USE_MAIN_IP_TO_EXPOSE": "true",
deploy	Cleanup Environment Variables File	  "STAGING_ACME_AGREE": "true",
deploy	Cleanup Environment Variables File	  "STAGING_BRANCH_NAME": "staging",
deploy	Cleanup Environment Variables File	  "STAGING_CACHE_ENABLED": "true",
deploy	Cleanup Environment Variables File	  "STAGING_CLAMAV_PORT": "***10",
deploy	Cleanup Environment Variables File	  "STAGING_CLIENT_API_FIXED_ORGANIZER": "@Ontonadmin",
deploy	Cleanup Environment Variables File	  "STAGING_CLIENT_API_FIXED_USER": "@Ontonadmin",
deploy	Cleanup Environment Variables File	  "STAGING_CLIENT_WEB_DOMAIN": "staging-client-web.toncloud.observer",
deploy	Cleanup Environment Variables File	  "STAGING_COMPOSE_PROJECT_NAME": "staging-***",
deploy	Cleanup Environment Variables File	  "STAGING_ENV": "staging",
deploy	Cleanup Environment Variables File	  "STAGING_EVENT_WALLET_ENC_KEY": "Ci5M6/B4Wke4qX6tXViVeW0xM0iH0yh/qvD3Y1xu2v8",
deploy	Cleanup Environment Variables File	  "STAGING_GITHUB_CLIENT_ID": "Ov23liQFN1rMeZicYHnL",
deploy	Cleanup Environment Variables File	  "STAGING_GITHUB_REPO": "***bot",
deploy	Cleanup Environment Variables File	  "STAGING_GOLANG_SERVER_PORT": "4013",
deploy	Cleanup Environment Variables File	  "STAGING_GOOGLE_CLIENT_ID": "174044865725-8urfv981fca74aj3bq2kqik7fbe2rggg.apps.googleusercontent.com",
deploy	Cleanup Environment Variables File	  "STAGING_IP_CADDY": "caddy",
deploy	Cleanup Environment Variables File	  "STAGING_IP_CLAMAV": "host.docker.internal",
deploy	Cleanup Environment Variables File	  "STAGING_IP_CLIENT_WEB": "client-web",
deploy	Cleanup Environment Variables File	  "STAGING_IP_GIVEAWAY_CHECKER": "giveaway-checker",
deploy	Cleanup Environment Variables File	  "STAGING_IP_GOLANG_SERVER": "golang-server",
deploy	Cleanup Environment Variables File	  "STAGING_IP_GOLANG_WORKER": "golang-worker",
deploy	Cleanup Environment Variables File	  "STAGING_IP_KIBANA": "kibana",
deploy	Cleanup Environment Variables File	  "STAGING_IP_METABASE": "metabase",
deploy	Cleanup Environment Variables File	  "STAGING_IP_MINIO": "minio",
deploy	Cleanup Environment Variables File	  "STAGING_IP_MINI_APP": "mini-app",
deploy	Cleanup Environment Variables File	  "STAGING_IP_MINI_APP_CRON": "mini-app-sbt-worker",
deploy	Cleanup Environment Variables File	  "STAGING_IP_NFT_MANAGER": "nft-manager",
deploy	Cleanup Environment Variables File	  "STAGING_IP_PARTICIPANT_TMA": "participant-tma",
deploy	Cleanup Environment Variables File	  "STAGING_IP_PGADMIN": "pgadmin",
deploy	Cleanup Environment Variables File	  "STAGING_IP_POA_WORKER": "mini-app-poa-worker",
deploy	Cleanup Environment Variables File	  "STAGING_IP_POSTGRES": "postgres",
deploy	Cleanup Environment Variables File	  "STAGING_IP_RABBITMQ": "rabbitmq",
deploy	Cleanup Environment Variables File	  "STAGING_IP_RANGE_BASE": "host.docker.internal",
deploy	Cleanup Environment Variables File	  "STAGING_IP_RANGE_START": "172.11",
deploy	Cleanup Environment Variables File	  "STAGING_IP_RANGE_SUBNET": "24",
deploy	Cleanup Environment Variables File	  "STAGING_IP_REDIS": "redis",
deploy	Cleanup Environment Variables File	  "STAGING_IP_SOCKET": "IP_SOCKET=mini-app-notification-socket",
deploy	Cleanup Environment Variables File	  "STAGING_IP_SWAGGER_UI": "swagger-ui",
deploy	Cleanup Environment Variables File	  "STAGING_IP_TELEGRAM_BOT": "telegram-bot",
deploy	Cleanup Environment Variables File	  "STAGING_IP_WEBSITE": "website",
deploy	Cleanup Environment Variables File	  "STAGING_JWT_SECRET_SOCKET": "JFDmdjeu__@HF_KKSEEWR_ERWER_FGDFG_ET%DG%34534aasd%_Rhueflihfsdlnf",
deploy	Cleanup Environment Variables File	  "STAGING_KIBANA_HASHED_PASSWORD": "$2a$14$6P83mnKs9BxP2qZDaMU.2OzBHY3SG0nnaVXJ8nKluEWEWD5RMmN/W",
deploy	Cleanup Environment Variables File	  "STAGING_KIBANA_PORT": "4023",
deploy	Cleanup Environment Variables File	  "STAGING_KIBANA_USERNAME": "monitor",
deploy	Cleanup Environment Variables File	  "STAGING_LINKEDIN_CLIENT_ID": "77osbnm9chxr4c",
deploy	Cleanup Environment Variables File	  "STAGING_LOCAL_DOMAIN": "staging-app.toncloud.observer",
deploy	Cleanup Environment Variables File	  "STAGING_MB_REDIRECT_ALL_REQUESTS_TO_HTTPS": "true",
deploy	Cleanup Environment Variables File	  "STAGING_METABASE_DOMAIN": "staging-metabase.toncloud.observer",
deploy	Cleanup Environment Variables File	  "STAGING_MINIO_COLLECTION_BUCKET": "***collection",
deploy	Cleanup Environment Variables File	  "STAGING_MINIO_DASHBOARD_PORT": "4014",
deploy	Cleanup Environment Variables File	  "STAGING_MINIO_DOC_BUCKET": "***doc",
deploy	Cleanup Environment Variables File	  "STAGING_MINIO_DOC_DEFAULT_BUCKET": "***",
deploy	Cleanup Environment Variables File	  "STAGING_MINIO_ENDPOINT": "minio",
deploy	Cleanup Environment Variables File	  "STAGING_MINIO_IMAGE_BUCKET": "***image",
deploy	Cleanup Environment Variables File	  "STAGING_MINIO_ITEM_BUCKET": "***item",
deploy	Cleanup Environment Variables File	  "STAGING_MINIO_PORT": "4012",
deploy	Cleanup Environment Variables File	  "STAGING_MINIO_PUBLIC_URL": "https://staging-storage.toncloud.observer",
deploy	Cleanup Environment Variables File	  "STAGING_MINIO_REGION_NAME": "default",
deploy	Cleanup Environment Variables File	  "STAGING_MINIO_SBT_COLLECTIONS_BUCKET": "sbt-collections",
deploy	Cleanup Environment Variables File	  "STAGING_MINIO_STORAGE_ADMIN_DOMAIN": "staging-storage-admin.toncloud.observer",
deploy	Cleanup Environment Variables File	  "STAGING_MINIO_STORAGE_DOMAIN": "staging-storage.toncloud.observer",
deploy	Cleanup Environment Variables File	  "STAGING_MINIO_VIDEO_BUCKET": "***video",
deploy	Cleanup Environment Variables File	  "STAGING_MINI_APP_DOMAIN": "staging-app.toncloud.observer",
deploy	Cleanup Environment Variables File	  "STAGING_MINI_APP_PORT": "4000",
deploy	Cleanup Environment Variables File	  "STAGING_MINI_APP_SOCKET_DOMAIN": "staging-socket.toncloud.observer",
deploy	Cleanup Environment Variables File	  "STAGING_MONITORING_DOMAIN": "staging-monitoring.toncloud.observer",
deploy	Cleanup Environment Variables File	  "STAGING_MS_CLIENT_ID": "916e0c9f-17bc-45c2-9cbc-025c48a0d449",
deploy	Cleanup Environment Variables File	  "STAGING_NETWORK_NAME": "***-staging",
deploy	Cleanup Environment Variables File	  "STAGING_NETWORK_PUBLIC_IP": "***",
deploy	Cleanup Environment Variables File	  "STAGING_NEXT_PUBLIC_API_BASE_URL": "https://staging-app.toncloud.observer/api/v1",
deploy	Cleanup Environment Variables File	  "STAGING_NEXT_PUBLIC_APP_BASE_URL": "https://staging-app.toncloud.observer",
deploy	Cleanup Environment Variables File	  "STAGING_NEXT_PUBLIC_BACKEND_URL_CLIENT": "https://staging-app.toncloud.observer/api/client/v1/",
deploy	Cleanup Environment Variables File	  "STAGING_NEXT_PUBLIC_BOT_USERNAME": "notnonstagebot",
deploy	Cleanup Environment Variables File	  "STAGING_NEXT_PUBLIC_ENV": "staging",
deploy	Cleanup Environment Variables File	  "STAGING_NEXT_PUBLIC_GTM": "GTM-staging",
deploy	Cleanup Environment Variables File	  "STAGING_NEXT_PUBLIC_SOCKET_URL": "staging-socket.toncloud.observer",
deploy	Cleanup Environment Variables File	  "STAGING_NEXT_PUBLIC_TRPC_BASE_URL": "https://staging-app.toncloud.observer",
deploy	Cleanup Environment Variables File	  "STAGING_NFT_INTERVAL_TIME": "60000",
deploy	Cleanup Environment Variables File	  "STAGING_NFT_MANAGER_PORT": "4004",
deploy	Cleanup Environment Variables File	  "STAGING_NODE_ENV": "production",
deploy	Cleanup Environment Variables File	  "STAGING_NODE_TLS_REJECT_UNAUTHORIZED": "0",
deploy	Cleanup Environment Variables File	  "STAGING_ONTON_DOMAIN": "staging.toncloud.observer",
deploy	Cleanup Environment Variables File	  "STAGING_PARTICIPANT_TMA_PORT": "4001",
deploy	Cleanup Environment Variables File	  "STAGING_PGADMIN_DOMAIN": "staging-pgadmin.toncloud.observer",
deploy	Cleanup Environment Variables File	  "STAGING_PORT_CLIENT_WEB": "4007",
deploy	Cleanup Environment Variables File	  "STAGING_PORT_METABASE": "4009",
deploy	Cleanup Environment Variables File	  "STAGING_PORT_PGADMIN": "4006",
deploy	Cleanup Environment Variables File	  "STAGING_PORT_WEB_SITE": "4005",
deploy	Cleanup Environment Variables File	  "STAGING_POSTGRES_METABASE_DB": "staging-mini-app",
deploy	Cleanup Environment Variables File	  "STAGING_POSTGRES_MINI_APP_DB": "staging-mini-app",
deploy	Cleanup Environment Variables File	  "STAGING_POSTGRES_NFT_MANAGER_DB": "staging-nft-manager",
deploy	Cleanup Environment Variables File	  "STAGING_POSTGRES_PORT": "4008",
deploy	Cleanup Environment Variables File	  "STAGING_PTMA_API_BASE_URL": "https://staging-app.toncloud.observer/api/v1",
deploy	Cleanup Environment Variables File	  "STAGING_RABBITMQ_DOMAIN": "staging-rabbitmq.toncloud.observer",
deploy	Cleanup Environment Variables File	  "STAGING_RABBITMQ_MANAGEMENT_PORT": "4015",
deploy	Cleanup Environment Variables File	  "STAGING_RABBITMQ_NODE_PORT": "4016",
deploy	Cleanup Environment Variables File	  "STAGING_REDIS_DATABASES": "1",
deploy	Cleanup Environment Variables File	  "STAGING_REDIS_PORT": "4011",
deploy	Cleanup Environment Variables File	  "STAGING_REGISTRY_URL": "registry.toncloud.observer",
deploy	Cleanup Environment Variables File	  "STAGING_SOCKET_PORT": "40***",
deploy	Cleanup Environment Variables File	  "STAGING_STAGE_NAME": "staging-***",
deploy	Cleanup Environment Variables File	  "STAGING_SWAGGER_UI_DOMAIN": "staging-swagger-ui.toncloud.observer",
deploy	Cleanup Environment Variables File	  "STAGING_SWAGGER_UI_PORT": "4024",
deploy	Cleanup Environment Variables File	  "STAGING_SYS_CADDY_REPLICAS": "1",
deploy	Cleanup Environment Variables File	  "STAGING_SYS_MINI_APP_REPLICAS": "2",
deploy	Cleanup Environment Variables File	  "STAGING_SYS_PARTICIPANT_TMA_REPLICAS": "2",
deploy	Cleanup Environment Variables File	  "STAGING_SYS_WEB_SITE_REPLICAS": "1",
deploy	Cleanup Environment Variables File	  "STAGING_TELEGRAM_BOT_PORT": "4002",
deploy	Cleanup Environment Variables File	  "STAGING_TG_EVENTS_TOPIC": "2",
deploy	Cleanup Environment Variables File	  "STAGING_TG_LOGS_GROUP_ID": "-100***64975789",
deploy	Cleanup Environment Variables File	  "STAGING_TG_LOG_BOT_TOKEN": "7604730825:AAE1WJHs5lFI2zX_tba6M-1HYfffA8ugFmA",
deploy	Cleanup Environment Variables File	  "STAGING_TG_NOTIFICATION_CHANELL": "-1002164161685",
deploy	Cleanup Environment Variables File	  "STAGING_TG_SYSTEM_TOPIC": "16",
deploy	Cleanup Environment Variables File	  "STAGING_TG_TICKETS_TOPIC": "4",
deploy	Cleanup Environment Variables File	  "STAGING_TON_CENTER_ENDPOINT": "https://toncenter.com/api/v2/jsonRPC",
deploy	Cleanup Environment Variables File	  "STAGING_TON_SOCIETY_BASE_URL": "https://id.ton.org/v1",
deploy	Cleanup Environment Variables File	  "STAGING_TWITTER_CLIENT_ID": "SU1RUS0xaHNsRk5kd014UlZieDQ6MTpjaQ",
deploy	Cleanup Environment Variables File	  "STAGING_USE_CLOUDFLARE": "true",
deploy	Cleanup Environment Variables File	  "STAGING_USE_MAIN_IP_TO_EXPOSE": "true",
deploy	Cleanup Environment Variables File	  "TELEGRAM_BOT_TOKEN_FOR_DEPLOYMENT": "7604730825:AAHhtwa4bGhELsBn2VqUxIIFXVJkRJfKuDs",
deploy	Cleanup Environment Variables File	  "TELEGRAM_CHAT_ID_FOR_DEPLOYMENT": "***"
deploy	Cleanup Environment Variables File	}
deploy	Cleanup Environment Variables File	2026-02-09T12:11:41.5318848Z   SSH_AUTH_SOCK: /tmp/ssh-IlznzUjWu38A/agent.2102
deploy	Cleanup Environment Variables File	2026-02-09T12:11:41.5319425Z   SSH_AGENT_PID: 2103
deploy	Cleanup Environment Variables File	2026-02-09T12:11:41.5319916Z   SSH_IP: ***
deploy	Cleanup Environment Variables File	2026-02-09T12:11:41.5320369Z   SSH_PORT: ***
deploy	Cleanup Environment Variables File	2026-02-09T12:11:41.5320866Z   COMPOSE_FILE: docker-compose-server-dev.yml
deploy	Cleanup Environment Variables File	2026-02-09T12:11:41.5321814Z ##[endgroup]
deploy	Cleanup Environment Variables File	2026-02-09T12:11:41.5396590Z Cleaning up environment variables script...
deploy	Cleanup Environment Variables File	2026-02-09T12:11:41.5397686Z Environment variables script deleted successfully.
deploy	Send Telegram Message - Deployment Failure	﻿2026-02-09T12:11:41.5446481Z ##[group]Run if [ -z "$TELEGRAM_BOT_TOKEN" ] || [ -z "$TELEGRAM_CHAT_ID" ]; then
deploy	Send Telegram Message - Deployment Failure	2026-02-09T12:11:41.5447340Z [36;1mif [ -z "$TELEGRAM_BOT_TOKEN" ] || [ -z "$TELEGRAM_CHAT_ID" ]; then[0m
deploy	Send Telegram Message - Deployment Failure	2026-02-09T12:11:41.5448073Z [36;1m  echo "Error: Telegram vars are not set or are empty."[0m
deploy	Send Telegram Message - Deployment Failure	2026-02-09T12:11:41.5448851Z [36;1m  exit 1[0m
deploy	Send Telegram Message - Deployment Failure	2026-02-09T12:11:41.5449299Z [36;1mfi[0m
deploy	Send Telegram Message - Deployment Failure	2026-02-09T12:11:41.5449721Z [36;1m[0m
deploy	Send Telegram Message - Deployment Failure	2026-02-09T12:11:41.5450360Z [36;1mcurl -s -X POST "https://api.telegram.org/bot$TELEGRAM_BOT_TOKEN/sendMessage" \[0m
deploy	Send Telegram Message - Deployment Failure	2026-02-09T12:11:41.5451103Z [36;1m  -d chat_id="$TELEGRAM_CHAT_ID" \[0m
deploy	Send Telegram Message - Deployment Failure	2026-02-09T12:11:41.5451652Z [36;1m  -d text="[0m
deploy	Send Telegram Message - Deployment Failure	2026-02-09T12:11:41.5452132Z [36;1m  Hi there! [0m
deploy	Send Telegram Message - Deployment Failure	2026-02-09T12:11:41.5452745Z [36;1m  🔄 Deployment Finished for ExecutESG/***[0m
deploy	Send Telegram Message - Deployment Failure	2026-02-09T12:11:41.5453306Z [36;1m[0m
deploy	Send Telegram Message - Deployment Failure	2026-02-09T12:11:41.5453757Z [36;1m  🧑 ‍💻Actor: bemehrbani[0m
deploy	Send Telegram Message - Deployment Failure	2026-02-09T12:11:41.5454251Z [36;1m[0m
deploy	Send Telegram Message - Deployment Failure	2026-02-09T12:11:41.5454693Z [36;1m  📝 branch: refs/heads/dev[0m
deploy	Send Telegram Message - Deployment Failure	2026-02-09T12:11:41.5455357Z [36;1m[0m
deploy	Send Telegram Message - Deployment Failure	2026-02-09T12:11:41.5455808Z [36;1m  ❌ ❌ deployment failed ❌ ❌ [0m
deploy	Send Telegram Message - Deployment Failure	2026-02-09T12:11:41.5456313Z [36;1m  "[0m
deploy	Send Telegram Message - Deployment Failure	2026-02-09T12:11:41.5488122Z shell: /usr/bin/bash -e {0}
deploy	Send Telegram Message - Deployment Failure	2026-02-09T12:11:41.5488618Z env:
deploy	Send Telegram Message - Deployment Failure	2026-02-09T12:11:41.5519060Z   ALLMYSECRETS: {
deploy	Send Telegram Message - Deployment Failure	  "DEV_MNEMONIC": "***",
deploy	Send Telegram Message - Deployment Failure	  "MAIN_PGADMIN_DEFAULT_PASSWORD": "***",
deploy	Send Telegram Message - Deployment Failure	  "DOCKER_HUB_TOKEN": "***",
deploy	Send Telegram Message - Deployment Failure	  "STAGING_ONTON_API_KEY": "***",
deploy	Send Telegram Message - Deployment Failure	  "STAGING_CLOUDFLARE_API_TOKEN": "***",
deploy	Send Telegram Message - Deployment Failure	  "DEV_TON_CENTER_TOKEN": "***",
deploy	Send Telegram Message - Deployment Failure	  "STAGING_ONTON_API_SECRET": "***",
deploy	Send Telegram Message - Deployment Failure	  "STAGING_GITHUB_CLIENT_SECRET": "***",
deploy	Send Telegram Message - Deployment Failure	  "SSH_MAIN_IP": "***",
deploy	Send Telegram Message - Deployment Failure	  "MAIN_TWITTER_CLIENT_SECRET": "***",
deploy	Send Telegram Message - Deployment Failure	  "STAGING_MINIO_ROOT_PASSWORD": "***",
deploy	Send Telegram Message - Deployment Failure	  "MAIN_GITHUB_CLIENT_SECRET": "***",
deploy	Send Telegram Message - Deployment Failure	  "STAGING_RABBITMQ_DEFAULT_PASS": "***",
deploy	Send Telegram Message - Deployment Failure	  "SSH_DEV_IP": "***",
deploy	Send Telegram Message - Deployment Failure	  "DEV_POSTGRES_PASSWORD": "***",
deploy	Send Telegram Message - Deployment Failure	  "SSH_PASSPHRASE": "***",
deploy	Send Telegram Message - Deployment Failure	  "STAGING_CLIENT_API_FIXED_KEY": "***",
deploy	Send Telegram Message - Deployment Failure	  "MAIN_TON_CENTER_TOKEN": "***",
deploy	Send Telegram Message - Deployment Failure	  "DOCKER_HUB_USERNAME": "***",
deploy	Send Telegram Message - Deployment Failure	  "GIT_API_KEY": "***",
deploy	Send Telegram Message - Deployment Failure	  "MAIN_CLOUDFLARE_EMAIL": "***",
deploy	Send Telegram Message - Deployment Failure	  "MAIN_DATABASE_URL": "***",
deploy	Send Telegram Message - Deployment Failure	  "MAIN_CLOUDFLARE_EMAIL_MAIN": "***",
deploy	Send Telegram Message - Deployment Failure	  "STAGING_PGADMIN_DEFAULT_EMAIL": "***",
deploy	Send Telegram Message - Deployment Failure	  "STAGING_SECRET_EVENT_WALLET_ENC_KEY": "***",
deploy	Send Telegram Message - Deployment Failure	  "STAGING_PGADMIN_DEFAULT_PASSWORD": "***",
deploy	Send Telegram Message - Deployment Failure	  "CR_PAT": "***",
deploy	Send Telegram Message - Deployment Failure	  "MAIN_CLOUDFLARE_API_TOKEN_MAIN": "***",
deploy	Send Telegram Message - Deployment Failure	  "MAIN_POSTGRES_USER": "***",
deploy	Send Telegram Message - Deployment Failure	  "DEV_BOT_TOKEN": "***",
deploy	Send Telegram Message - Deployment Failure	  "STAGING_REDIS_PASSWORD": "***",
deploy	Send Telegram Message - Deployment Failure	  "TELEGRAM_CHAT_ID_FOR_DEPLOYMENT": "***",
deploy	Send Telegram Message - Deployment Failure	  "STAGING_TONAPI_API_KEY": "***",
deploy	Send Telegram Message - Deployment Failure	  "STAGING_CLOUDFLARE_API_TOKEN_MAIN": "***",
deploy	Send Telegram Message - Deployment Failure	  "MAIN_BOT_TOKEN": "***",
deploy	Send Telegram Message - Deployment Failure	  "MAIN_SENTRY_AUTH_TOKEN": "***",
deploy	Send Telegram Message - Deployment Failure	  "github_token": "***",
deploy	Send Telegram Message - Deployment Failure	  "STAGING_DATABASE_URL_NFT_MANAGER": "***",
deploy	Send Telegram Message - Deployment Failure	  "DEV_CLOUDFLARE_API_TOKEN": "***",
deploy	Send Telegram Message - Deployment Failure	  "STAGING_TON_SOCIETY_API_KEY": "***",
deploy	Send Telegram Message - Deployment Failure	  "STAGING_POSTGRES_PASSWORD": "***",
deploy	Send Telegram Message - Deployment Failure	  "MAIN_RABBITMQ_DEFAULT_USER": "***",
deploy	Send Telegram Message - Deployment Failure	  "MAIN_CLOUDFLARE_API_TOKEN": "***",
deploy	Send Telegram Message - Deployment Failure	  "MAIN_CLOUDFLARE_DNS_ZONE_ID": "***",
deploy	Send Telegram Message - Deployment Failure	  "MAIN_REDIS_PASSWORD": "***",
deploy	Send Telegram Message - Deployment Failure	  "STAGING_MINIO_ROOT_USER": "***",
deploy	Send Telegram Message - Deployment Failure	  "MAIN_TON_SOCIETY_API_KEY": "***",
deploy	Send Telegram Message - Deployment Failure	  "STAGING_CLOUDFLARE_DNS_ZONE_ID": "***",
deploy	Send Telegram Message - Deployment Failure	  "DEV_CLIENT_API_JWT_SECRET": "***",
deploy	Send Telegram Message - Deployment Failure	  "STAGING_BOT_TOKEN": "***",
deploy	Send Telegram Message - Deployment Failure	  "MAIN_MB_ENCRYPTION_SECRET_KEY": "***",
deploy	Send Telegram Message - Deployment Failure	  "USE_CLOUDFLARE": "***",
deploy	Send Telegram Message - Deployment Failure	  "MAIN_TONAPI_API_KEY": "***",
deploy	Send Telegram Message - Deployment Failure	  "SSH_PRIVATE_KEY": "***",
deploy	Send Telegram Message - Deployment Failure	  "MAIN_LINKEDIN_CLIENT_SECRET": "***",
deploy	Send Telegram Message - Deployment Failure	  "STAGING_MS_CLIENT_SECRET": "***",
deploy	Send Telegram Message - Deployment Failure	  "SSH_DEV_KEY": "***",
deploy	Send Telegram Message - Deployment Failure	  "STAGING_TWITTER_CLIENT_SECRET": "***",
deploy	Send Telegram Message - Deployment Failure	  "STAGING_CLIENT_API_JWT_SECRET": "***",
deploy	Send Telegram Message - Deployment Failure	  "MAIN_DATABASE_URL_NFT_MANAGER": "***",
deploy	Send Telegram Message - Deployment Failure	  "DEV_ONTON_API_SECRET": "***",
deploy	Send Telegram Message - Deployment Failure	  "MAIN_GOOGLE_CLIENT_SECRET": "***",
deploy	Send Telegram Message - Deployment Failure	  "MAIN_MS_CLIENT_SECRET": "***",
deploy	Send Telegram Message - Deployment Failure	  "STAGING_DATABASE_URL": "***",
deploy	Send Telegram Message - Deployment Failure	  "STAGING_TON_CENTER_TOKEN": "***",
deploy	Send Telegram Message - Deployment Failure	  "DEV_TON_SOCIETY_API_KEY": "***",
deploy	Send Telegram Message - Deployment Failure	  "MAIN_EVENT_WALLET_ENC_KEY": "***",
deploy	Send Telegram Message - Deployment Failure	  "STAGING_POSTGRES_USER": "***",
deploy	Send Telegram Message - Deployment Failure	  "MAIN_PGADMIN_DEFAULT_EMAIL": "***",
deploy	Send Telegram Message - Deployment Failure	  "SSH_MAIN_PORT": "***",
deploy	Send Telegram Message - Deployment Failure	  "MAIN_MNEMONIC": "***",
deploy	Send Telegram Message - Deployment Failure	  "MAIN_POSTGRES_PASSWORD": "***",
deploy	Send Telegram Message - Deployment Failure	  "DEV_TONAPI_API_KEY": "***",
deploy	Send Telegram Message - Deployment Failure	  "STAGING_GOOGLE_CLIENT_SECRET": "***",
deploy	Send Telegram Message - Deployment Failure	  "DEV_MB_ENCRYPTION_SECRET_KEY": "***",
deploy	Send Telegram Message - Deployment Failure	  "STAGING_SENTRY_AUTH_TOKEN": "***",
deploy	Send Telegram Message - Deployment Failure	  "DEV_DATABASE_URL": "***",
deploy	Send Telegram Message - Deployment Failure	  "DEV_MINIO_ROOT_PASSWORD": "***",
deploy	Send Telegram Message - Deployment Failure	  "MAIN_RABBITMQ_DEFAULT_PASS": "***",
deploy	Send Telegram Message - Deployment Failure	  "TELEGRAM_BOT_TOKEN_FOR_DEPLOYMENT": "***",
deploy	Send Telegram Message - Deployment Failure	  "MAIN_ONTON_API_SECRET": "***",
deploy	Send Telegram Message - Deployment Failure	  "MAIN_CLIENT_API_FIXED_KEY": "***",
deploy	Send Telegram Message - Deployment Failure	  "SSH_DEV_PORT": "***",
deploy	Send Telegram Message - Deployment Failure	  "DEV_ONTON_API_KEY": "***",
deploy	Send Telegram Message - Deployment Failure	  "DEV_MINIO_ROOT_USER": "***",
deploy	Send Telegram Message - Deployment Failure	  "STAGING_MNEMONIC": "***",
deploy	Send Telegram Message - Deployment Failure	  "MAIN_MINIO_ROOT_USER": "***",
deploy	Send Telegram Message - Deployment Failure	  "DEV_PGADMIN_DEFAULT_PASSWORD": "***",
deploy	Send Telegram Message - Deployment Failure	  "DEV_CLIENT_API_FIXED_KEY": "***",
deploy	Send Telegram Message - Deployment Failure	  "STAGING_CLOUDFLARE_EMAIL": "***",
deploy	Send Telegram Message - Deployment Failure	  "STAGING_MB_ENCRYPTION_SECRET_KEY": "***",
deploy	Send Telegram Message - Deployment Failure	  "MAIN_MINIO_ROOT_PASSWORD": "***",
deploy	Send Telegram Message - Deployment Failure	  "MAIN_ONTON_API_KEY": "***",
deploy	Send Telegram Message - Deployment Failure	  "STAGING_RABBITMQ_DEFAULT_USER": "***",
deploy	Send Telegram Message - Deployment Failure	  "MAIN_CLIENT_API_JWT_SECRET": "***",
deploy	Send Telegram Message - Deployment Failure	  "STAGING_LINKEDIN_CLIENT_SECRET": "***",
deploy	Send Telegram Message - Deployment Failure	  "DEV_RABBITMQ_DEFAULT_PASS": "***"
deploy	Send Telegram Message - Deployment Failure	}
deploy	Send Telegram Message - Deployment Failure	2026-02-09T12:11:41.5598671Z   ALLMYVARS: {
deploy	Send Telegram Message - Deployment Failure	  "DEV_ACME_AGREE": "true",
deploy	Send Telegram Message - Deployment Failure	  "DEV_BRANCH_NAME": "dev",
deploy	Send Telegram Message - Deployment Failure	  "DEV_CACHE_ENABLED": "true",
deploy	Send Telegram Message - Deployment Failure	  "DEV_CLAMAV_PORT": "***10",
deploy	Send Telegram Message - Deployment Failure	  "DEV_CLIENT_API_FIXED_ORGANIZER": "@Ontonadmin",
deploy	Send Telegram Message - Deployment Failure	  "DEV_CLIENT_API_FIXED_USER": "@Ontonadmin",
deploy	Send Telegram Message - Deployment Failure	  "DEV_CLIENT_WEB_DOMAIN": "dev-client-web.dev.***.live",
deploy	Send Telegram Message - Deployment Failure	  "DEV_COMPOSE_PROJECT_NAME": "develop-***",
deploy	Send Telegram Message - Deployment Failure	  "DEV_ENV": "development",
deploy	Send Telegram Message - Deployment Failure	  "DEV_EVENT_WALLET_ENC_KEY": "Ci5M6/B4Wke4qX6tXViVeW0xM0iH0yh/qvD3Y1xu2v8",
deploy	Send Telegram Message - Deployment Failure	  "DEV_GOLANG_SERVER_PORT": "3013",
deploy	Send Telegram Message - Deployment Failure	  "DEV_IP_CADDY": "caddy",
deploy	Send Telegram Message - Deployment Failure	  "DEV_IP_CLAMAV": "host.docker.internal",
deploy	Send Telegram Message - Deployment Failure	  "DEV_IP_CLIENT_WEB": "client-web",
deploy	Send Telegram Message - Deployment Failure	  "DEV_IP_GIVEAWAY_CHECKER": "giveaway-checker",
deploy	Send Telegram Message - Deployment Failure	  "DEV_IP_GOLANG_SERVER": "golang-server",
deploy	Send Telegram Message - Deployment Failure	  "DEV_IP_GOLANG_WORKER": "golang-worker",
deploy	Send Telegram Message - Deployment Failure	  "DEV_IP_KIBANA": "kibana",
deploy	Send Telegram Message - Deployment Failure	  "DEV_IP_METABASE": "metabase",
deploy	Send Telegram Message - Deployment Failure	  "DEV_IP_MINIO": "minio",
deploy	Send Telegram Message - Deployment Failure	  "DEV_IP_MINI_APP": "mini-app",
deploy	Send Telegram Message - Deployment Failure	  "DEV_IP_MINI_APP_CRON": "mini-app-sbt-worker",
deploy	Send Telegram Message - Deployment Failure	  "DEV_IP_NFT_MANAGER": "nft-manager",
deploy	Send Telegram Message - Deployment Failure	  "DEV_IP_PARTICIPANT_TMA": "participant-tma",
deploy	Send Telegram Message - Deployment Failure	  "DEV_IP_PGADMIN": "pgadmin",
deploy	Send Telegram Message - Deployment Failure	  "DEV_IP_POA_WORKER": "mini-app-poa-worker",
deploy	Send Telegram Message - Deployment Failure	  "DEV_IP_POSTGRES": "postgres",
deploy	Send Telegram Message - Deployment Failure	  "DEV_IP_RABBITMQ": "rabbitmq",
deploy	Send Telegram Message - Deployment Failure	  "DEV_IP_RANGE_BASE": "host.docker.internal",
deploy	Send Telegram Message - Deployment Failure	  "DEV_IP_RANGE_START": "172.10",
deploy	Send Telegram Message - Deployment Failure	  "DEV_IP_RANGE_SUBNET": "24",
deploy	Send Telegram Message - Deployment Failure	  "DEV_IP_REDIS": "redis",
deploy	Send Telegram Message - Deployment Failure	  "DEV_IP_SOCKET": "mini-app-notification-socket",
deploy	Send Telegram Message - Deployment Failure	  "DEV_IP_SWAGGER_UI": "swagger-ui",
deploy	Send Telegram Message - Deployment Failure	  "DEV_IP_TELEGRAM_BOT": "telegram-bot",
deploy	Send Telegram Message - Deployment Failure	  "DEV_IP_WEBSITE": "website",
deploy	Send Telegram Message - Deployment Failure	  "DEV_JWT_SECRET_SOCKET": "D3v@OnTonw3tds112ewq%KD___%1006-7-8-9-0OkMjKlll%909R9OOsf",
deploy	Send Telegram Message - Deployment Failure	  "DEV_KIBANA_HASHED_PASSWORD": "$2a$14$6P83mnKs9BxP2qZDaMU.2OzBHY3SG0nnaVXJ8nKluEWEWD5RMmN/W",
deploy	Send Telegram Message - Deployment Failure	  "DEV_KIBANA_PORT": "3023",
deploy	Send Telegram Message - Deployment Failure	  "DEV_KIBANA_USERNAME": "monitor",
deploy	Send Telegram Message - Deployment Failure	  "DEV_LOCAL_DOMAIN": "dev-app.dev.***.live",
deploy	Send Telegram Message - Deployment Failure	  "DEV_MB_REDIRECT_ALL_REQUESTS_TO_HTTPS": "true",
deploy	Send Telegram Message - Deployment Failure	  "DEV_METABASE_DOMAIN": "dev-metabase.dev.***.live",
deploy	Send Telegram Message - Deployment Failure	  "DEV_MINIO_COLLECTION_BUCKET": "***collection",
deploy	Send Telegram Message - Deployment Failure	  "DEV_MINIO_DASHBOARD_PORT": "3014",
deploy	Send Telegram Message - Deployment Failure	  "DEV_MINIO_DOC_BUCKET": "***doc",
deploy	Send Telegram Message - Deployment Failure	  "DEV_MINIO_DOC_DEFAULT_BUCKET": "***",
deploy	Send Telegram Message - Deployment Failure	  "DEV_MINIO_ENDPOINT": "minio",
deploy	Send Telegram Message - Deployment Failure	  "DEV_MINIO_IMAGE_BUCKET": "***image",
deploy	Send Telegram Message - Deployment Failure	  "DEV_MINIO_ITEM_BUCKET": "***item",
deploy	Send Telegram Message - Deployment Failure	  "DEV_MINIO_PORT": "3012",
deploy	Send Telegram Message - Deployment Failure	  "DEV_MINIO_PUBLIC_URL": "https://dev-storage.dev.***.live",
deploy	Send Telegram Message - Deployment Failure	  "DEV_MINIO_REGION_NAME": "default",
deploy	Send Telegram Message - Deployment Failure	  "DEV_MINIO_SBT_COLLECTIONS_BUCKET": "sbt-collections",
deploy	Send Telegram Message - Deployment Failure	  "DEV_MINIO_STORAGE_ADMIN_DOMAIN": "dev-storage-admin.dev.***.live",
deploy	Send Telegram Message - Deployment Failure	  "DEV_MINIO_STORAGE_DOMAIN": "dev-storage.dev.***.live",
deploy	Send Telegram Message - Deployment Failure	  "DEV_MINIO_VIDEO_BUCKET": "***video",
deploy	Send Telegram Message - Deployment Failure	  "DEV_MINI_APP_DOMAIN": "dev-app.dev.***.live",
deploy	Send Telegram Message - Deployment Failure	  "DEV_MINI_APP_PORT": "3000",
deploy	Send Telegram Message - Deployment Failure	  "DEV_MINI_APP_SOCKET_DOMAIN": "dev-socket.dev.***.live",
deploy	Send Telegram Message - Deployment Failure	  "DEV_MONITORING_DOMAIN": "dev-monitoring.dev.***.live",
deploy	Send Telegram Message - Deployment Failure	  "DEV_NETWORK_NAME": "***-dev",
deploy	Send Telegram Message - Deployment Failure	  "DEV_NETWORK_PUBLIC_IP": "***",
deploy	Send Telegram Message - Deployment Failure	  "DEV_NEXT_PUBLIC_API_BASE_URL": "https://dev-app.dev.***.live/api/v1",
deploy	Send Telegram Message - Deployment Failure	  "DEV_NEXT_PUBLIC_APP_BASE_URL": "https://dev-app.dev.***.live",
deploy	Send Telegram Message - Deployment Failure	  "DEV_NEXT_PUBLIC_BACKEND_URL_CLIENT": "https://dev-app.dev.***.live/api/client/v1/",
deploy	Send Telegram Message - Deployment Failure	  "DEV_NEXT_PUBLIC_BOT_USERNAME": "dev_ont0n_bot",
deploy	Send Telegram Message - Deployment Failure	  "DEV_NEXT_PUBLIC_ENV": "development",
deploy	Send Telegram Message - Deployment Failure	  "DEV_NEXT_PUBLIC_GTM": "GTM-dev",
deploy	Send Telegram Message - Deployment Failure	  "DEV_NEXT_PUBLIC_SOCKET_URL": "dev-socket.dev.***.live",
deploy	Send Telegram Message - Deployment Failure	  "DEV_NFT_INTERVAL_TIME": "60000",
deploy	Send Telegram Message - Deployment Failure	  "DEV_NFT_MANAGER_PORT": "3004",
deploy	Send Telegram Message - Deployment Failure	  "DEV_NODE_ENV": "production",
deploy	Send Telegram Message - Deployment Failure	  "DEV_NODE_TLS_REJECT_UNAUTHORIZED": "0",
deploy	Send Telegram Message - Deployment Failure	  "DEV_ONTON_DOMAIN": "dev.***.live",
deploy	Send Telegram Message - Deployment Failure	  "DEV_PARTICIPANT_TMA_PORT": "3001",
deploy	Send Telegram Message - Deployment Failure	  "DEV_PGADMIN_DOMAIN": "dev-pgadmin.dev.***.live",
deploy	Send Telegram Message - Deployment Failure	  "DEV_PORT_CLIENT_WEB": "3007",
deploy	Send Telegram Message - Deployment Failure	  "DEV_PORT_METABASE": "3009",
deploy	Send Telegram Message - Deployment Failure	  "DEV_PORT_PGADMIN": "3006",
deploy	Send Telegram Message - Deployment Failure	  "DEV_PORT_WEB_SITE": "3005",
deploy	Send Telegram Message - Deployment Failure	  "DEV_POSTGRES_METABASE_DB": "dev-mini-app",
deploy	Send Telegram Message - Deployment Failure	  "DEV_POSTGRES_MINI_APP_DB": "dev-mini-app",
deploy	Send Telegram Message - Deployment Failure	  "DEV_POSTGRES_NFT_MANAGER_DB": "dev-nft-manager",
deploy	Send Telegram Message - Deployment Failure	  "DEV_POSTGRES_PORT": "3008",
deploy	Send Telegram Message - Deployment Failure	  "DEV_PTMA_API_BASE_URL": "https://dev-app.dev.***.live/api/v1",
deploy	Send Telegram Message - Deployment Failure	  "DEV_RABBITMQ_DOMAIN": "dev-rabbitmq.dev.***.live",
deploy	Send Telegram Message - Deployment Failure	  "DEV_RABBITMQ_MANAGEMENT_PORT": "3015",
deploy	Send Telegram Message - Deployment Failure	  "DEV_RABBITMQ_NODE_PORT": "3016",
deploy	Send Telegram Message - Deployment Failure	  "DEV_REDIS_DATABASES": "1",
deploy	Send Telegram Message - Deployment Failure	  "DEV_REDIS_PORT": "3011",
deploy	Send Telegram Message - Deployment Failure	  "DEV_REGISTRY_URL": "ghcr.io",
deploy	Send Telegram Message - Deployment Failure	  "DEV_SOCKET_PORT": "30***",
deploy	Send Telegram Message - Deployment Failure	  "DEV_STAGE_NAME": "dev-***",
deploy	Send Telegram Message - Deployment Failure	  "DEV_SWAGGER_UI_DOMAIN": "dev-swagger-ui.dev.***.live",
deploy	Send Telegram Message - Deployment Failure	  "DEV_SWAGGER_UI_PORT": "3024",
deploy	Send Telegram Message - Deployment Failure	  "DEV_SYS_CADDY_REPLICAS": "1",
deploy	Send Telegram Message - Deployment Failure	  "DEV_SYS_MINI_APP_REPLICAS": "1",
deploy	Send Telegram Message - Deployment Failure	  "DEV_SYS_PARTICIPANT_TMA_REPLICAS": "1",
deploy	Send Telegram Message - Deployment Failure	  "DEV_SYS_WEB_SITE_REPLICAS": "1",
deploy	Send Telegram Message - Deployment Failure	  "DEV_TELEGRAM_BOT_PORT": "3002",
deploy	Send Telegram Message - Deployment Failure	  "DEV_TG_EVENTS_TOPIC": "2",
deploy	Send Telegram Message - Deployment Failure	  "DEV_TG_LOGS_GROUP_ID": "-1002308507308",
deploy	Send Telegram Message - Deployment Failure	  "DEV_TG_LOG_BOT_TOKEN": "7604730825:AAE1WJHs5lFI2zX_tba6M-1HYfffA8ugFmA",
deploy	Send Telegram Message - Deployment Failure	  "DEV_TG_NOTIFICATION_CHANELL": "-1002164161685",
deploy	Send Telegram Message - Deployment Failure	  "DEV_TG_SYSTEM_TOPIC": "16",
deploy	Send Telegram Message - Deployment Failure	  "DEV_TG_TICKETS_TOPIC": "4",
deploy	Send Telegram Message - Deployment Failure	  "DEV_TON_CENTER_ENDPOINT": "https://toncenter.com/api/v2/jsonRPC",
deploy	Send Telegram Message - Deployment Failure	  "DEV_TON_SOCIETY_BASE_URL": "https://id.ton.org/v1",
deploy	Send Telegram Message - Deployment Failure	  "DEV_USE_CLOUDFLARE": "true",
deploy	Send Telegram Message - Deployment Failure	  "DEV_USE_MAIN_IP_TO_EXPOSE": "true",
deploy	Send Telegram Message - Deployment Failure	  "MAIN_ACME_AGREE": "true",
deploy	Send Telegram Message - Deployment Failure	  "MAIN_BRANCH_NAME": "main",
deploy	Send Telegram Message - Deployment Failure	  "MAIN_CACHE_ENABLED": "true",
deploy	Send Telegram Message - Deployment Failure	  "MAIN_CLAMAV_PORT": "***10",
deploy	Send Telegram Message - Deployment Failure	  "MAIN_CLIENT_API_FIXED_ORGANIZER": "@Ontonadmin",
deploy	Send Telegram Message - Deployment Failure	  "MAIN_CLIENT_API_FIXED_USER": "@Ontonadmin",
deploy	Send Telegram Message - Deployment Failure	  "MAIN_CLIENT_WEB_DOMAIN": "client-web.***.live",
deploy	Send Telegram Message - Deployment Failure	  "MAIN_COMPOSE_PROJECT_NAME": "production-***",
deploy	Send Telegram Message - Deployment Failure	  "MAIN_ENV": "production",
deploy	Send Telegram Message - Deployment Failure	  "MAIN_GITHUB_CLIENT_ID": "Ov23liQFN1rMeZicYHnL",
deploy	Send Telegram Message - Deployment Failure	  "MAIN_GITHUB_REPO": "***bot",
deploy	Send Telegram Message - Deployment Failure	  "MAIN_GOLANG_SERVER_PORT": "8013",
deploy	Send Telegram Message - Deployment Failure	  "MAIN_GOOGLE_CLIENT_ID": "174044865725-8urfv981fca74aj3bq2kqik7fbe2rggg.apps.googleusercontent.com",
deploy	Send Telegram Message - Deployment Failure	  "MAIN_IP_CADDY": "caddy",
deploy	Send Telegram Message - Deployment Failure	  "MAIN_IP_CLAMAV": "host.docker.internal",
deploy	Send Telegram Message - Deployment Failure	  "MAIN_IP_CLIENT_WEB": "client-web",
deploy	Send Telegram Message - Deployment Failure	  "MAIN_IP_GIVEAWAY_CHECKER": "giveaway-checker",
deploy	Send Telegram Message - Deployment Failure	  "MAIN_IP_GOLANG_SERVER": "golang-server",
deploy	Send Telegram Message - Deployment Failure	  "MAIN_IP_GOLANG_WORKER": "golang-worker",
deploy	Send Telegram Message - Deployment Failure	  "MAIN_IP_KIBANA": "kibana",
deploy	Send Telegram Message - Deployment Failure	  "MAIN_IP_METABASE": "metabase",
deploy	Send Telegram Message - Deployment Failure	  "MAIN_IP_MINIO": "minio",
deploy	Send Telegram Message - Deployment Failure	  "MAIN_IP_MINI_APP": "mini-app",
deploy	Send Telegram Message - Deployment Failure	  "MAIN_IP_MINI_APP_CRON": "mini-app-sbt-worker",
deploy	Send Telegram Message - Deployment Failure	  "MAIN_IP_NFT_MANAGER": "nft-manager",
deploy	Send Telegram Message - Deployment Failure	  "MAIN_IP_PARTICIPANT_TMA": "participant-tma",
deploy	Send Telegram Message - Deployment Failure	  "MAIN_IP_PGADMIN": "pgadmin",
deploy	Send Telegram Message - Deployment Failure	  "MAIN_IP_POA_WORKER": "mini-app-poa-worker",
deploy	Send Telegram Message - Deployment Failure	  "MAIN_IP_POSTGRES": "postgres",
deploy	Send Telegram Message - Deployment Failure	  "MAIN_IP_RABBITMQ": "rabbitmq",
deploy	Send Telegram Message - Deployment Failure	  "MAIN_IP_RANGE_BASE": "host.docker.internal",
deploy	Send Telegram Message - Deployment Failure	  "MAIN_IP_REDIS": "redis",
deploy	Send Telegram Message - Deployment Failure	  "MAIN_IP_SOCKET": "mini-app-notification-socket",
deploy	Send Telegram Message - Deployment Failure	  "MAIN_IP_SWAGGER_UI": "swagger-ui",
deploy	Send Telegram Message - Deployment Failure	  "MAIN_IP_TELEGRAM_BOT": "telegram-bot",
deploy	Send Telegram Message - Deployment Failure	  "MAIN_IP_WEBSITE": "website",
deploy	Send Telegram Message - Deployment Failure	  "MAIN_JWT_SECRET_SOCKET": "JFDmdjeu__@HF_KKSEEWR_ERW*ER_FGDFG_ET%DG%34534aasd_Rhuefli!hfsdlnf",
deploy	Send Telegram Message - Deployment Failure	  "MAIN_KIBANA_HASHED_PASSWORD": "$2a$14$6P83mnKs9BxP2qZDaMU.2OzBHY3SG0nnaVXJ8nKluEWEWD5RMmN/W",
deploy	Send Telegram Message - Deployment Failure	  "MAIN_KIBANA_PORT": "8023",
deploy	Send Telegram Message - Deployment Failure	  "MAIN_KIBANA_USERNAME": "monitor",
deploy	Send Telegram Message - Deployment Failure	  "MAIN_LINKEDIN_CLIENT_ID": "77osbnm9chxr4c",
deploy	Send Telegram Message - Deployment Failure	  "MAIN_LOCAL_DOMAIN": "***.live",
deploy	Send Telegram Message - Deployment Failure	  "MAIN_MB_REDIRECT_ALL_REQUESTS_TO_HTTPS": "true",
deploy	Send Telegram Message - Deployment Failure	  "MAIN_METABASE_DOMAIN": "metabase.***.live",
deploy	Send Telegram Message - Deployment Failure	  "MAIN_MINIO_COLLECTION_BUCKET": "***collection",
deploy	Send Telegram Message - Deployment Failure	  "MAIN_MINIO_DASHBOARD_PORT": "8014",
deploy	Send Telegram Message - Deployment Failure	  "MAIN_MINIO_DOC_BUCKET": "***doc",
deploy	Send Telegram Message - Deployment Failure	  "MAIN_MINIO_DOC_DEFAULT_BUCKET": "***",
deploy	Send Telegram Message - Deployment Failure	  "MAIN_MINIO_ENDPOINT": "minio",
deploy	Send Telegram Message - Deployment Failure	  "MAIN_MINIO_IMAGE_BUCKET": "***image",
deploy	Send Telegram Message - Deployment Failure	  "MAIN_MINIO_ITEM_BUCKET": "***item",
deploy	Send Telegram Message - Deployment Failure	  "MAIN_MINIO_PORT": "8012",
deploy	Send Telegram Message - Deployment Failure	  "MAIN_MINIO_PUBLIC_URL": "https://storage.***.live",
deploy	Send Telegram Message - Deployment Failure	  "MAIN_MINIO_REGION_NAME": "default",
deploy	Send Telegram Message - Deployment Failure	  "MAIN_MINIO_SBT_COLLECTIONS_BUCKET": "sbt-collections",
deploy	Send Telegram Message - Deployment Failure	  "MAIN_MINIO_STORAGE_ADMIN_DOMAIN": "storage-admin.***.live",
deploy	Send Telegram Message - Deployment Failure	  "MAIN_MINIO_STORAGE_DOMAIN": "storage.***.live",
deploy	Send Telegram Message - Deployment Failure	  "MAIN_MINIO_VIDEO_BUCKET": "***video",
deploy	Send Telegram Message - Deployment Failure	  "MAIN_MINI_APP_DOMAIN": "app.***.live",
deploy	Send Telegram Message - Deployment Failure	  "MAIN_MINI_APP_PORT": "8000",
deploy	Send Telegram Message - Deployment Failure	  "MAIN_MINI_APP_SOCKET_DOMAIN": "socket.***.live",
deploy	Send Telegram Message - Deployment Failure	  "MAIN_MONITORING_DOMAIN": "monitoring.***.live",
deploy	Send Telegram Message - Deployment Failure	  "MAIN_MS_CLIENT_ID": "916e0c9f-17bc-45c2-9cbc-025c48a0d449",
deploy	Send Telegram Message - Deployment Failure	  "MAIN_NETWORK_NAME": "***-production",
deploy	Send Telegram Message - Deployment Failure	  "MAIN_NETWORK_PUBLIC_IP": "***",
deploy	Send Telegram Message - Deployment Failure	  "MAIN_NEXT_PUBLIC_API_BASE_URL": "https://app.***.live/api/v1",
deploy	Send Telegram Message - Deployment Failure	  "MAIN_NEXT_PUBLIC_APP_BASE_URL": "https://app.***.live",
deploy	Send Telegram Message - Deployment Failure	  "MAIN_NEXT_PUBLIC_BACKEND_URL_CLIENT": "https://app.***.live/api/client/v1/",
deploy	Send Telegram Message - Deployment Failure	  "MAIN_NEXT_PUBLIC_BOT_USERNAME": "the***bot",
deploy	Send Telegram Message - Deployment Failure	  "MAIN_NEXT_PUBLIC_ENV": "production",
deploy	Send Telegram Message - Deployment Failure	  "MAIN_NEXT_PUBLIC_GTM": "GTM-TSCPWNCM",
deploy	Send Telegram Message - Deployment Failure	  "MAIN_NEXT_PUBLIC_SOCKET_URL": "socket.***.live",
deploy	Send Telegram Message - Deployment Failure	  "MAIN_NFT_INTERVAL_TIME": "60000",
deploy	Send Telegram Message - Deployment Failure	  "MAIN_NFT_MANAGER_PORT": "8004",
deploy	Send Telegram Message - Deployment Failure	  "MAIN_NODE_ENV": "production",
deploy	Send Telegram Message - Deployment Failure	  "MAIN_NODE_TLS_REJECT_UNAUTHORIZED": "1",
deploy	Send Telegram Message - Deployment Failure	  "MAIN_ONTON_DOMAIN": "***.live",
deploy	Send Telegram Message - Deployment Failure	  "MAIN_PARTICIPANT_TMA_PORT": "8001",
deploy	Send Telegram Message - Deployment Failure	  "MAIN_PGADMIN_DOMAIN": "pgadmin.***.live",
deploy	Send Telegram Message - Deployment Failure	  "MAIN_PORT_CLIENT_WEB": "8007",
deploy	Send Telegram Message - Deployment Failure	  "MAIN_PORT_METABASE": "8009",
deploy	Send Telegram Message - Deployment Failure	  "MAIN_PORT_PGADMIN": "8006",
deploy	Send Telegram Message - Deployment Failure	  "MAIN_PORT_WEB_SITE": "8005",
deploy	Send Telegram Message - Deployment Failure	  "MAIN_POSTGRES_METABASE_DB": "production-mini-app",
deploy	Send Telegram Message - Deployment Failure	  "MAIN_POSTGRES_MINI_APP_DB": "production-mini-app",
deploy	Send Telegram Message - Deployment Failure	  "MAIN_POSTGRES_NFT_MANAGER_DB": "production-nft-manager",
deploy	Send Telegram Message - Deployment Failure	  "MAIN_POSTGRES_PORT": "8008",
deploy	Send Telegram Message - Deployment Failure	  "MAIN_PTMA_API_BASE_URL": "https://app.***.live/api/v1",
deploy	Send Telegram Message - Deployment Failure	  "MAIN_RABBITMQ_DOMAIN": "rabbitmq.***.live",
deploy	Send Telegram Message - Deployment Failure	  "MAIN_RABBITMQ_MANAGEMENT_PORT": "8015",
deploy	Send Telegram Message - Deployment Failure	  "MAIN_RABBITMQ_NODE_PORT": "8016",
deploy	Send Telegram Message - Deployment Failure	  "MAIN_REDIS_DATABASES": "1",
deploy	Send Telegram Message - Deployment Failure	  "MAIN_REDIS_PORT": "8011",
deploy	Send Telegram Message - Deployment Failure	  "MAIN_REGISTRY_URL": "registry.toncloud.observer",
deploy	Send Telegram Message - Deployment Failure	  "MAIN_SOCKET_PORT": "80***",
deploy	Send Telegram Message - Deployment Failure	  "MAIN_STAGE_NAME": "main-***",
deploy	Send Telegram Message - Deployment Failure	  "MAIN_SWAGGER_UI_DOMAIN": "swagger-ui.***.live",
deploy	Send Telegram Message - Deployment Failure	  "MAIN_SWAGGER_UI_PORT": "8024",
deploy	Send Telegram Message - Deployment Failure	  "MAIN_SYS_CADDY_REPLICAS": "1",
deploy	Send Telegram Message - Deployment Failure	  "MAIN_SYS_MINI_APP_REPLICAS": "12",
deploy	Send Telegram Message - Deployment Failure	  "MAIN_SYS_PARTICIPANT_TMA_REPLICAS": "6",
deploy	Send Telegram Message - Deployment Failure	  "MAIN_SYS_WEB_SITE_REPLICAS": "3",
deploy	Send Telegram Message - Deployment Failure	  "MAIN_TELEGRAM_BOT_PORT": "8002",
deploy	Send Telegram Message - Deployment Failure	  "MAIN_TG_EVENTS_TOPIC": "2",
deploy	Send Telegram Message - Deployment Failure	  "MAIN_TG_LOGS_GROUP_ID": "-1002300666538",
deploy	Send Telegram Message - Deployment Failure	  "MAIN_TG_LOG_BOT_TOKEN": "7604730825:AAE1WJHs5lFI2zX_tba6M-1HYfffA8ugFmA",
deploy	Send Telegram Message - Deployment Failure	  "MAIN_TG_NOTIFICATION_CHANELL": "-100***32083***",
deploy	Send Telegram Message - Deployment Failure	  "MAIN_TG_SYSTEM_TOPIC": "16",
deploy	Send Telegram Message - Deployment Failure	  "MAIN_TG_TICKETS_TOPIC": "4",
deploy	Send Telegram Message - Deployment Failure	  "MAIN_TON_CENTER_ENDPOINT": "https://toncenter.com/api/v2/jsonRPC",
deploy	Send Telegram Message - Deployment Failure	  "MAIN_TON_SOCIETY_BASE_URL": "https://id.ton.org/v1",
deploy	Send Telegram Message - Deployment Failure	  "MAIN_TWITTER_CLIENT_ID": "SU1RUS0xaHNsRk5kd014UlZieDQ6MTpjaQ",
deploy	Send Telegram Message - Deployment Failure	  "MAIN_USE_CLOUDFLARE": "true",
deploy	Send Telegram Message - Deployment Failure	  "MAIN_USE_MAIN_IP_TO_EXPOSE": "true",
deploy	Send Telegram Message - Deployment Failure	  "NEXT_PUBLIC_BOT_USERNAME": "notnonstagebot",
deploy	Send Telegram Message - Deployment Failure	  "SANDBOX_ACME_AGREE": "true",
deploy	Send Telegram Message - Deployment Failure	  "SANDBOX_BRANCH_NAME": "sandbox",
deploy	Send Telegram Message - Deployment Failure	  "SANDBOX_CACHE_ENABLED": "true",
deploy	Send Telegram Message - Deployment Failure	  "SANDBOX_CLAMAV_PORT": "***10",
deploy	Send Telegram Message - Deployment Failure	  "SANDBOX_CLIENT_API_FIXED_ORGANIZER": "@Ontonadmin",
deploy	Send Telegram Message - Deployment Failure	  "SANDBOX_CLIENT_API_FIXED_USER": "@Ontonadmin",
deploy	Send Telegram Message - Deployment Failure	  "SANDBOX_CLIENT_WEB_DOMAIN": "sandbox-client-web.toncloud.observer",
deploy	Send Telegram Message - Deployment Failure	  "SANDBOX_COMPOSE_PROJECT_NAME": "sanbox-***",
deploy	Send Telegram Message - Deployment Failure	  "SANDBOX_IP_CADDY": "caddy",
deploy	Send Telegram Message - Deployment Failure	  "SANDBOX_IP_CLAMAV": "host.docker.internal",
deploy	Send Telegram Message - Deployment Failure	  "SANDBOX_IP_KIBANA": "kibana",
deploy	Send Telegram Message - Deployment Failure	  "SANDBOX_IP_METABASE": "metabase",
deploy	Send Telegram Message - Deployment Failure	  "SANDBOX_IP_PGADMIN": "pgadmin",
deploy	Send Telegram Message - Deployment Failure	  "SANDBOX_IP_POA_WORKER": "mini-app-poa-worker",
deploy	Send Telegram Message - Deployment Failure	  "SANDBOX_IP_POSTGRES": "postgres",
deploy	Send Telegram Message - Deployment Failure	  "SANDBOX_IP_SOCKET": "mini-app-notification-socket",
deploy	Send Telegram Message - Deployment Failure	  "SANDBOX_IP_TELEGRAM_BOT": "telegram-bot",
deploy	Send Telegram Message - Deployment Failure	  "SANDBOX_IP_WEBSITE": "website",
deploy	Send Telegram Message - Deployment Failure	  "SANDBOX_JWT_SECRET_SOCKET": "D3v@OnTonw3tds112ewq%KD___%1006-7-8-9-0OkMjKlll%909R9OOsf",
deploy	Send Telegram Message - Deployment Failure	  "SANDBOX_KIBANA_HASHED_PASSWORD": "$2a$14$6P83mnKs9BxP2qZDaMU.2OzBHY3SG0nnaVXJ8nKluEWEWD5RMmN/W",
deploy	Send Telegram Message - Deployment Failure	  "SANDBOX_KIBANA_PORT": "6023",
deploy	Send Telegram Message - Deployment Failure	  "SANDBOX_KIBANA_USERNAME": "monitor",
deploy	Send Telegram Message - Deployment Failure	  "SANDBOX_LOCAL_DOMAIN": "sandbox-app.toncloud.observer",
deploy	Send Telegram Message - Deployment Failure	  "SANDBOX_MB_REDIRECT_ALL_REQUESTS_TO_HTTPS": "true",
deploy	Send Telegram Message - Deployment Failure	  "SANDBOX_METABASE_DOMAIN": "sandbox-metabase.toncloud.observer",
deploy	Send Telegram Message - Deployment Failure	  "SANDBOX_MINIO_COLLECTION_BUCKET": "***collection",
deploy	Send Telegram Message - Deployment Failure	  "SANDBOX_MINIO_DASHBOARD_PORT": "6014",
deploy	Send Telegram Message - Deployment Failure	  "SANDBOX_MINIO_DOC_BUCKET": "***doc",
deploy	Send Telegram Message - Deployment Failure	  "SANDBOX_MINIO_DOC_DEFAULT_BUCKET": "***",
deploy	Send Telegram Message - Deployment Failure	  "SANDBOX_MINIO_ENDPOINT": "minio",
deploy	Send Telegram Message - Deployment Failure	  "SANDBOX_MINIO_IMAGE_BUCKET": "***image",
deploy	Send Telegram Message - Deployment Failure	  "SANDBOX_MINIO_ITEM_BUCKET": "***item",
deploy	Send Telegram Message - Deployment Failure	  "SANDBOX_MINIO_PORT": "6012",
deploy	Send Telegram Message - Deployment Failure	  "SANDBOX_MINIO_PUBLIC_URL": "https://sandbox-storage.toncloud.observer",
deploy	Send Telegram Message - Deployment Failure	  "SANDBOX_MINIO_REGION_NAME": "default",
deploy	Send Telegram Message - Deployment Failure	  "SANDBOX_MINIO_SBT_COLLECTIONS_BUCKET": "sbt-collections",
deploy	Send Telegram Message - Deployment Failure	  "SANDBOX_MINIO_STORAGE_ADMIN_DOMAIN": "sandbox-storage-admin.toncloud.observer",
deploy	Send Telegram Message - Deployment Failure	  "SANDBOX_MINIO_STORAGE_DOMAIN": "sandbox-storage.toncloud.observer",
deploy	Send Telegram Message - Deployment Failure	  "SANDBOX_MINIO_VIDEO_BUCKET": "***video",
deploy	Send Telegram Message - Deployment Failure	  "SANDBOX_MINI_APP_DOMAIN": "sandbox-app.toncloud.observer",
deploy	Send Telegram Message - Deployment Failure	  "SANDBOX_MINI_APP_PORT": "6000",
deploy	Send Telegram Message - Deployment Failure	  "SANDBOX_MINI_APP_SOCKET_DOMAIN": "sandbox-socket.toncloud.observer",
deploy	Send Telegram Message - Deployment Failure	  "SANDBOX_MONITORING_DOMAIN": "sandbox-monitoring.toncloud.observer",
deploy	Send Telegram Message - Deployment Failure	  "SANDBOX_NETWORK_NAME": "***-sandbox",
deploy	Send Telegram Message - Deployment Failure	  "SANDBOX_NETWORK_PUBLIC_IP": "***",
deploy	Send Telegram Message - Deployment Failure	  "SANDBOX_NEXT_PUBLIC_API_BASE_URL": "https://sandbox-app.toncloud.observer/api/v1",
deploy	Send Telegram Message - Deployment Failure	  "SANDBOX_NEXT_PUBLIC_APP_BASE_URL": "https://sandbox-app.toncloud.observer",
deploy	Send Telegram Message - Deployment Failure	  "SANDBOX_NEXT_PUBLIC_BACKEND_URL_CLIENT": "https://sandbox-app.toncloud.observer/api/client/v1/",
deploy	Send Telegram Message - Deployment Failure	  "SANDBOX_NEXT_PUBLIC_BOT_USERNAME": "sandbox_ont0n_bot",
deploy	Send Telegram Message - Deployment Failure	  "SANDBOX_NEXT_PUBLIC_GTM": "GTM-sandbox",
deploy	Send Telegram Message - Deployment Failure	  "SANDBOX_NEXT_PUBLIC_SOCKET_URL": "sandbox-socket.toncloud.observer",
deploy	Send Telegram Message - Deployment Failure	  "SANDBOX_NFT_INTERVAL_TIME": "60000",
deploy	Send Telegram Message - Deployment Failure	  "SANDBOX_NFT_MANAGER_PORT": "6004",
deploy	Send Telegram Message - Deployment Failure	  "SANDBOX_NODE_ENV": "production",
deploy	Send Telegram Message - Deployment Failure	  "SANDBOX_NODE_TLS_REJECT_UNAUTHORIZED": "0",
deploy	Send Telegram Message - Deployment Failure	  "SANDBOX_ONTON_DOMAIN": "sandbox.toncloud.observer",
deploy	Send Telegram Message - Deployment Failure	  "SANDBOX_PARTICIPANT_TMA_PORT": "6001",
deploy	Send Telegram Message - Deployment Failure	  "SANDBOX_PGADMIN_DOMAIN": "sandbox-pgadmin.toncloud.observer",
deploy	Send Telegram Message - Deployment Failure	  "SANDBOX_PORT_CLIENT_WEB": "6007",
deploy	Send Telegram Message - Deployment Failure	  "SANDBOX_PORT_METABASE": "6009",
deploy	Send Telegram Message - Deployment Failure	  "SANDBOX_PORT_PGADMIN": "6006",
deploy	Send Telegram Message - Deployment Failure	  "SANDBOX_PORT_WEB_SITE": "6005",
deploy	Send Telegram Message - Deployment Failure	  "SANDBOX_POSTGRES_METABASE_DB": "sandbox-mini-app",
deploy	Send Telegram Message - Deployment Failure	  "SANDBOX_POSTGRES_MINI_APP_DB": "sandbox-mini-app",
deploy	Send Telegram Message - Deployment Failure	  "SANDBOX_POSTGRES_NFT_MANAGER_DB": "sandbox-nft-manager",
deploy	Send Telegram Message - Deployment Failure	  "SANDBOX_POSTGRES_PORT": "6008",
deploy	Send Telegram Message - Deployment Failure	  "SANDBOX_PTMA_API_BASE_URL": "https://sandbox-app.toncloud.observer/api/v1",
deploy	Send Telegram Message - Deployment Failure	  "SANDBOX_RABBITMQ_DOMAIN": "sandbox-rabbitmq.toncloud.observer",
deploy	Send Telegram Message - Deployment Failure	  "SANDBOX_RABBITMQ_MANAGEMENT_PORT": "6015",
deploy	Send Telegram Message - Deployment Failure	  "SANDBOX_RABBITMQ_NODE_PORT": "6016",
deploy	Send Telegram Message - Deployment Failure	  "SANDBOX_REDIS_DATABASES": "1",
deploy	Send Telegram Message - Deployment Failure	  "SANDBOX_REDIS_PORT": "6011",
deploy	Send Telegram Message - Deployment Failure	  "SANDBOX_REGISTRY_URL": "registry.toncloud.observer",
deploy	Send Telegram Message - Deployment Failure	  "SANDBOX_SOCKET_PORT": "60***",
deploy	Send Telegram Message - Deployment Failure	  "SANDBOX_STAGE_NAME": "sandbox-***",
deploy	Send Telegram Message - Deployment Failure	  "SANDBOX_SYS_CADDY_REPLICAS": "1",
deploy	Send Telegram Message - Deployment Failure	  "SANDBOX_SYS_MINI_APP_REPLICAS": "2",
deploy	Send Telegram Message - Deployment Failure	  "SANDBOX_SYS_PARTICIPANT_TMA_REPLICAS": "2",
deploy	Send Telegram Message - Deployment Failure	  "SANDBOX_SYS_WEB_SITE_REPLICAS": "1",
deploy	Send Telegram Message - Deployment Failure	  "SANDBOX_TELEGRAM_BOT_PORT": "6002",
deploy	Send Telegram Message - Deployment Failure	  "SANDBOX_TG_NOTIFICATION_CHANELL": "-1002164161685",
deploy	Send Telegram Message - Deployment Failure	  "SANDBOX_TON_CENTER_ENDPOINT": "https://toncenter.com/api/v2/jsonRPC",
deploy	Send Telegram Message - Deployment Failure	  "SANDBOX_TON_SOCIETY_BASE_URL": "https://society.ton.org/v1",
deploy	Send Telegram Message - Deployment Failure	  "SANDBOX_USE_CLOUDFLARE": "true",
deploy	Send Telegram Message - Deployment Failure	  "SANDBOX_USE_MAIN_IP_TO_EXPOSE": "true",
deploy	Send Telegram Message - Deployment Failure	  "STAGING_ACME_AGREE": "true",
deploy	Send Telegram Message - Deployment Failure	  "STAGING_BRANCH_NAME": "staging",
deploy	Send Telegram Message - Deployment Failure	  "STAGING_CACHE_ENABLED": "true",
deploy	Send Telegram Message - Deployment Failure	  "STAGING_CLAMAV_PORT": "***10",
deploy	Send Telegram Message - Deployment Failure	  "STAGING_CLIENT_API_FIXED_ORGANIZER": "@Ontonadmin",
deploy	Send Telegram Message - Deployment Failure	  "STAGING_CLIENT_API_FIXED_USER": "@Ontonadmin",
deploy	Send Telegram Message - Deployment Failure	  "STAGING_CLIENT_WEB_DOMAIN": "staging-client-web.toncloud.observer",
deploy	Send Telegram Message - Deployment Failure	  "STAGING_COMPOSE_PROJECT_NAME": "staging-***",
deploy	Send Telegram Message - Deployment Failure	  "STAGING_ENV": "staging",
deploy	Send Telegram Message - Deployment Failure	  "STAGING_EVENT_WALLET_ENC_KEY": "Ci5M6/B4Wke4qX6tXViVeW0xM0iH0yh/qvD3Y1xu2v8",
deploy	Send Telegram Message - Deployment Failure	  "STAGING_GITHUB_CLIENT_ID": "Ov23liQFN1rMeZicYHnL",
deploy	Send Telegram Message - Deployment Failure	  "STAGING_GITHUB_REPO": "***bot",
deploy	Send Telegram Message - Deployment Failure	  "STAGING_GOLANG_SERVER_PORT": "4013",
deploy	Send Telegram Message - Deployment Failure	  "STAGING_GOOGLE_CLIENT_ID": "174044865725-8urfv981fca74aj3bq2kqik7fbe2rggg.apps.googleusercontent.com",
deploy	Send Telegram Message - Deployment Failure	  "STAGING_IP_CADDY": "caddy",
deploy	Send Telegram Message - Deployment Failure	  "STAGING_IP_CLAMAV": "host.docker.internal",
deploy	Send Telegram Message - Deployment Failure	  "STAGING_IP_CLIENT_WEB": "client-web",
deploy	Send Telegram Message - Deployment Failure	  "STAGING_IP_GIVEAWAY_CHECKER": "giveaway-checker",
deploy	Send Telegram Message - Deployment Failure	  "STAGING_IP_GOLANG_SERVER": "golang-server",
deploy	Send Telegram Message - Deployment Failure	  "STAGING_IP_GOLANG_WORKER": "golang-worker",
deploy	Send Telegram Message - Deployment Failure	  "STAGING_IP_KIBANA": "kibana",
deploy	Send Telegram Message - Deployment Failure	  "STAGING_IP_METABASE": "metabase",
deploy	Send Telegram Message - Deployment Failure	  "STAGING_IP_MINIO": "minio",
deploy	Send Telegram Message - Deployment Failure	  "STAGING_IP_MINI_APP": "mini-app",
deploy	Send Telegram Message - Deployment Failure	  "STAGING_IP_MINI_APP_CRON": "mini-app-sbt-worker",
deploy	Send Telegram Message - Deployment Failure	  "STAGING_IP_NFT_MANAGER": "nft-manager",
deploy	Send Telegram Message - Deployment Failure	  "STAGING_IP_PARTICIPANT_TMA": "participant-tma",
deploy	Send Telegram Message - Deployment Failure	  "STAGING_IP_PGADMIN": "pgadmin",
deploy	Send Telegram Message - Deployment Failure	  "STAGING_IP_POA_WORKER": "mini-app-poa-worker",
deploy	Send Telegram Message - Deployment Failure	  "STAGING_IP_POSTGRES": "postgres",
deploy	Send Telegram Message - Deployment Failure	  "STAGING_IP_RABBITMQ": "rabbitmq",
deploy	Send Telegram Message - Deployment Failure	  "STAGING_IP_RANGE_BASE": "host.docker.internal",
deploy	Send Telegram Message - Deployment Failure	  "STAGING_IP_RANGE_START": "172.11",
deploy	Send Telegram Message - Deployment Failure	  "STAGING_IP_RANGE_SUBNET": "24",
deploy	Send Telegram Message - Deployment Failure	  "STAGING_IP_REDIS": "redis",
deploy	Send Telegram Message - Deployment Failure	  "STAGING_IP_SOCKET": "IP_SOCKET=mini-app-notification-socket",
deploy	Send Telegram Message - Deployment Failure	  "STAGING_IP_SWAGGER_UI": "swagger-ui",
deploy	Send Telegram Message - Deployment Failure	  "STAGING_IP_TELEGRAM_BOT": "telegram-bot",
deploy	Send Telegram Message - Deployment Failure	  "STAGING_IP_WEBSITE": "website",
deploy	Send Telegram Message - Deployment Failure	  "STAGING_JWT_SECRET_SOCKET": "JFDmdjeu__@HF_KKSEEWR_ERWER_FGDFG_ET%DG%34534aasd%_Rhueflihfsdlnf",
deploy	Send Telegram Message - Deployment Failure	  "STAGING_KIBANA_HASHED_PASSWORD": "$2a$14$6P83mnKs9BxP2qZDaMU.2OzBHY3SG0nnaVXJ8nKluEWEWD5RMmN/W",
deploy	Send Telegram Message - Deployment Failure	  "STAGING_KIBANA_PORT": "4023",
deploy	Send Telegram Message - Deployment Failure	  "STAGING_KIBANA_USERNAME": "monitor",
deploy	Send Telegram Message - Deployment Failure	  "STAGING_LINKEDIN_CLIENT_ID": "77osbnm9chxr4c",
deploy	Send Telegram Message - Deployment Failure	  "STAGING_LOCAL_DOMAIN": "staging-app.toncloud.observer",
deploy	Send Telegram Message - Deployment Failure	  "STAGING_MB_REDIRECT_ALL_REQUESTS_TO_HTTPS": "true",
deploy	Send Telegram Message - Deployment Failure	  "STAGING_METABASE_DOMAIN": "staging-metabase.toncloud.observer",
deploy	Send Telegram Message - Deployment Failure	  "STAGING_MINIO_COLLECTION_BUCKET": "***collection",
deploy	Send Telegram Message - Deployment Failure	  "STAGING_MINIO_DASHBOARD_PORT": "4014",
deploy	Send Telegram Message - Deployment Failure	  "STAGING_MINIO_DOC_BUCKET": "***doc",
deploy	Send Telegram Message - Deployment Failure	  "STAGING_MINIO_DOC_DEFAULT_BUCKET": "***",
deploy	Send Telegram Message - Deployment Failure	  "STAGING_MINIO_ENDPOINT": "minio",
deploy	Send Telegram Message - Deployment Failure	  "STAGING_MINIO_IMAGE_BUCKET": "***image",
deploy	Send Telegram Message - Deployment Failure	  "STAGING_MINIO_ITEM_BUCKET": "***item",
deploy	Send Telegram Message - Deployment Failure	  "STAGING_MINIO_PORT": "4012",
deploy	Send Telegram Message - Deployment Failure	  "STAGING_MINIO_PUBLIC_URL": "https://staging-storage.toncloud.observer",
deploy	Send Telegram Message - Deployment Failure	  "STAGING_MINIO_REGION_NAME": "default",
deploy	Send Telegram Message - Deployment Failure	  "STAGING_MINIO_SBT_COLLECTIONS_BUCKET": "sbt-collections",
deploy	Send Telegram Message - Deployment Failure	  "STAGING_MINIO_STORAGE_ADMIN_DOMAIN": "staging-storage-admin.toncloud.observer",
deploy	Send Telegram Message - Deployment Failure	  "STAGING_MINIO_STORAGE_DOMAIN": "staging-storage.toncloud.observer",
deploy	Send Telegram Message - Deployment Failure	  "STAGING_MINIO_VIDEO_BUCKET": "***video",
deploy	Send Telegram Message - Deployment Failure	  "STAGING_MINI_APP_DOMAIN": "staging-app.toncloud.observer",
deploy	Send Telegram Message - Deployment Failure	  "STAGING_MINI_APP_PORT": "4000",
deploy	Send Telegram Message - Deployment Failure	  "STAGING_MINI_APP_SOCKET_DOMAIN": "staging-socket.toncloud.observer",
deploy	Send Telegram Message - Deployment Failure	  "STAGING_MONITORING_DOMAIN": "staging-monitoring.toncloud.observer",
deploy	Send Telegram Message - Deployment Failure	  "STAGING_MS_CLIENT_ID": "916e0c9f-17bc-45c2-9cbc-025c48a0d449",
deploy	Send Telegram Message - Deployment Failure	  "STAGING_NETWORK_NAME": "***-staging",
deploy	Send Telegram Message - Deployment Failure	  "STAGING_NETWORK_PUBLIC_IP": "***",
deploy	Send Telegram Message - Deployment Failure	  "STAGING_NEXT_PUBLIC_API_BASE_URL": "https://staging-app.toncloud.observer/api/v1",
deploy	Send Telegram Message - Deployment Failure	  "STAGING_NEXT_PUBLIC_APP_BASE_URL": "https://staging-app.toncloud.observer",
deploy	Send Telegram Message - Deployment Failure	  "STAGING_NEXT_PUBLIC_BACKEND_URL_CLIENT": "https://staging-app.toncloud.observer/api/client/v1/",
deploy	Send Telegram Message - Deployment Failure	  "STAGING_NEXT_PUBLIC_BOT_USERNAME": "notnonstagebot",
deploy	Send Telegram Message - Deployment Failure	  "STAGING_NEXT_PUBLIC_ENV": "staging",
deploy	Send Telegram Message - Deployment Failure	  "STAGING_NEXT_PUBLIC_GTM": "GTM-staging",
deploy	Send Telegram Message - Deployment Failure	  "STAGING_NEXT_PUBLIC_SOCKET_URL": "staging-socket.toncloud.observer",
deploy	Send Telegram Message - Deployment Failure	  "STAGING_NEXT_PUBLIC_TRPC_BASE_URL": "https://staging-app.toncloud.observer",
deploy	Send Telegram Message - Deployment Failure	  "STAGING_NFT_INTERVAL_TIME": "60000",
deploy	Send Telegram Message - Deployment Failure	  "STAGING_NFT_MANAGER_PORT": "4004",
deploy	Send Telegram Message - Deployment Failure	  "STAGING_NODE_ENV": "production",
deploy	Send Telegram Message - Deployment Failure	  "STAGING_NODE_TLS_REJECT_UNAUTHORIZED": "0",
deploy	Send Telegram Message - Deployment Failure	  "STAGING_ONTON_DOMAIN": "staging.toncloud.observer",
deploy	Send Telegram Message - Deployment Failure	  "STAGING_PARTICIPANT_TMA_PORT": "4001",
deploy	Send Telegram Message - Deployment Failure	  "STAGING_PGADMIN_DOMAIN": "staging-pgadmin.toncloud.observer",
deploy	Send Telegram Message - Deployment Failure	  "STAGING_PORT_CLIENT_WEB": "4007",
deploy	Send Telegram Message - Deployment Failure	  "STAGING_PORT_METABASE": "4009",
deploy	Send Telegram Message - Deployment Failure	  "STAGING_PORT_PGADMIN": "4006",
deploy	Send Telegram Message - Deployment Failure	  "STAGING_PORT_WEB_SITE": "4005",
deploy	Send Telegram Message - Deployment Failure	  "STAGING_POSTGRES_METABASE_DB": "staging-mini-app",
deploy	Send Telegram Message - Deployment Failure	  "STAGING_POSTGRES_MINI_APP_DB": "staging-mini-app",
deploy	Send Telegram Message - Deployment Failure	  "STAGING_POSTGRES_NFT_MANAGER_DB": "staging-nft-manager",
deploy	Send Telegram Message - Deployment Failure	  "STAGING_POSTGRES_PORT": "4008",
deploy	Send Telegram Message - Deployment Failure	  "STAGING_PTMA_API_BASE_URL": "https://staging-app.toncloud.observer/api/v1",
deploy	Send Telegram Message - Deployment Failure	  "STAGING_RABBITMQ_DOMAIN": "staging-rabbitmq.toncloud.observer",
deploy	Send Telegram Message - Deployment Failure	  "STAGING_RABBITMQ_MANAGEMENT_PORT": "4015",
deploy	Send Telegram Message - Deployment Failure	  "STAGING_RABBITMQ_NODE_PORT": "4016",
deploy	Send Telegram Message - Deployment Failure	  "STAGING_REDIS_DATABASES": "1",
deploy	Send Telegram Message - Deployment Failure	  "STAGING_REDIS_PORT": "4011",
deploy	Send Telegram Message - Deployment Failure	  "STAGING_REGISTRY_URL": "registry.toncloud.observer",
deploy	Send Telegram Message - Deployment Failure	  "STAGING_SOCKET_PORT": "40***",
deploy	Send Telegram Message - Deployment Failure	  "STAGING_STAGE_NAME": "staging-***",
deploy	Send Telegram Message - Deployment Failure	  "STAGING_SWAGGER_UI_DOMAIN": "staging-swagger-ui.toncloud.observer",
deploy	Send Telegram Message - Deployment Failure	  "STAGING_SWAGGER_UI_PORT": "4024",
deploy	Send Telegram Message - Deployment Failure	  "STAGING_SYS_CADDY_REPLICAS": "1",
deploy	Send Telegram Message - Deployment Failure	  "STAGING_SYS_MINI_APP_REPLICAS": "2",
deploy	Send Telegram Message - Deployment Failure	  "STAGING_SYS_PARTICIPANT_TMA_REPLICAS": "2",
deploy	Send Telegram Message - Deployment Failure	  "STAGING_SYS_WEB_SITE_REPLICAS": "1",
deploy	Send Telegram Message - Deployment Failure	  "STAGING_TELEGRAM_BOT_PORT": "4002",
deploy	Send Telegram Message - Deployment Failure	  "STAGING_TG_EVENTS_TOPIC": "2",
deploy	Send Telegram Message - Deployment Failure	  "STAGING_TG_LOGS_GROUP_ID": "-100***64975789",
deploy	Send Telegram Message - Deployment Failure	  "STAGING_TG_LOG_BOT_TOKEN": "7604730825:AAE1WJHs5lFI2zX_tba6M-1HYfffA8ugFmA",
deploy	Send Telegram Message - Deployment Failure	  "STAGING_TG_NOTIFICATION_CHANELL": "-1002164161685",
deploy	Send Telegram Message - Deployment Failure	  "STAGING_TG_SYSTEM_TOPIC": "16",
deploy	Send Telegram Message - Deployment Failure	  "STAGING_TG_TICKETS_TOPIC": "4",
deploy	Send Telegram Message - Deployment Failure	  "STAGING_TON_CENTER_ENDPOINT": "https://toncenter.com/api/v2/jsonRPC",
deploy	Send Telegram Message - Deployment Failure	  "STAGING_TON_SOCIETY_BASE_URL": "https://id.ton.org/v1",
deploy	Send Telegram Message - Deployment Failure	  "STAGING_TWITTER_CLIENT_ID": "SU1RUS0xaHNsRk5kd014UlZieDQ6MTpjaQ",
deploy	Send Telegram Message - Deployment Failure	  "STAGING_USE_CLOUDFLARE": "true",
deploy	Send Telegram Message - Deployment Failure	  "STAGING_USE_MAIN_IP_TO_EXPOSE": "true",
deploy	Send Telegram Message - Deployment Failure	  "TELEGRAM_BOT_TOKEN_FOR_DEPLOYMENT": "7604730825:AAHhtwa4bGhELsBn2VqUxIIFXVJkRJfKuDs",
deploy	Send Telegram Message - Deployment Failure	  "TELEGRAM_CHAT_ID_FOR_DEPLOYMENT": "***"
deploy	Send Telegram Message - Deployment Failure	}
deploy	Send Telegram Message - Deployment Failure	2026-02-09T12:11:41.5667059Z   SSH_AUTH_SOCK: /tmp/ssh-IlznzUjWu38A/agent.2102
deploy	Send Telegram Message - Deployment Failure	2026-02-09T12:11:41.5667620Z   SSH_AGENT_PID: 2103
deploy	Send Telegram Message - Deployment Failure	2026-02-09T12:11:41.5668105Z   SSH_IP: ***
deploy	Send Telegram Message - Deployment Failure	2026-02-09T12:11:41.5668544Z   SSH_PORT: ***
deploy	Send Telegram Message - Deployment Failure	2026-02-09T12:11:41.5669049Z   COMPOSE_FILE: docker-compose-server-dev.yml
deploy	Send Telegram Message - Deployment Failure	2026-02-09T12:11:41.5669716Z   TELEGRAM_BOT_TOKEN: 7604730825:AAHhtwa4bGhELsBn2VqUxIIFXVJkRJfKuDs
deploy	Send Telegram Message - Deployment Failure	2026-02-09T12:11:41.5670373Z   TELEGRAM_CHAT_ID: ***
deploy	Send Telegram Message - Deployment Failure	2026-02-09T12:11:41.5670840Z ##[endgroup]
deploy	Send Telegram Message - Deployment Failure	2026-02-09T12:11:41.9800442Z {"ok":true,"result":{"message_id":***9,"sender_chat":{"id":***,"title":"ONTON LOGs","type":"channel"},"chat":{"id":***,"title":"ONTON LOGs","type":"channel"},"date":1770639101,"text":"Hi there! \n  \ud83d\udd04 Deployment Finished for ExecutESG/***\n\n  \ud83e\uddd1 \u200d\ud83d\udcbbActor: bemehrbani\n\n  \ud83d\udcdd branch: refs/heads/dev\n\n  \u274c \u274c deployment failed \u274c \u274c"}}
deploy	Post Checkout Code	﻿2026-02-09T12:11:41.9902101Z Post job cleanup.
deploy	Post Checkout Code	2026-02-09T12:11:42.0849678Z [command]/usr/bin/git version
deploy	Post Checkout Code	2026-02-09T12:11:42.0886294Z git version 2.52.0
deploy	Post Checkout Code	2026-02-09T12:11:42.0928381Z Temporarily overriding HOME='/home/runner/work/_temp/932442b0-b89a-439e-9870-24dedac069cf' before making global git config changes
deploy	Post Checkout Code	2026-02-09T12:11:42.0929698Z Adding repository directory to the temporary git global config as a safe directory
deploy	Post Checkout Code	2026-02-09T12:11:42.0942071Z [command]/usr/bin/git config --global --add safe.directory /home/runner/work/***/***
deploy	Post Checkout Code	2026-02-09T12:11:42.0979933Z [command]/usr/bin/git config --local --name-only --get-regexp core\.sshCommand
deploy	Post Checkout Code	2026-02-09T12:11:42.1016096Z [command]/usr/bin/git submodule foreach --recursive sh -c "git config --local --name-only --get-regexp 'core\.sshCommand' && git config --local --unset-all 'core.sshCommand' || :"
deploy	Post Checkout Code	2026-02-09T12:11:42.1296116Z [command]/usr/bin/git config --local --name-only --get-regexp http\.https\:\/\/github\.com\/\.extraheader
deploy	Post Checkout Code	2026-02-09T12:11:42.1304409Z http.https://github.com/.extraheader
deploy	Post Checkout Code	2026-02-09T12:11:42.1319096Z [command]/usr/bin/git config --local --unset-all http.https://github.com/.extraheader
deploy	Post Checkout Code	2026-02-09T12:11:42.1355831Z [command]/usr/bin/git submodule foreach --recursive sh -c "git config --local --name-only --get-regexp 'http\.https\:\/\/github\.com\/\.extraheader' && git config --local --unset-all 'http.https://github.com/.extraheader' || :"
deploy	Post Checkout Code	2026-02-09T12:11:42.1609697Z [command]/usr/bin/git config --local --name-only --get-regexp ^includeIf\.gitdir:
deploy	Post Checkout Code	2026-02-09T12:11:42.1658697Z [command]/usr/bin/git submodule foreach --recursive git config --local --show-origin --name-only --get-regexp remote.origin.url
deploy	Post Start SSH Agent and Add Key	﻿2026-02-09T12:11:42.2068181Z Post job cleanup.
deploy	Post Start SSH Agent and Add Key	2026-02-09T12:11:42.2486272Z Stopping SSH agent
deploy	Post Start SSH Agent and Add Key	2026-02-09T12:11:42.2497845Z The "file" argument must be of type string. Received undefined
deploy	Post Start SSH Agent and Add Key	2026-02-09T12:11:42.2498922Z Error stopping the SSH agent, proceeding anyway
deploy	Complete job	﻿2026-02-09T12:11:42.2584674Z Cleaning up orphan processes
